ProductKey,StockCode,Description
1,85048,15CM CHRISTMAS GLASS BALL 20 LIGHTS
2,79323P,PINK CHERRY LIGHTS
3,79323W, WHITE CHERRY LIGHTS
4,22041,"RECORD FRAME 7"" SINGLE SIZE "
5,21232,STRAWBERRY CERAMIC TRINKET BOX
6,22064,PINK DOUGHNUT TRINKET POT 
7,21871,SAVE THE PLANET MUG
8,21523,FANCY FONT HOME SWEET HOME DOORMAT
9,22350,CAT BOWL 
10,22349,"DOG BOWL , CHASING BALL DESIGN"
11,22195,HEART MEASURING SPOONS LARGE
12,22353,LUNCHBOX WITH CUTLERY FAIRY CAKES 
13,48173C,DOOR MAT BLACK FLOCK 
14,21755,LOVE BUILDING BLOCK WORD
15,21754,HOME BUILDING BLOCK WORD
16,84879,ASSORTED COLOUR BIRD ORNAMENT
17,22119, PEACE WOODEN BLOCK LETTERS
18,22142,CHRISTMAS CRAFT WHITE FAIRY 
19,22296,HEART IVORY TRELLIS LARGE
20,22295,HEART FILIGREE DOVE LARGE
21,22109,FULL ENGLISH BREAKFAST PLATE
22,22107,PIZZA PLATE IN BOX
23,22194,BLACK DINER WALL CLOCK
24,35004B,SET OF 3 BLACK FLYING DUCKS
25,82582,AREA PATROLLED METAL SIGN
26,21181,PLEASE ONE PERSON  METAL SIGN
27,21756,BATH BUILDING BLOCK WORD
28,21333,CLASSIC WHITE FRAME
29,84596F,SMALL MARSHMALLOWS PINK BOWL
30,84596L,BISCUITS SMALL BOWL LIGHT BLUE
31,22111,SCOTTIE DOG HOT WATER BOTTLE
32,22143,CHRISTMAS CRAFT HEART DECORATIONS
33,22145,CHRISTMAS CRAFT HEART STOCKING 
34,22130,PARTY CONE CHRISTMAS DECORATION 
35,21364,PEACE SMALL WOOD LETTERS
36,21360,JOY LARGE WOOD LETTERS
37,21351,CINAMMON & ORANGE WREATH
38,21352,EUCALYPTUS & PINECONE  WREATH
39,35400,WOODEN BOX ADVENT CALENDAR 
40,20695,FLORAL BLUE MONSTER
41,37370,RETRO COFFEE MUGS ASSORTED
42,10002,INFLATABLE POLITICAL GLOBE 
43,84507B,STRIPES DESIGN MONKEY DOLL
44,20703,BLUE PADDED SOFT MOBILE
45,21987,PACK OF 6 SKULL PAPER CUPS
46,21989,PACK OF 20 SKULL PAPER NAPKINS
47,84970S,HANGING HEART ZINC T-LIGHT HOLDER
48,20971,PINK BLUE FELT CRAFT TRINKET BOX
49,22271,FELTCRAFT DOLL ROSIE
50,22272,FELTCRAFT DOLL MARIA
51,22274,FELTCRAFT DOLL EMILY
52,21912,VINTAGE SNAKES & LADDERS
53,22112,CHOCOLATE HOT WATER BOTTLE
54,21329,DINOSAURS  WRITING SET 
55,21252,SET OF MEADOW  FLOWER STICKERS
56,21100,CHARLIE AND LOLA CHARLOTTE BAG
57,21033,JUMBO BAG CHARLIE AND LOLA TOYS
58,20711,JUMBO BAG TOYS 
59,21410,COUNTRY COTTAGE  DOORSTOP GREEN
60,21411,GINGHAM HEART  DOORSTOP RED
61,84031A,CHARLIE+LOLA RED HOT WATER BOTTLE 
62,84031B,CHARLIE LOLA BLUE HOT WATER BOTTLE 
63,84032A,CHARLIE+LOLA PINK HOT WATER BOTTLE
64,84032B,CHARLIE + LOLA RED HOT WATER BOTTLE
65,84519A,TOMATO CHARLIE+LOLA COASTER SET
66,84519B,CARROT CHARLIE+LOLA COASTER SET
67,85132A,CHARLIE + LOLA BISCUITS TINS
68,85132C,CHARLIE AND LOLA FIGURES TINS
69,85183A,CHARLIE & LOLA WASTEPAPER BIN BLUE
70,85183B,CHARLIE & LOLA WASTEPAPER BIN FLORA
71,22065,CHRISTMAS PUDDING TRINKET POT 
72,22138,BAKING SET 9 PIECE RETROSPOT 
73,22139,RETRO SPOT TEA SET CERAMIC 11 PC 
74,22352,LUNCHBOX WITH CUTLERY RETROSPOT 
75,85014A,BLACK/BLUE DOTS RUFFLED UMBRELLA
76,85014B,RED/WHITE DOTS RUFFLED UMBRELLA
77,16161P,WRAP ENGLISH ROSE 
78,16169N,WRAP BLUE RUSSIAN FOLKART
79,21491,SET OF THREE VINTAGE GIFT WRAPS
80,22333,RETRO SPORT PARTY BAG + STICKER SET
81,85216,ASSORTED CAKES FRIDGE MAGNETS
82,21493, VINTAGE DESIGN GIFT TAGS
83,21731,RED TOADSTOOL LED NIGHT LIGHT
84,85232B,SET/3 RUSSIAN DOLL STACKING TINS
85,84691,PACK 20 DOLLY PEGS
86,20749,ASSORTED COLOUR MINI CASES
87,22321,BIRD DECORATION RED SPOT
88,84029E,RED WOOLLY HOTTIE WHITE HEART.
89,21955,UNION JACK GUNS & ROSES  DOORMAT
90,84899E,YELLOW + BROWN BEAR FELT PURSE KIT
91,85123A,WHITE HANGING HEART T-LIGHT HOLDER
92,21582,KINGS CHOICE SMALL TUBE MATCHES
93,21586,KINGS CHOICE GIANT TUBE MATCHES
94,21590,KINGS CHOICE CIGAR BOX MATCHES 
95,22091,EMPIRE TISSUE BOX
96,84251J,"GREETING CARD, THE BLACK CAT"
97,22024,RAINY LADIES BIRTHDAY CARD
98,22026,BANQUET BIRTHDAY  CARD  
99,22029,SPACE BOY BIRTHDAY CARD
100,22025,RING OF ROSES BIRTHDAY CARD
101,22031,BOTANICAL LAVENDER BIRTHDAY CARD
102,21428,SET3 BOOK BOX GREEN GINGHAM FLOWER 
103,21430,SET/3 RED GINGHAM ROSE STORAGE BOX
104,21916,SET 12 RETRO WHITE CHALK STICKS
105,21790,VINTAGE SNAP CARDS
106,21888,BINGO SET
107,85178,VICTORIAN SEWING KIT
108,20754,RETRO RED SPOTTY WASHING UP GLOVES
109,21035,SET/2 RED SPOTTY TEA TOWELS 
110,82001S,VINYL RECORD FRAME SILVER
111,82580,BATHROOM METAL SIGN
112,85150,LADIES & GENTLEMEN METAL SIGN
113,21041,RED SPOTTY OVEN GLOVE DOUBLE
114,35916C,PINK FELT HANGING HEART W FLOWER
115,35916B,BLUE FELT HANGING HEART W FLOWER
116,22180,RETRO SPOT LAMP
117,22128,PARTY CONES CANDY ASSORTED
118,22163,HEART STRING MEMO HOLDER HANGING
119,35951,FOLKART BAUBLE CHRISTMAS DECORATION
120,22253,6 CROCHET STRAWBERRIES
121,84988,SET OF 72 PINK HEART PAPER DOILIES
122,22219,LOVEBIRD HANGING DECORATION WHITE 
123,18097C,WHITE TALL PORCELAIN T-LIGHT HOLDER
124,21299,EDWARDIAN TOILET ROLL UNIT 
125,21099,SET/6 STRAWBERRY PAPER CUPS
126,21085,SET/6 WOODLAND PAPER CUPS
127,21929,JUMBO BAG PINK VINTAGE PAISLEY
128,22241,"GARLAND , WOODEN  "" HAPPY EASTER"""
129,21091,SET/6 WOODLAND PAPER PLATES
130,21733,RED HANGING HEART T-LIGHT HOLDER
131,22178,VICTORIAN GLASS HANGING T-LIGHT
132,22125,UNION JACK HOT WATER BOTTLE 
133,21671,RED SPOT CERAMIC DRAWER KNOB
134,22086,PAPER CHAIN KIT 50'S CHRISTMAS 
135,22294,HEART FILIGREE DOVE  SMALL
136,22199,FRYING PAN RED POLKADOT 
137,22083,PAPER CHAIN KIT RETRO SPOT
138,22114,HOT WATER BOTTLE TEA AND SYMPATHY
139,21485,RED SPOT HEART HOT WATER BOTTLE
140,21928,JUMBO BAG SCANDINAVIAN PAISLEY
141,85099B,JUMBO BAG RED WHITE SPOTTY 
142,22356,"CHARLOTTE BAG , PINK/WHITE SPOTS"
143,20724,RED SPOTTY CHARLOTTE BAG
144,21592,RETRO SPOT  CIGAR BOX MATCHES 
145,20725,LUNCH BAG RED SPOTTY
146,20728,LUNCH BAG CARS BLUE
147,20726,LUNCH BAG WOODLAND
148,21217,RED SPOTTY ROUND CAKE TINS
149,85066,CREAM SWEETHEART MINI CHEST
150,20827,GOLD APERITIF GLASS
151,20825,GOLD WINE GLASS
152,20823,GOLD WINE GOBLET
153,20826,SILVER APERITIF GLASS
154,22087,PAPER BUNTING WHITE LACE
155,85206A,CREAM FELT EASTER EGG BASKET
156,21895,POTTING SHED SOW 'N' GROW SET
157,21896,POTTING SHED TWINE
158,84946,ANTIQUE SILVER TEA GLASS ETCHED
159,22090,PAPER BUNTING RETRO SPOTS
160,90200A,PURPLE SWEETHEART BRACELET
161,90200D,PINK SWEETHEART BRACELET
162,90200B,BLACK SWEETHEART BRACELET
163,90200E,GREEN SWEETHEART BRACELET
164,90200C,BLUE SWEETHEART BRACELET
165,90185C,BLACK DIAMANTE EXPANDABLE RING
166,90185B,AMETHYST DIAMANTE EXPANDABLE RING
167,90003C,MIDNIGHT BLUE PAIR HEART HAIR SLIDE
168,90003D,CRYSTAL PAIR HEART HAIR SLIDES
169,90003B,ROSE COLOUR PAIR HEART HAIR SLIDES
170,90209C,PINK ENAMEL+GLASS HAIR COMB
171,90209A,PURPLE ENAMEL+GLASS HAIR COMB
172,90082D,DIAMANTE BOW BROOCH BLACK COLOUR
173,21977,PACK OF 60 PINK PAISLEY CAKE CASES
174,84991,60 TEATIME FAIRY CAKE CASES
175,22273,FELTCRAFT DOLL MOLLY
176,22179,SET 10 LIGHTS NIGHT OWL
177,22320,BIRDS MOBILE VINTAGE DESIGN
178,22232,3 PIECE JIGSAW TOADSTOOLS
179,84598,BOYS ALPHABET IRON ON PATCHES
180,79323S, SILVER CHERRY LIGHTS
181,84568,GIRLS ALPHABET IRON ON PATCHES 
182,21668,RED STRIPE CERAMIC DRAWER KNOB
183,21669,BLUE STRIPE CERAMIC DRAWER KNOB
184,21670,BLUE SPOT CERAMIC DRAWER KNOB
185,21672,WHITE SPOT RED CERAMIC DRAWER KNOB
186,21673,WHITE SPOT BLUE CERAMIC DRAWER KNOB
187,85071A,BLUE CHARLIE+LOLA PERSONAL DOORSIGN
188,85071B,RED CHARLIE+LOLA PERSONAL DOORSIGN
189,21161,KEEP OUT BOYS DOOR HANGER 
190,21162,TOXIC AREA  DOOR HANGER 
191,21248,DOOR HANGER  MUM + DADS ROOM
192,21159,MOODY BOY  DOOR HANGER 
193,82494L,WOODEN FRAME ANTIQUE WHITE 
194,82486,WOOD S/3 CABINET ANT WHITE FINISH
195,82483,WOOD 2 DRAWER CABINET WHITE FINISH
196,21212,PACK OF 72 RETRO SPOT CAKE CASES
197,72756,FAIRY CAKE CANDLES
198,22063,CERAMIC BOWL WITH STRAWBERRY DESIGN
199,37450,CERAMIC CAKE BOWL + HANGING CAKES
200,21707,"FOLDING UMBRELLA , BLACK/BLUE  SPOT"
201,21710,FOLDING UMBRELLA  PINK/WHITE  SPOT
202,21708,FOLDING UMBRELLA  CREAM/MULTI  SPOT
203,21706,"FOLDING UMBRELLA , RED/WHITE SPOT"
204,21711,FOLDING UMBRELLA  WHITE/RED  SPOT
205,20747,PICCADILLY TEA SET
206,20752,RETRO BLUE SPOTTY WASHING UP GLOVES
207,20753,RETRO PINK SPOT WASHING UP GLOVES
208,20751,FUNKY WASHING UP GLOVES ASSORTED
209,48185,DOOR MAT FAIRY CAKE
210,21481,FAWN BLUE HOT WATER BOTTLE
211,85042,ANTIQUE LILY FAIRY LIGHTS
212,72760B,VINTAGE CREAM 3 BASKET CAKE STAND
213,22149,FELTCRAFT 6 FLOWER FRIENDS
214,21482,MUSHROOM BLUE HOT WATER BOTTLE
215,21484,CHICK GREY HOT WATER BOTTLE
216,20967,GREY FLORAL FELTCRAFT SHOULDER BAG
217,20970,PINK FLORAL FELTCRAFT SHOULDER BAG
218,84582,PINK CROCHET CAT WITH SCARF
219,20972,PINK CREAM FELT CRAFT TRINKET BOX 
220,84327A,PINK JUMPER LARRY THE LAMB
221,21490,SET OF THREE 50'S GIFT WRAPS 
222,21063,PARTY INVITES JAZZ HEARTS
223,21058,PARTY INVITES WOODLAND
224,84997D,PINK 3 PIECE MINI DOTS CUTLERY SET
225,84997C,BLUE 3 PIECE MINI DOTS CUTLERY SET
226,22301,COFFEE MUG CAT + BIRD DESIGN
227,22300,COFFEE MUG DOG + BALL DESIGN
228,21231,SWEETHEART CERAMIC TRINKET BOX
229,20870,OPULENT VELVET CANDLE IN BOX
230,90121B,VINTAGE ROSE BEAD BRACELET BLUE
231,90175A,WHITE GLASS CHUNKY CHARM BRACELET
232,90195B,BLACK GEMSTONE BRACELET
233,90062,CARNIVAL BRACELET
234,21930,JUMBO STORAGE BAG SKULLS
235,21540,DAIRY MAID CERAMIC BUTTER DISH
236,21533,RETRO SPOT LARGE MILK JUG
237,85083,KISS REINDEER SCANDINAVIAN STOCKING
238,21472,LADYBIRD + BEE RAFFIA FOOD COVER
239,47566B,TEA TIME PARTY BUNTING
240,22275,WEEKEND BAG VINTAGE ROSE PAISLEY
241,21479,WHITE SKULL HOT WATER BOTTLE 
242,21791,VINTAGE HEADS AND TAILS CARD GAME 
243,71477,COLOUR GLASS. STAR T-LIGHT HOLDER
244,37449,CERAMIC CAKE STAND + HANGING CAKES
245,37446,MINI CAKE STAND WITH HANGING CAKES
246,21258,VICTORIAN SEWING BOX LARGE
247,20892,SET/3 TALL GLASS CANDLE HOLDER PINK
248,47591D,PINK FAIRY CAKE CHILD'S APRON
249,21867,PINK UNION JACK  LUGGAGE TAG
250,82551,LAUNDRY 15C METAL SIGN
251,82567,"AIRLINE LOUNGE,METAL SIGN"
252,82613D,METAL SIGN CUPCAKE SINGLE HOOK
253,21179,NO JUNK MAIL METAL SIGN
254,21865,PINK UNION JACK  PASSPORT COVER 
255,72783,BLACK SIL'T SQU CANDLE PLATE 
256,20719,WOODLAND CHARLOTTE BAG
257,21869,POTTING SHED COFFEE MUG
258,21876,POTTERING MUG
259,84849B,FAIRY SOAP SOAP HOLDER
260,21864,UNION JACK FLAG PASSPORT COVER 
261,21470,FLOWER VINE RAFFIA FOOD COVER
262,20897,VINTAGE NOTEBOOK PARIS DAYS
263,44230,SQUARE MIRROR CURTAIN
264,37485,ENGLISH ROSE TEA SET IN GIFT BOX
265,84997A,GREEN 3 PIECE MINI DOTS CUTLERY SET
266,21245,GREEN  SPOTTY PLATE 
267,21241,GREEN SPOTTY CUP
268,21705,BAG 500g SWIRLY MARBLES
269,21913,VINTAGE SEASIDE JIGSAW PUZZLES
270,16207A,PINK STRAWBERRY HANDBAG 
271,21821,GLITTER STAR GARLAND WITH BELLS 
272,22319,HAIRCLIPS FORTIES FABRIC ASSORTED
273,21584,RETRO SPOT SMALL TUBE MATCHES
274,21931,JUMBO STORAGE BAG SUKI
275,47591A,CAROUSEL DES CHILD'S APRON
276,84997B,RED 3 PIECE MINI DOTS CUTLERY SET
277,22122,SET OF 2 FANCY FONT TEA TOWELS
278,21837,CROSS STITCH ALPHABET CUSHION COVER
279,84951A,S/4 PISTACHIO LOVEBIRD COASTERS
280,22335,HEART DECORATION PAINTED ZINC 
281,85129A,"WHITE PEARL BEADED HEART, SMALL"
282,84791,GINGHAM HEART DECORATION
283,21244,BLUE  SPOTTY PLATE 
284,20675,BLUE SPOTTY BOWL
285,82616B,FRAPPUCINO SCARF KNITTING KIT
286,22276,WASH BAG VINTAGE ROSE PAISLEY
287,84912B,GREEN ROSE WASHBAG
288,85014C,BLUE/BROWN DOTS RUFFLED UMBRELLA
289,85014D,PINK/BROWN DOTS RUFFLED UMBRELLA
290,21326,AGED GLASS SILVER T-LIGHT HOLDER
291,84949,SILVER HANGING T-LIGHT HOLDER
292,21908,CHOCOLATE THIS WAY METAL SIGN
293,21371,MIRRORED WALL ART POPPIES
294,85152,HAND OVER THE CHOCOLATE   SIGN 
295,21133,PAINTED BIRD ASSORTED CHRISTMAS
296,20984,12 PENCILS TALL TUBE POSY
297,20982,12 PENCILS TALL TUBE SKULLS
298,84971L,LARGE HEART FLOWERS HOOK   
299,90168,2 DAISIES HAIR COMB
300,84884A,ANT WHITE WIRE HEART SPIRAL
301,90013C,GREEN VINTAGE EARRINGS 
302,90023,FILIGREE DIAMANTE EARRINGS
303,90067A,PINK VINTAGE VICTORIAN EARRINGS
304,90067B,BROWN VINTAGE VICTORIAN EARRINGS
305,90145,SILVER HOOP EARRINGS WITH FLOWER
306,90000A,RASPBERRY ANT COPPER FLOWER NECKLAC
307,90024B,NEW BAROQUE B'FLY NECKLACE RED
308,90036D,"FLOWER GLASS GARLAND NECKL.36""BLACK"
309,90134,OLD ROSE COMBO BEAD NECKLACE
310,90131,PINK/AMETHYST/GOLD NECKLACE
311,90199C,5 STRAND GLASS NECKLACE CRYSTAL
312,35751C,PURPLE CURRENT CANDLE RING
313,72739B,WHITE CHOCOLATE SCENT CANDLE
314,22212,FOUR HOOK  WHITE LOVEBIRDS
315,48187,DOOR MAT NEW ENGLAND
316,48195,DOOR MAT GREEN PAISLEY 
317,72741,GRAND CHOCOLATECANDLE
318,85232D,SET/3 DECOUPAGE STACKING TINS
319,20828,GLITTER BUTTERFLY CLIPS
320,22080,RIBBON REEL SPOTS DESIGN 
321,22082,RIBBON REEL STRIPES DESIGN 
322,21784,SHOE SHINE BOX 
323,21172,PARTY METAL SIGN 
324,82600,NO SINGING METAL SIGN
325,22282,12 EGG HOUSE PAINTED WOOD
326,21842,PINK HEART CANDY BUTTON CALCULATOR
327,22089,PAPER BUNTING VINTAGE PAISLEY
328,20734,SILVER MINI TAPE MEASURE 
329,35071,ASSORTED SANTA CHRISTMAS DECORATION
330,22121,NOEL WOODEN BLOCK LETTERS 
331,84836,ZINC METAL HEART DECORATION
332,37492A,YELLOW RED FLOWER PIGGY BANK
333,10133,COLOURING PENCILS BROWN TUBE
334,22113,GREY HEART HOT WATER BOTTLE
335,20782,CAMOUFLAGE EAR MUFF HEADPHONES
336,22190,LOCAL CAFE MUG
337,84029G,KNITTED UNION FLAG HOT WATER BOTTLE
338,21489,BLUE WHITE SCARF HOT WATER BOTTLE
339,20987,GEISHA GIRL CHOPSTICKS SET/5
340,20989,URBAN CHIC CHOPSTICKS SET/5
341,21868,POTTING SHED TEA MUG
342,21875,KINGS CHOICE MUG
343,21826,EIGHT PIECE DINOSAUR SET
344,21827,EIGHT PIECE CREEPY CRAWLIE SET
345,21828,EIGHT PIECE SNAKE  SET
346,16225,RATTLE SNAKE EGGS
347,21829,DINOSAUR KEYRINGS ASSORTED
348,21638,ASSORTED TUTTI FRUTTI NOTEBOOK
349,22218,CAKE STAND LACE WHITE
350,22222,CAKE PLATE LOVEBIRD WHITE
351,22305,COFFEE MUG PINK PAISLEY DESIGN
352,22304,COFFEE MUG BLUE PAISLEY DESIGN
353,22302,COFFEE MUG PEARS  DESIGN
354,22303,COFFEE MUG APPLES DESIGN
355,22127,PARTY CONES CARNIVAL ASSORTED
356,21143,ANTIQUE GLASS HEART DECORATION 
357,21639,ASSORTED TUTTI FRUTTI KEYRING
358,22154,ANGEL DECORATION 3 BUTTONS 
359,22155,STAR DECORATION RUSTIC
360,21889,WOODEN BOX OF DOMINOES
361,85045,GREEN CHRISTMAS TREE STRING 20LIGHT
362,85044,RED REINDEER STRING OF 20 LIGHTS
363,21587,COSY HOUR GIANT TUBE MATCHES
364,21588,RETRO SPOT GIANT  TUBE MATCHES
365,21818,GLITTER CHRISTMAS HEART 
366,21819,GLITTER CHRISTMAS STAR 
367,21817,GLITTER CHRISTMAS TREE
368,48111,DOOR MAT 3 SMILEY CATS
369,20685,RED SPOTTY COIR DOORMAT
370,48194,DOORMAT HEARTS
371,21495,SKULLS WRAP
372,47505,MINATURE COLOURED GARDENING SET
373,10135,COLOURING PENCILS BROWN TUBE
374,37492C,GREEN BLUE FLOWER PIGGY BANK
375,20677,PINK SPOTTY BOWL
376,20676,RED SPOTTY BOWL
377,21086,SET/6 RED SPOTTY PAPER CUPS
378,21948,SET OF 6 CAKE CHOPSTICKS
379,21833,CAMOUFLAGE LED TORCH
380,21832,CHOCOLATE CALCULATOR
381,22315,200 RED + WHITE BENDY STRAWS
382,21870,I CAN ONLY PLEASE ONE PERSON MUG
383,22115,METAL SIGN EMPIRE TEA
384,21166,COOK WITH WINE METAL SIGN 
385,21175,GIN + TONIC DIET METAL SIGN
386,21174,POTTERING IN THE SHED METAL SIGN
387,22197,"POPCORN HOLDER , SMALL "
388,21094,SET/6 RED SPOTTY PAPER PLATES
389,72724,SET/6 CHRISTMAS ICICLE T-LIGHTS
390,22103,MIRROR MOSAIC T-LIGHT HOLDER ROUND
391,37424,WHITE WITH BLACK CATS MUG
392,21136,PAINTED METAL PEARS ASSORTED
393,21238,RED SPOTTY CUP
394,21240,BLUE  SPOTTY CUP
395,21239,PINK  SPOTTY CUP
396,84007,MAGIC GARDEN MOUNT FUJI
397,84012,MAGIC SHEEP WOOL GROWING FROM PAPER
398,22077,6 RIBBONS RUSTIC CHARM
399,85049A,TRADITIONAL CHRISTMAS RIBBONS
400,85049E,SCANDINAVIAN REDS RIBBONS
401,22075,6 RIBBONS ELEGANT CHRISTMAS 
402,22076,6 RIBBONS EMPIRE  
403,79323LP,LIGHT PINK CHERRY LIGHTS
404,79342B,BROWN FLOWER LIGHTS
405,79341,WILLOW BRANCH LIGHTS.
406,85226C,BLUE PULL BACK RACING CAR
407,85227,SET/6 3D KIT CARDS FOR KIDS
408,21976,PACK OF 60 MUSHROOM CAKE CASES
409,21498,RED SPOTS  WRAP 
410,84948,SILVER HANGING T-LIGHT HOLDER DOME
411,21537,RETRO SPOTS PUDDING BOWL
412,20718,RED SPOTTY SHOPPER BAG
413,21173,LOO ROLL  METAL SIGN 
414,85124A,PINK JUICY FRUIT PHOTO FRAME
415,21539,RETRO SPOTS BUTTER DISH
416,16169F,WRAP BLIZZARD
417,21527,RETRO SPOT TRADITIONAL TEAPOT 
418,21531,RETRO SPOT SUGAR JAM BOWL
419,20914,SET/5 RED SPOTTY LID GLASS BOWLS
420,21242,RED SPOTTY PLATE 
421,21535,RETRO SPOT SMALL MILK JUG
422,21844,RETRO SPOT MUG
423,22073,RETRO SPOT STORAGE JAR
424,22072,TEA CUP AND SAUCER RETRO SPOT
425,15056BL,EDWARDIAN PARASOL BLACK
426,15056N,EDWARDIAN PARASOL NATURAL
427,22254,FELT TOADSTOOL LARGE
428,22255,FELT TOADSTOOL  SMALL
429,46000S,POLYESTER FILLER PAD 40x40cm
430,20964,POLYESTER FILLER PAD 60x40cm
431,21788,KIDS RAIN MAC BLUE
432,21789,KIDS RAIN MAC PINK
433,20682,RED SPOTTY CHILDS UMBRELLA
434,84832,ZINC WILLIE WINKIE  CANDLE STICK
435,85063,CREAM SWEETHEART MAGAZINE RACK
436,48129,DOOR MAT TOPIARY
437,22030,SWALLOWS GREETING CARD
438,21081,SET/20 POSIES PAPER NAPKINS
439,20773,BLUE PAISLEY NOTEBOOK
440,20767,BLUE PAISLEY JOURNAL 
441,22028,PENNY FARTHING BIRTHDAY CARD
442,20622,VIPPASSPORT COVER 
443,21122,SET/10 PINK SPOTTY PARTY CANDLES
444,21124,SET/10 BLUE SPOTTY PARTY CANDLES
445,20657,TROPICAL LUGGAGE TAG
446,16156N,"WRAP, FRIENDSHIP ON GREEN"
447,20673,STRAWBERRIES PRINT BOWL
448,84520B,PACK 20 ENGLISH ROSE PAPER NAPKINS
449,20619,TROPICAL PASSPORT COVER 
450,21866,UNION JACK FLAG LUGGAGE TAG
451,20660,VIP LUGGAGE TAG 
452,20777,CHRYSANTHEMUM NOTEBOOK
453,20774,GREEN FERN NOTEBOOK
454,22037,ROBOT BIRTHDAY CARD
455,22036,DINOSAUR BIRTHDAY CARD
456,21726,MULTI HEARTS  STICKERS
457,21544,SKULLS  WATER TRANSFER TATTOOS 
458,21004,ROSE DU SUD CHILDS APRON
459,84402D,PINK DRESS JEWELLERY STAND 
460,84660B,BLACK STITCHED WALL CLOCK
461,21429,RED GINGHAM ROSE JEWELLERY BOX
462,72754B,F FAIRY POTPOURRI CUSHIONS LAVENDER
463,21500,PINK SPOTS  WRAP 
464,21431,GREEN GINGHAM FLOWER JEWELLERY BOX
465,20748,KENSINGTON COFFEE SET
466,72802B,OCEAN SCENT CANDLE IN JEWELLED BOX
467,72803A,ROSE SCENT CANDLE JEWELLED DRAWER
468,79029,GLASS HONEYPOT WASP CATCHER
469,21591,COSY HOUR CIGAR BOX MATCHES 
470,72801E,S/4 FESTIVE GREEN DINNER CANDLES
471,21034,REX CASH+CARRY JUMBO SHOPPER
472,85049D,BRIGHT BLUES RIBBONS 
473,21985,PACK OF 12 HEARTS DESIGN TISSUES 
474,21980,PACK OF 12 RED SPOTTY TISSUES 
475,16235,RECYCLED PENCIL WITH RABBIT ERASER
476,84347,ROTATING SILVER ANGELS T-LIGHT HLDR
477,84990,60 GOLD AND SILVER FAIRY CAKE CASES
478,85231E,STRAWBERRY SCENTED SET/9 T-LIGHTS
479,85231B,CINAMMON SET OF 9 T-LIGHTS
480,72008,FROSTED BOX 9 WHITE T-LIGHT CANDLES
481,22071,SMALL RETRO SPOT MUG IN BOX  WHITE
482,22070,SMALL RETRO SPOT MUG IN BOX  RED
483,84270,ASSTD DESIGN BUBBLE GUM RING
484,85049C,ROMANTIC PINKS RIBBONS 
485,84352,SILVER CHRISTMAS TREE BAUBLE STAND 
486,79067,CORONA MEXICAN TRAY
487,22203,MILK PAN RED RETROSPOT
488,21353,SILVER SLEIGHBELL  WREATH
489,21538,DAIRY MAID  PUDDING BOWL
490,21534,DAIRY MAID LARGE MILK JUG
491,85053,FRENCH ENAMEL CANDLEHOLDER
492,22118,JOY WOODEN BLOCK LETTERS
493,35832,WOOLLY HAT SOCK GLOVE ADVENT STRING
494,21375,LARGE CAMPHOR WOOD FIELD MUSHROOM 
495,22186,RED STAR CARD HOLDER
496,47504K,ENGLISH ROSE GARDEN SECATEURS
497,47504F,ENGLISH ROSE TORCH
498,21809,CHRISTMAS HANGING TREE WITH BELL
499,21186,WHITE DOVE HONEYCOMB PAPER GARLAND
500,21611,SET OF 12 LILY BOTANICAL T-LIGHTS
501,21480,PINK STRIPE HOT WATER BOTTLE
502,85170A,SET/6 IVORY BIRD T-LIGHT CANDLES
503,85033S,SET/6 SILVER REINDEER T-LIGHTS
504,35991,SET/6 BLACK SNOWFLAKE T-LIGHTS 
505,22185,SLATE TILE NATURAL HANGING
506,21786,RAIN HAT WITH RED SPOTS
507,84388,WISE MAN STAR SHAPE EGG PAN
508,21918,SET 12 KIDS COLOUR  CHALK STICKS
509,51012C,"FEATHER DUSTER, COAL BLACK"
510,84671B,CROCHET BEAR WITH BLUE STRIPES
511,21747,SMALL SKULL WINDMILL
512,22330,72 ROUND PINK DOILIES
513,84375,SET OF 20 KIDS COOKIE CUTTERS
514,84952B,BLACK LOVE BIRD T-LIGHT HOLDER
515,20961,STRAWBERRY BATH SPONGE 
516,20960,WATERMELON BATH SPONGE
517,20966,SANDWICH BATH SPONGE
518,17164D,ASS COL SMALL SAND FROG P'WEIGHT
519,21890,S/6 WOODEN SKITTLES IN COTTON BAG
520,85170D,SET/6 PINK BIRD T-LIGHT CANDLES
521,17091J,VANILLA INCENSE IN TIN
522,20975,12 PENCILS SMALL TUBE RED SPOTTY
523,21440,12 MINI TOADSTOOL PEGS
524,22174,PHOTO CUBE
525,22150, 3 STRIPEY MICE FELTCRAFT
526,22147,FELTCRAFT BUTTERFLY HEARTS
527,21356,TOAST ITS - FAIRY FLOWER
528,21357,TOAST ITS - DINOSAUR
529,21677,HEARTS  STICKERS
530,21680,WOODLAND  STICKERS
531,21730,GLASS STAR FROSTED T-LIGHT HOLDER
532,70007,HI TEC ALPINE HAND WARMER
533,70006,LOVE HEART POCKET WARMER
534,21650,ASSORTED TUTTI FRUTTI BRACELET
535,21892,TRADITIONAL WOODEN CATCH CUP GAME 
536,20655,QUEEN OF SKIES LUGGAGE TAG
537,21990,MODERN FLORAL STATIONERY SET
538,21934,SKULL SHOULDER BAG
539,21578,WOODLAND DESIGN  COTTON TOTE BAG
540,21579,LOLITA  DESIGN  COTTON TOTE BAG
541,21577,SAVE THE PLANET COTTON TOTE BAG
542,20713,JUMBO BAG OWLS
543,20712,JUMBO BAG WOODLAND ANIMALS
544,16047,POP ART PEN CASE & PENS
545,21561,DINOSAUR LUNCHBOX WITH CUTLERY
546,20814,SILVER FINCH DECORATION
547,22068, BLACK PIRATE TREASURE CHEST
548,21377,SMALL CAMPHOR WOOD FIELD  MUSHROOM
549,21379, CAMPHOR WOOD PORTOBELLO MUSHROOM
550,20956,PORCELAIN T-LIGHT HOLDERS ASSORTED
551,21018,BIRD BOX CHRISTMAS TREE DECORATION
552,35995,SET/6 BLACK GLITTER REINDEER CANDLE
553,22355,"CHARLOTTE BAG , SUKI DESIGN"
554,21581,SKULLS  DESIGN  COTTON TOTE BAG
555,20727,LUNCH BAG  BLACK SKULL.
556,21071,VINTAGE BILLBOARD DRINK ME MUG
557,21068,VINTAGE BILLBOARD LOVE/HATE MUG
558,22189,CREAM HEART CARD HOLDER
559,48179,DOOR MAT SWEET HOME
560,48188,DOOR MAT WELCOME PUPPIES
561,48184,DOOR MAT ENGLISH ROSE 
562,21777,RECIPE BOX WITH METAL HEART
563,20969,RED FLORAL FELTCRAFT SHOULDER BAG
564,20968,GREEN FLORAL FELTCRAFT SHOULDER BAG
565,21737,SET 3 WICKER LOG BASKETS
566,84899F,YELLOW PURPLE DAISY FELT PURSE KIT
567,84898F,YELLOW FLOWERS FELT HANDBAG KIT
568,22207,FRYING PAN UNION FLAG
569,21016,LIGHT BIRD HOUSE TREE DECORATION
570,20829,GLITTER HANGING BUTTERFLY STRING
571,85231G,ORANGE SCENTED SET/9 T-LIGHTS
572,21407,BROWN CHECK CAT DOORSTOP 
573,72800F,4 IVORY DINNER CANDLES GOLD FLOCK
574,21993,FLORAL FOLK STATIONERY SET
575,21486,PINK HEART DOTS HOT WATER BOTTLE
576,21813,GARLAND WITH STARS AND BELLS
577,21812,GARLAND WITH HEARTS AND BELLS
578,21488,RED WHITE SCARF  HOT WATER BOTTLE
579,75013B,"STRING OF 8 BUTTERFLIES,PINK"
580,72800E,4 IVORY DINNER CANDLES SILVER FLOCK
581,72801G,S/4 BURGUNDY WINE DINNER CANDLES
582,72801F,S/4 FESTIVE RED DINNER CANDLES
583,22183,CAKE STAND VICTORIAN FILIGREE MED
584,21732,RED HANGING METAL STAR TLIGHT HLDR
585,21254,SET OF KITCHEN WALL  STICKERS
586,85041,SET/4 PINK ORCHID CANDLES IN BOWL
587,85040B,SET/4 BLUE FLOWER CANDLES IN BOWL
588,37461,FUNKY MONKEY MUG
589,21700,BIG DOUGHNUT FRIDGE MAGNETS
590,20692,FLORAL ELEPHANT SOFT TOY
591,16237,SLEEPING CAT ERASERS
592,37410,BLACK AND WHITE PAISLEY FLOWER MUG
593,84251F,"GREETING CARD, RITA"
594,21080,SET/20 RED SPOTTY PAPER NAPKINS 
595,21967,PACK OF 12 SKULL TISSUES
596,22110,BIRD HOUSE HOT WATER BOTTLE
597,84977,WIRE FLOWER T-LIGHT HOLDER
598,18010,ASSORTED FRAGRANCE BATH CONFETTI
599,22152,PLACE SETTING WHITE STAR
600,72267,PREMIUM CHURCH CANDLE
601,22081,RIBBON REEL FLORA + FAUNA 
602,22079,RIBBON REEL HEARTS DESIGN 
603,20758,ABSTRACT CIRCLES POCKET BOOK
604,20756,GREEN FERN POCKET BOOK
605,21126,SET OF 6 GIRLS CELEBRATION CANDLES
606,21125,SET 6 FOOTBALL CELEBRATION CANDLES
607,22102,MIRROR MOSAIC T-LIGHT HOLDER 
608,35955,SMALL FOLKART CHRISTMAS TREE DEC
609,35954,SMALL FOLKART STAR CHRISTMAS DEC
610,35957,SMALLFOLKART BAUBLE CHRISTMAS DEC
611,84050,PINK HEART SHAPE EGG FRYING PAN
612,47568,ENGLISH ROSE DESIGN PEG BAG
613,84782A,PINK 3 TIER GLASS PLATE STAND
614,84782C,GREEN 3 TIER GLASS PLATE STAND
615,22169,FAMILY ALBUM WHITE PICTURE FRAME
616,84933A,LARGE GREEN PEONY FOLDING STOOL
617,84933B,LARGE PINK PEONY FOLDING STOOL
618,22201,FRYING PAN BLUE POLKADOT 
619,37503,TEA TIME CAKE STAND IN GIFT BOX
620,21593,SWALLOW CIGAR BOX MATCHES 
621,22085,PAPER CHAIN KIT SKULLS 
622,85099C,JUMBO  BAG BAROQUE BLACK WHITE
623,22348,TEA BAG PLATE RED SPOTTY 
624,85061W,WHITE JEWELLED HEART DECORATION
625,21781,MA CAMPAGNE CUTLERY BOX
626,20768,GREEN FERN JOURNAL 
627,21082,SET/20 FRUIT SALAD PAPER NAPKINS 
628,47591B,SCOTTIES DES CHILD'S APRON
629,22196,SMALL HEART MEASURING SPOONS
630,22131,FOOD CONTAINER SET 3 LOVE HEART 
631,20804,GLASS CHICKEN BUTTER DISH
632,21115,ROSE CARAVAN DOORSTOP
633,21067,VINTAGE RED TEATIME MUG
634,22134,LADLE LOVE HEART RED 
635,22132,RED LOVE HEART SHAPE CUP
636,20963,APPLE BATH SPONGE
637,84670,JAPANESE CROCHETED ANIMAL
638,21559,STRAWBERRY LUNCHBOX WITH CUTLERY
639,21558,SKULL LUNCHBOX WITH CUTLERY 
640,35004P,SET OF 3 PINK FLYING DUCKS
641,21321,GLASS CHALICE BLUE  LARGE 
642,22281,EASTER TREE YELLOW BIRDS
643,21320,GLASS CHALICE GREEN  LARGE 
644,21187,WHITE BELL HONEYCOMB PAPER GARLAND 
645,79000,MOROCCAN TEA GLASS
646,84706F,RED PEONY TABLE CLOCK
647,84968C,S/16 VINTAGE PISTACHIO CUTLERY
648,84968F,S/16 VINTAGE SKY BLUE CUTLERY
649,84968B,S/16 VINTAGE IVORY CUTLERY
650,85231L,LAVENDER SCENTED SET/9 T-LIGHTS
651,21618,4 WILDFLOWER BOTANICAL CANDLES
652,21615,4 LAVENDER BOTANICAL DINNER CANDLES
653,21619,4 VANILLA BOTANICAL CANDLES
654,21612,SET 12 WILDFLOWER BOTANICAL T-LIGHT
655,85049B,LUSH GREENS RIBBONS
656,85049G,CHOCOLATE BOX RIBBONS 
657,21770,OPEN CLOSED METAL SIGN
658,37500,TEA TIME TEAPOT IN GIFT BOX
659,21637,ASSORTED SANSKRIT MINI NOTEBOOK
660,21901,"KEY FOB , BACK DOOR "
661,21900,"KEY FOB , SHED"
662,21902,"KEY FOB , FRONT  DOOR "
663,21223,SET/4 BADGES WOODLAND ANIMAL
664,85049H,URBAN BLACK RIBBONS 
665,21576,LETS GO SHOPPING COTTON TOTE BAG
666,21580,RABBIT  DESIGN  COTTON TOTE BAG
667,35004S,SET OF 3 SILVER FLYING DUCKS
668,35001W,HAND OPEN SHAPE DECO.WHITE
669,35001B,HAND OPEN SHAPE BLACK
670,21260,FIRST AID TIN
671,20866,BLUE ROSE FABRIC MIRROR
672,20867,PINK ROSE FABRIC MIRROR
673,20979,36 PENCILS TUBE RED SPOTTY
674,20983,12 PENCILS TALL TUBE RED SPOTTY
675,20981,12 PENCILS TALL TUBE WOODLAND
676,20977,36 PENCILS TUBE WOODLAND
677,20974,12 PENCILS SMALL TUBE SKULL
678,21114,LAVENDER SCENTED FABRIC HEART
679,85232A,SET/3 POLKA DOT STACKING TINS
680,35971,ROSE FOLKART HEART DECORATIONS
681,21740,COSY SLIPPER SHOES LARGE RED
682,21624,VINTAGE UNION JACK DOORSTOP
683,21738,COSY SLIPPER SHOES SMALL  RED 
684,22280,POCKET BAG PINK PAISELY BROWN SPOT
685,21841,BABY MOUSE RED GINGHAM DRESS
686,21621,VINTAGE UNION JACK BUNTING
687,21622,VINTAGE UNION JACK CUSHION COVER
688,20750, RED/WHITE DOT MINI CASES
689,82482,WOODEN PICTURE FRAME WHITE FINISH
690,20665,RED SPOTTY PURSE 
691,84837,WHITE SWEETHEARTS CABINET 4 DRAWERS
692,21439,BASKET OF TOADSTOOLS
693,16169D,WRAP WINTER FOREST
694,16169C,WRAP BLUE REINDEER
695,21017,RED BIRD HOUSE TREE DECORATION
696,21210,SET OF 72 RETRO SPOT PAPER  DOILIES
697,21039,RED SPOTTY SHOPPING BAG
698,21432,SET OF 3 CASES WOODLAND DESIGN
699,21424,WOODLAND STORAGE BOX LARGE 
700,21426,WOODLAND STORAGE BOX SMALL
701,21891,TRADITIONAL WOODEN SKIPPING ROPE
702,21098,CHRISTMAS TOILET ROLL
703,22415,WHITE TISSUE REAM
704,17165D,ASS COL LARGE SAND FROG P'WEIGHT
705,17165B,ASS COL LARGE SAND GECKO P'WEIGHT
706,85208,SET/12 FUNKY FELT FLOWER PEG IN BAG
707,90090,PINK CRYSTAL HEART PHONE CHARM
708,90092,BLUE CRYSTAL BOOT PHONE CHARM
709,16161C,WRAP SPEED DEMONS 
710,35160,BUDDHA INCENSE HOLDER ASSORTED
711,17108D,FLOWER FAIRY SUMMER BOUQUET SACHET
712,21805,WHITE CHRISTMAS TREE DECORATION 
713,90125A,PINK BERTIE GLASS BEAD BAG CHARM
714,84578,ELEPHANT TOY WITH BLUE T-SHIRT
715,84901,BLACK FACE LAMB WITH PANTS
716,35931,PINK STAR CHRISTMAS DECORATION
717,35933,PINK STOCKING CHRISTMAS DECORATION
718,90087,CRYSTAL SEA HORSE PHONE CHARM
719,90085,CRYSTAL STILETTO PHONE CHARM
720,90093,CLEAR CRYSTAL STAR PHONE CHARM
721,90084,PINK CRYSTAL GUITAR PHONE CHARM
722,90088,CRYSTAL KEY+LOCK PHONE CHARM
723,21807,WHITE CHRISTMAS STAR DECORATION
724,21806,WHITE CHRISTMAS HEART DECORATION
725,21815, STAR  T-LIGHT HOLDER 
726,21816,CHRISTMAS TREE T-LIGHT HOLDER
727,35051B,PINK BEADED CONE CHRISTMAS
728,22153,ANGEL DECORATION STARS ON DRESS
729,20943,SET/6 GINGERBREAD STAR T-LIGHTS
730,72816,SET/3 CHRISTMAS DECOUPAGE CANDLES
731,85038,6 CHOCOLATE LOVE HEART T-LIGHTS
732,20978,36 PENCILS TUBE SKULLS
733,20942,SET/6 GINGERBREAD TREE T-LIGHTS
734,84559A,3D SHEET OF DOG STICKERS
735,84466,TOP SECRET PEN SET
736,20994,JAZZ HEARTS SPIRAL NOTEPAD
737,20992,JAZZ HEARTS PURSE NOTEBOOK
738,84077,WORLD WAR 2 GLIDERS ASSTD DESIGNS
739,84029C,BROWN FURRY HOT WATER BOTTLE
740,22336,DOVE DECORATION PAINTED ZINC 
741,22156,HEART DECORATION WITH PEARLS 
742,22338,STAR DECORATION PAINTED ZINC 
743,21825,PAINTED METAL TREE WITH HOLLY BELLS
744,21822,GLITTER CHRISTMAS TREE WITH BELLS
745,22277,COSMETIC BAG VINTAGE ROSE PAISLEY
746,35979,SIX STRING SCANDINAVIAN HEART DECS
747,47566,PARTY BUNTING
748,21344,MOROCCAN BEATEN METAL DISH
749,21477,STRING OF 20 ROSE LIGHTS
750,85047,WHITE BEADED GARLAND STRING 20LIGHT
751,20681,PINK SPOTTY CHILDS UMBRELLA
752,84648,NEW BAROQUE WALL MIRROR
753,84472,PINK AND LILAC QUILTED THROW 
754,84910A,PINK PAISLEY CUSHION COVER 
755,84656,WHITE ROSE C/COVER
756,84580,MOUSE TOY WITH PINK T-SHIRT
757,84622,PINK GINGHAM ROSE CUSHION COVER
758,22151,PLACE SETTING WHITE HEART
759,35962,12 ASS ZINC CHRISTMAS DECORATIONS
760,22337,ANGEL DECORATION PAINTED ZINC 
761,90125C,TURQUOISE BERTIE GLASS BEAD CHARM
762,90125D,PURPLE BERTIE GLASS BEAD BAG CHARM
763,90214H,"LETTER ""H"" BLING KEY RING"
764,20901,VINTAGE KEEPSAKE BOX PINK FLOWER
765,22172,METAL SHELF WITH RAIL 
766,85067,CREAM SWEETHEART WALL CABINET
767,21156,RED SPOTTY CHILDS APRON
768,72127,COLUMBIAN CANDLE ROUND 
769,84992,72 SWEETHEART FAIRY CAKE CASES
770,84929,ASSTD FRUIT+FLOWERS FRIDGE MAGNETS
771,21649,ASSORTED TUTTI FRUTTI PHOTO FRAME
772,21463,MIRRORED DISCO BALL 
773,85162A,SILVER RETRODISC LAMPSHADE
774,21761,WOOD AND GLASS MEDICINE CABINET
775,84839,SWEETHEART KEY CABINET
776,85064,CREAM SWEETHEART LETTER RACK
777,84706C,PINK FLOCK TABLE CLOCK 
778,21804,WHITE CHRISTMAS GARLAND STARS TREES
779,21218,RED SPOTTY BISCUIT TIN
780,85103, SILVER T-LIGHT SETTING
781,20894,HANGING BAUBLE T-LIGHT HOLDER LARGE
782,85036C,ROSE 1 WICK MORRIS BOXED CANDLE
783,22162,HEART GARLAND RUSTIC PADDED
784,22297,HEART IVORY TRELLIS SMALL
785,85104,SILVER GLASS T-LIGHT SET
786,84813,SET OF 4 DIAMOND NAPKIN RINGS
787,72799D,BLUE PILLAR CANDLE SILVER FLOCK
788,21741,COSY SLIPPER SHOES LARGE GREEN
789,85071D,CHARLIE+LOLA MY ROOM DOOR SIGN
790,21724,PANDA AND BUNNIES STICKER SHEET
791,21524,SPOTTY  HOME SWEET HOME DOORMAT
792,48197,DOOR MAT BIRD ON THE WIRE
793,84684,BEACH HUT PHOTO FRAME
794,20812,EMBOSSED FLOWER TRELLIS PHOTO FRAME
795,22035,VINTAGE CARAVAN GREETING CARD 
796,21508,VINTAGE KID DOLLY CARD 
797,22027,TEA PARTY BIRTHDAY CARD
798,85059,FRENCH ENAMEL WATER BASIN
799,21465,PINK FLOWER CROCHET FOOD COVER
800,21466,RED FLOWER CROCHET FOOD COVER
801,21467,CHERRY CROCHET FOOD COVER
802,21471,STRAWBERRY RAFFIA FOOD COVER
803,21314,SMALL GLASS HEART TRINKET POT
804,84975,HEART SHAPED MIRROR
805,21949,SET OF 6 STRAWBERRY CHOPSTICKS
806,21947,SET OF 6 HEART CHOPSTICKS
807,21528,DAIRY MAID TRADITIONAL TEAPOT 
808,21548,CERAMIC BIRDHOUSE FINCH BLUE ROOF
809,21684,SMALL MEDINA STAMPED METAL BOWL 
810,21549,CERAMIC BIRDHOUSE RED ROOF SMALL
811,21545,CERAMIC BIRDHOUSE BUTTERFLY SMALL
812,21547,CERAMIC BIRDHOUSE CRESTED TIT SMALL
813,85054,FRENCH ENAMEL POT W LID
814,21532,DAIRY MAID SUGAR JAM BOWL
815,21530,DAIRY MAID CERAMIC TOASTRACK
816,37444A,YELLOW BREAKFAST CUP AND SAUCER
817,37444B,BLUE BREAKFAST CUP AND SAUCER 
818,22042,CHRISTMAS CARD SINGING ANGEL
819,84247C,PACK/12 BLUE REINDEER CARD
820,22034,ROBIN CHRISTMAS CARD
821,84754,S/15 SILVER GLASS BAUBLES IN BAG
822,21313,GLASS HEART T-LIGHT HOLDER 
823,84509A,ENGLISH ROSE PLACEMATS
824,84510A,SET OF 4 ENGLISH ROSE COASTERS
825,84340,LARGE FIBRE OPTIC CHRISTMAS TREE
826,21625,VINTAGE UNION JACK APRON
827,18096C,WHITE ROUND PORCELAIN TLIGHT HOLDER
828,85147,JARDIN ETCHED GLASS CANDLEHLDR LONG
829,37444C,PINK BREAKFAST CUP AND SAUCER 
830,85055,FRENCH ENAMEL UTENSIL HOLDER
831,85028L,FRENCH CHATEAU LARGE FRUIT BOWL 
832,85028S,FRENCH CHATEAU SMALL FRUITBOWL
833,21214,SET OF 72 IVORY PAPER DOILIES
834,84985B,SET OF 72 BLACK PAPER DOILIES 
835,84985A,SET OF 72 GREEN PAPER DOILIES
836,47021G,SET/6 BEAD COASTERS GAUZE BAG GOLD
837,21911,GARDEN METAL SIGN 
838,21070,VINTAGE BILLBOARD MUG 
839,21066,VINTAGE RED MUG
840,21069,VINTAGE BILLBOARD TEA MUG
841,21986,PACK OF 12 PINK SPOT TISSUES 
842,22325,MOBILE VINTAGE HEARTS 
843,20940,SET/6 GARDEN GNOME T-LIGHT CANDLES
844,72798C,SET/4 GARDEN ROSE DINNER CANDLE
845,40018F,CHERRY DESIGN PAPERLANTERNS
846,40018E,TEA TIME PAPER LANTERNS
847,85176,SEWING SUSAN 21 NEEDLE SET
848,21893,POTTING SHED SEED TIN
849,21745,GAOLERS KEYS DECORATIVE GARDEN 
850,17084J,LOVE POTION MASALA INCENSE
851,71279,PINK GLASS CANDLEHOLDER
852,21417,COCKLE SHELL DISH
853,22088,PAPER BUNTING COLOURED LACE
854,22093,MOTORING TISSUE BOX
855,84288B,SET/2 BLUE  NOODLE BASKETS
856,35924,HANGING FAIRY CAKE DECORATION
857,20941,FROG CANDLE
858,21553,CERAMIC BIRDHOUSE FINCH BLUE  LARGE
859,21554,CERAMIC BIRDHOUSE RED ROOF LARGE
860,22215,CAKE STAND WHITE TWO TIER LACE
861,21015,DARK BIRD HOUSE TREE DECORATION
862,21014,SWISS CHALET TREE DECORATION 
863,21917,SET 12 KIDS  WHITE CHALK STICKS
864,22069, BROWN  PIRATE TREASURE CHEST 
865,47591C,BLUE FAIRY CAKE CHILD'S APRON
866,21743,STAR PORTABLE TABLE LIGHT 
867,21744,SNOWFLAKE PORTABLE TABLE LIGHT 
868,37501,TEA TIME TEA SET IN GIFT BOX
869,21385,IVORY HANGING DECORATION  HEART
870,85099F,JUMBO BAG STRAWBERRY
871,35001G,HAND OPEN SHAPE GOLD
872,84855,BLOKEY SILVER TOOL SET
873,84854,GIRLY PINK TOOL SET
874,21216,"SET 3 RED SPOT TIN TEA,COFFEE,SUGAR"
875,21243,PINK  SPOTTY PLATE 
876,21155,RED SPOTTY PEG BAG
877,21412,VINTAGE GOLD TINSEL REEL
878,72799F,IVORY PILLAR CANDLE GOLD FLOCK
879,72799E,IVORY PILLAR CANDLE SILVER FLOCK
880,72799C,PINK PILLAR CANDLE SILVER FLOCK
881,21499,BLUE SPOTS  WRAP
882,21246,RED SPOTTY BIG BOWL
883,21247,SET OF RED SALAD SERVERS 
884,85136C,RED SHARK HELICOPTER
885,21975,PACK OF 60 DINOSAUR CAKE CASES
886,21213,PACK OF 72 SKULL CAKE CASES
887,72807B,SET/3 OCEAN SCENT CANDLE JEWEL BOX
888,72802C,VANILLA SCENT CANDLE JEWELLED BOX
889,72799B,PURPLE PILLAR CANDLE BLACK FLOCK
890,84970L,SINGLE HEART ZINC T-LIGHT HOLDER
891,21768,WALL MOUNTED VINTAGE ORGANISER
892,84984D,ORIENTAL RED C/COVER 
893,84773,RED ROSE AND LACE C/COVER
894,84601A,NEW BAROQUE IVORY CUSHION COVER 
895,85174,S/4 CACTI CANDLES
896,71028B,SILVER BLUE EGG T-LIGHT HOLDER
897,84755,COLOUR GLASS T-LIGHT HOLDER HANGING
898,72140F,HAPPY ANNIVERSARY CANDLE LETTERS
899,84950,ASSORTED COLOUR T-LIGHT HOLDER
900,85175,CACTI T-LIGHT CANDLES
901,72487,ROSES WHITE ROUND CANDLE
902,84360,TABLE LAMP WHITE SHADE WOOD BASE
903,21335,LIBRARY LAMP
904,84396,6 HOOK JEWELLERY STAND BLACK DRESS
905,72753A,S/3 FLWR FAIRY LILLY CANDLES
906,72750C,"F.FAIRY S/3 CANDLE/GLASS, ROSE"
907,79323GR,GREEN CHERRY LIGHTS
908,22120,WELCOME  WOODEN BLOCK LETTERS
909,85211,S/4 GROOVY CAT MAGNETS
910,84341B,SMALL PINK MAGIC CHRISTMAS TREE
911,22211,WOOD STAMP SET FLOWERS
912,22283,6 EGG HOUSE PAINTED WOOD
913,22187,GREEN CHRISTMAS TREE CARD HOLDER
914,21735,TWO DOOR CURIO CABINET
915,48189,DOOR MAT FRIENDSHIP 
916,48116,DOOR MAT MULTICOLOUR STRIPE
917,79323B,BLACK CHERRY LIGHTS
918,21257,VICTORIAN SEWING BOX MEDIUM
919,21767,FRENCH STYLE WIRE DOOR CABINET 
920,85068,CREAM SWEETHEART SHELF + HOOKS
921,22171,3 HOOK PHOTO SHELF ANTIQUE WHITE
922,72349B,SET/6 PURPLE BUTTERFLY T-LIGHTS
923,84596K,JELLY BABIES YELLOW SMALL BOWL
924,84596E,SMALL LICORICE DES PINK BOWL
925,84596G,SMALL CHOCOLATES PINK BOWL
926,37448,CERAMIC CAKE DESIGN SPOTTED MUG
927,37447,CERAMIC CAKE DESIGN SPOTTED PLATE
928,22055,MINI CAKE STAND  HANGING STRAWBERY
929,22062,CERAMIC BOWL WITH LOVE HEART DESIGN
930,84596B,SMALL DOLLY MIX DESIGN ORANGE BOWL
931,22347,PIZZA SLICE DISH
932,84507C,BLUE CIRCLES DESIGN MONKEY DOLL
933,84508A,CAMOFLAGE DESIGN TEDDY
934,79302M,"ART LIGHTS,FUNK MONKEY"
935,37502,TEA TIME MUG IN GIFT BOX
936,84534B,FAIRY CAKE NOTEBOOK A5 SIZE
937,84535B,FAIRY CAKES NOTEBOOK A6 SIZE
938,84536B,FAIRY CAKES NOTEBOOK A7 SIZE
939,21752,GLASS CAKE STAND MIRRORED BASE
940,17012A,ORIGAMI VANILLA INCENSE/CANDLE SET 
941,17129D,CLEAR COLOUR GLASS GEMS IN BAG
942,20616,CHERRY BLOSSOM PASSPORT COVER
943,20618,QUEEN OF THE SKIES PASSPORT COVER 
944,20652,BLUE SPOTTY LUGGAGE TAG 
945,20654,FIRST CLASS LUGGAGE TAG 
946,20659,ECONOMY LUGGAGE TAG
947,20674,GREEN SPOTTY BOWL
948,20694,FLORAL PINK MONSTER
949,20714,POSY SHOPPER BAG
950,20729,RED SPOTTY CANDY BAG
951,20739,*USB Office Glitter Lamp
952,20761,BLUE PAISLEY SKETCHBOOK
953,20780,BLACK EAR MUFF HEADPHONES
954,20783,HEART EAR MUFF HEADPHONES
955,20798,CLEAR MILKSHAKE GLASS
956,20799,PINK MILKSHAKE GLASS
957,20832,RED FLOCK LOVE HEART PHOTO FRAME
958,20863,BLUE PATCH PENCIL CASE PINK HEART
959,20865,PATCHWORK PENCIL CASE BUTTERFLY 
960,20886,BOX OF 9 PEBBLE CANDLES
961,20888,SET 3 JARDIN DE FEMME SCENT CANDLES
962,20903,VINTAGE KEEPSAKE BOX TRAVELOGUE
963,20980,36 PENCILS TUBE POSY
964,20991,JAZZ HEARTS MAGNETIC MEMO PAD
965,21012,ANTIQUE ALL GLASS CANDLESTICK
966,21025,SPACE FROG
967,21055,TOOL BOX SOFT TOY 
968,21064,BOOM BOX SPEAKER BOYS
969,21108,FAIRY CAKE FLANNEL ASSORTED COLOUR
970,21110,LARGE CAKE TOWEL PINK SPOTS
971,21116,OWL DOORSTOP
972,21134,VICTORIAN METAL POSTCARD CHRISTMAS
973,21145,ANTIQUE GLASS PLACE SETTING
974,21154,RED SPOTTY OVEN GLOVE 
975,21160,KEEP OUT GIRLS DOOR HANGER 
976,21164,HOME SWEET HOME METAL SIGN 
977,21165,BEWARE OF THE CAT METAL SIGN 
978,21185, HOME SWEET HOME  BLACKBOARD
979,21191,LARGE WHITE HONEYCOMB PAPER BELL  
980,21198,WHITE HEART CONFETTI IN TUBE
981,21249,WOODLAND  HEIGHT CHART STICKERS 
982,21251,DINOSAUR HEIGHT CHART STICKER SET
983,21255,"FRENCH BOTTLE , LAVENDER"
984,21256,"FRENCH BOTTLE, BRASSERIE DES ARTIST"
985,21259,VICTORIAN SEWING BOX SMALL 
986,21266,VINTAGE SILVER TINSEL REEL
987,21283,NATURAL BARK CANDLE SMALL
988,21284,RETRO SPOT CANDLE  SMALL
989,21291,SMALL SPOTTY CHOCOLATE GIFT BAG 
990,21328,BALLOONS  WRITING SET 
991,21330,WOODLAND ANIMAL  WRITING SET 
992,21348,PINK SPOTS CHOCOLATE NESTING BOXES 
993,21396,RED SPOTTY EGG CUP 
994,21444,BLUE CHALET BIRDFEEDER
995,21445,12 PINK ROSE PEG PLACE SETTINGS
996,21494,ROTATING LEAVES T-LIGHT HOLDER
997,21506,"FANCY FONT BIRTHDAY CARD, "
998,21519,GIN & TONIC DIET GREETING CARD 
999,21520,BOOZE & WOMEN GREETING CARD 
1000,21529,RETRO SPOT CERAMIC TOASTRACK
1001,21541,DINOSAURS WATER TRANSFER TATTOOS 
1002,21542,WOODLAND WATER TRANSFER TATTOOS 
1003,21543,BUTTERFLY WATER TRANSFER TATTOOS 
1004,21557,SET OF 6 FUNKY BEAKERS
1005,21626,VINTAGE UNION JACK PENNANT
1006,21642,ASSORTED TUTTI FRUTTI PEN
1007,21643,ASSORTED TUTTI FRUTTI MIRROR
1008,21647,ASSORTED TUTTI FRUTTI LARGE PURSE
1009,21648,ASSORTED TUTTI FRUTTI SMALL PURSE
1010,10123C,HEARTS WRAPPING TAPE 
1011,10123G,ARMY CAMO WRAPPING TAPE
1012,10125,MINI FUNKY DESIGN TAPES
1013,11001,ASSTD DESIGN RACING CAR PEN
1014,15034,PAPER POCKET TRAVELING FAN 
1015,15044C,PURPLE PAPER PARASOL
1016,15044D,RED PAPER PARASOL
1017,15059A,ENGLISH ROSE EDWARDIAN PARASOL
1018,21679,SKULLS  STICKERS
1019,21687,SILVER PLATE CANDLE BOWL LARGE
1020,21688,SILVER PLATE CANDLE BOWL SMALL
1021,21694,SMALL REGAL  SILVER CANDLEPOT 
1022,21704,BAG 250g SWIRLY MARBLES
1023,21719,LOVELY BONBON STICKER SHEET
1024,21721,CANDY SHOP  STICKER SHEET
1025,21722,SWEET PUDDING STICKER SHEET
1026,21725,SWEETIES  STICKERS
1027,21746,SMALL RED SPOT  WINDMILL
1028,21773,DECORATIVE ROSE BATHROOM BOTTLE
1029,21808,"CHRISTMAS GARLAND STARS,TREES"
1030,21843,RETRO SPOT CAKE STAND
1031,21883,STARS GIFT TAPE 
1032,21897,POTTING SHED CANDLE CITRONELLA
1033,21899,"KEY FOB , GARAGE DESIGN"
1034,21935,SUKI  SHOULDER BAG
1035,21942,SKULLS DESIGN FLANNEL
1036,21945,STRAWBERRIES  DESIGN FLANNEL 
1037,22054,MINI CAKE STAND HANGING HEARTS
1038,22108,PING! MICROWAVE PLATE
1039,84380,SET OF 3 BUTTERFLY COOKIE CUTTERS
1040,22117,METAL SIGN HER DINNER IS SERVED 
1041,22133,PINK LOVE HEART SHAPE CUP
1042,22135,LADLE LOVE HEART PINK
1043,22141,CHRISTMAS CRAFT TREE TOP ANGEL
1044,22144,CHRISTMAS CRAFT LITTLE FRIENDS
1045,22173,METAL 4 HOOK HANGER FRENCH CHATEAU
1046,22177,5 HOOK BLACKBOARD ORGANISER 
1047,22198,"POPCORN HOLDER , LARGE"
1048,22208,WOOD STAMP SET THANK YOU
1049,22224,WHITE LOVEBIRD LANTERN
1050,22261,FELT EGG COSY WHITE RABBIT 
1051,22262,FELT EGG COSY CHICKEN
1052,22286,"DECORATION , WOBBLY RABBIT , METAL "
1053,22288,"DECORATION , HANGING METAL RABBIT"
1054,22289,"DECORATION , HANGING METAL CHICKEN"
1055,22311,OFFICE MUG WARMER BLACK+SILVER 
1056,22312,OFFICE MUG WARMER POLKADOT
1057,22324,BLUE POLKADOT KIDS BAG
1058,30086C,ASSORTED FRUIT STRAWS
1059,35471A,SET OF 3 BIRD L.BLUE FEATHER
1060,35471D,SET OF 3 BIRD LIGHT PINK FEATHER 
1061,35594,WOODEN CHRISTMAS TREE 3 HANGING
1062,35598B,BLACK CHRISTMAS TREE 60CM
1063,35599D,PINK AND WHITE CHRISTMAS TREE 120CM
1064,35600D,PINK AND WHITE CHRISTMAS TREE 180CM
1065,35961,FOLKART ZINC HEART CHRISTMAS DEC
1066,37422,WHITE WITH BLACK CATS BOWL
1067,37462B,"PET MUG, BUDGIE"
1068,37464,ROBOT MUG IN DISPLAY BOX
1069,37489C,GREEN/BLUE FLOWER DESIGN BIG MUG
1070,37508,NEW ENGLAND CERAMIC CAKE SERVER
1071,47471,RAINBOW PEGS PHOTO CLIP STRING
1072,47587A,PINK FAIRY CAKE COASTER
1073,47598,NEW ENGLAND EGG WARMER
1074,51014A,"FEATHER PEN,HOT PINK"
1075,51014C,"FEATHER PEN,COAL BLACK"
1076,71143,SILVER BOOK MARK WITH BEADS
1077,72051S,BAG OF SILVER STONES
1078,72598,SET/12 TAPER CANDLES
1079,72800A,S/4 BLACK DINNER CANDLE SILVER FLOC
1080,72807A,SET/3 ROSE CANDLE IN JEWELLED BOX
1081,72807C,SET/3 VANILLA SCENTED CANDLE IN BOX
1082,77081,FLOWER WINDMILL
1083,79026B,"S/4 ICON COASTER,ELVIS LIVES"
1084,79030A,"TUMBLER, ENGLISH ROSE"
1085,79160,HEART SHAPE WIRELESS DOORBELL
1086,79164,BLACK WINE GLASS
1087,79303D,LILAC FLOWER BLOCK TABLE LAMP
1088,82076,BEECH WOOD PHOTO FRAME 
1089,82093,HEART SHAPE BUTTON FRAME 
1090,82553,POP'S GREASY SPOON METAL SIGN
1091,82578,KITCHEN METAL SIGN
1092,82583,HOT BATHS METAL SIGN
1093,82607C,GLASS BONBON JAR. SUPERFINES
1094,82613B,"METAL SIGN,CUPCAKE SINGLE HOOK"
1095,84006,MAGIC TREE -PAPER FLOWERS
1096,84030C,KNITTED RAINBOW HOT WATER BOTTLE
1097,84251G,"GREETING CARD, OVERCROWDED POOL."
1098,84279B,CHERRY BLOSSOM DECORATIVE FLASK
1099,84313B,BLUE TV TRAY TABLE 
1100,84378,SET OF 3 HEART COOKIE CUTTERS
1101,84459A,PINK METAL CHICKEN HEART 
1102,84510B,SET OF 4 FAIRY CAKES COASTERS 
1103,84535A,ENGLISH ROSE NOTEBOOK A6 SIZE
1104,84536A,ENGLISH ROSE NOTEBOOK A7 SIZE
1105,84558A,3D DOG PICTURE PLAYING CARDS
1106,84673B,BLUE FLY SWAT
1107,84686,BEACH HUT MIRROR
1108,84750A,PINK SMALL GLASS CAKE STAND
1109,84877B,GREEN ROUND COMPACT MIRROR
1110,84902,PINK KNITTED COW STUFFED TOY
1111,84926C,FAIRY CAKES TILE COASTER
1112,84931A,PINK SCOTTIE DOG W FLOWER PATTERN
1113,84937,KASHMIR FOLKART TUMBLERS
1114,84944,SET OF 6 KASHMIR FOLKART BAUBLES
1115,85015,SET OF 12  VINTAGE POSTCARD SET
1116,85016,SET OF 6 VINTAGE NOTELETS KIT
1117,85017A,ENVELOPE 50 ROMANTIC IMAGES
1118,85017C,ENVELOPE 50 CURIOUS IMAGES
1119,85026B,EAU DE NILE JEWELLED T-LIGHT HOLDER
1120,85031A,ROMANTIC IMAGES SCRAP BOOK SET
1121,85031B,BLOSSOM IMAGES SCRAP BOOK SET
1122,85031C,CURIOUS IMAGES SCRAP BOOK SET
1123,85033G,SET/6 GOLD REINDEER T-LIGHT CANDLES
1124,85034B,3 WHITE CHOC MORRIS BOXED CANDLES
1125,85039A,SET/4 RED MINI ROSE CANDLE IN BOWL
1126,85086A,CANDY SPOT HEART DECORATION
1127,85112,S/3 TEAR DROP CUT GLASS DECORATION
1128,85114B,IVORY ENCHANTED FOREST PLACEMAT
1129,85116,BLACK CANDELABRA T-LIGHT HOLDER
1130,85129D,BEADED CRYSTAL HEART PINK SMALL
1131,85130A,BEADED PEARL HEART WHITE LARGE
1132,85135B,BLUE DRAGONFLY HELICOPTER
1133,85136A,YELLOW SHARK HELICOPTER
1134,85180B,PINK HEARTS LIGHT CHAIN 
1135,85184C,S/4 VALENTINE DECOUPAGE HEART BOX
1136,85184D,S/4 BLUE ROUND DECOUPAGE BOXES
1137,85185B,PINK HORSE SOCK PUPPET
1138,85185D,FROG SOCK PUPPET
1139,85186A,EASTER BUNNY GARLAND OF FLOWERS
1140,85186C,BUNNY EGG GARLAND
1141,85199S,SMALL HANGING IVORY/RED WOOD BIRD
1142,85217,ASSORTED ICE CREAM FRIDGE MAGNETS
1143,90000D,COPPER/OLIVE GREEN FLOWER NECKLACE
1144,90005A,JADE GREEN ENAMEL HAIR COMB
1145,90039D,FIRE POLISHED GLASS BRACELET GREEN
1146,90040D,MURANO STYLE GLASS BRACELET PINK
1147,90081C,LILY BROOCH OLIVE COLOUR
1148,90120C,GREEN MURANO TWIST BRACELET
1149,90158,ST TROPEZ NECKLACE
1150,90171,DAISY RING
1151,90175C,BLUE GLASS CHUNKY CHARM BRACELET
1152,90184B,AMETHYST CHUNKY BEAD BRACELET W STR
1153,90188,DROP EARRINGS W FLOWER & LEAF
1154,90192,JADE DROP EARRINGS W FILIGREE
1155,90206C,CRYSTAL DIAMANTE STAR BROOCH
1156,90208,PAIR OF ENAMEL FLOWER CLUSTER SLIDE
1157,85090,CANDY SPOT APRON
1158,21121,SET/10 RED SPOTTY PARTY CANDLES
1159,90167,BEADED LOVE HEART JEWELLERY SET
1160,72023F,RED ORGANIC CANDLE IN GLASS
1161,85172,HYACINTH BULB T-LIGHT CANDLES
1162,21469,POLKA DOT RAFFIA FOOD COVER
1163,21898,POTTING SHED ROSE CANDLE
1164,20771,CHRYSANTHEMUM  JOURNAL
1165,72815,3 WICK CHRISTMAS BRIAR CANDLE 
1166,47504G,ENGLISH ROSE TAPE MEASURE
1167,84986B,SET OF 36 SILVER PAPER DOILIES
1168,20684,STRAWBERRY DREAM CHILDS UMBRELLA
1169,85006,SET 4 NURSERY DES ROUND BOXES
1170,85199L,LARGE HANGING IVORY & RED WOOD BIRD
1171,21556,CERAMIC STRAWBERRY MONEY BOX
1172,82081,PINK HEARTS PHOTO ALBUM
1173,47504E,ENGLISH ROSE SCISSORS
1174,84934,ASSTD DESIGN POP ART SLIM PEN
1175,21877,HOME SWEET HOME MUG
1176,21398,RED  SPOTTY COFFEE  MUG
1177,16161U,"WRAP,SUKI AND FRIENDS"
1178,21497,FANCY FONTS BIRTHDAY WRAP
1179,22051,BLUE SCANDINAVIAN PAISLEY WRAP
1180,22116,METAL SIGN HIS DINNER IS SERVED
1181,21042,RED SPOTTY APRON 
1182,20615,BLUE SPOTTY PASSPORT COVER
1183,20887,BOX OF 6 PEBBLE CANDLES
1184,20913,SET/5 BLUE SPOTTY LID GLASS BOWLS
1185,21560,TOADSTOOL  LUNCHBOX WITH CUTLERY
1186,35004G,SET OF 3 GOLD FLYING DUCKS
1187,71053,WHITE METAL LANTERN
1188,72349b,SET/6 PURPLE BUTTERFLY T-LIGHTS
1189,72529w,WHITE ADVENT CANDLE
1190,72807c,SET/3 VANILLA SCENTED CANDLE IN BOX
1191,79072,TEATIME CAKE TIN WITH HANDLE
1192,84797b,BLUE SAVANNAH PICNIC HAMPER FOR 4
1193,22165,"DIAMANTE HEART SHAPED WALL MIRROR, "
1194,22166,"WALL MIRROR , RECT DIAMANTE, PINK/"
1195,37340,MULTICOLOUR SPRING FLOWER MUG
1196,84872a,TEATIME FUNKY FLOWER BACKPACK FOR 2
1197,84873a,FUNKY FLOWER PICNIC BAG FOR 4
1198,85114b,IVORY ENCHANTED FOREST PLACEMAT
1199,18096c,WHITE ROUND PORCELAIN TLIGHT HOLDER
1200,21192,WHITE BELL HONEYCOMB PAPER 
1201,84797a,PINK HAWAIIAN PICNIC HAMPER FOR 4
1202,85014b,RED/WHITE DOTS RUFFLED UMBRELLA
1203,85132a,CHARLIE + LOLA BISCUITS TINS
1204,18098c,PORCELAIN BUTTERFLY OIL BURNER
1205,20661,BLUE SPOTTY PURSE 
1206,48173c,DOOR MAT BLACK FLOCK 
1207,79070b,ENGLISH ROSE SQUARE CAKE TINS
1208,84030c,KNITTED RAINBOW HOT WATER BOTTLE
1209,84558a,3D DOG PICTURE PLAYING CARDS
1210,21478,SILVER SKULL HOT WATER BOTTLE 
1211,22058,CERAMIC LOVE HEARTS DESIGN MUG
1212,22308,TEA COSY BLUE STRIPE
1213,47518f,ICON PLACEMAT POP ART ELVIS
1214,15056bl,EDWARDIAN PARASOL BLACK
1215,21153,RED SPOTTY TABLECLOTH 
1216,21189,WHITE HONEYCOMB PAPER GARLAND 
1217,21307,SET/4 BUTTERFLY MIRROR MAGNETS
1218,35004c,SET OF 3 COLOURED  FLYING DUCKS
1219,17181,CIRCLE OF FRIENDS CANDLE HOLDER
1220,21596,Hypochondriac Pill Stress Ball
1221,21658,GLASS  BEURRE DISH
1222,35965,FOLKART HEART NAPKIN RINGS
1223,84796b,BLUE SAVANNAH PICNIC HAMPER FOR 2
1224,85040a,S/4 PINK FLOWER CANDLES IN BOWL
1225,85127,SMALL SQUARE CUT GLASS CANDLESTICK
1226,85164b,BLACK BAROQUE CUCKOO CLOCK
1227,21349,IVY HEART WREATH
1228,21914,BLUE HARMONICA IN BOX 
1229,22164,STRING OF STARS CARD HOLDER
1230,21200,MULTICOLOUR HONEYCOMB PAPER GARLAND
1231,21201,TROPICAL  HONEYCOMB PAPER GARLAND 
1232,21419,CONCH SHELL
1233,22136,LOVE HEART SOCK HANGER
1234,84705b,FAIRY CAKES PHOTO FRAME
1235,84767,ZINC POLICE BOX LANTERN
1236,20784,RED RETRO BAR STOOL
1237,21157,RED SPOTTY WASHBAG
1238,22200,FRYING PAN PINK POLKADOT 
1239,35004s,SET OF 3 SILVER FLYING DUCKS
1240,84509c,DOTTY PLACEMATS 
1241,84951b,S/4 BLACK LOVEBIRD COASTERS
1242,22193,RED DINER WALL CLOCK
1243,22340,NOEL GARLAND PAINTED ZINC 
1244,35793,S/3 PUPPIES CHRISTMAS DECORATIONS
1245,37482p,CUBIC MUG PINK POLKA DOT
1246,79321,CHILLI LIGHTS
1247,85114c,RED ENCHANTED FOREST PLACEMAT
1248,21820,GLITTER HEART GARLAND WITH BELLS 
1249,22318,FIVE HEART HANGING DECORATION
1250,46000P,POLYESTER FILLER PAD 65CMx65CM
1251,46000M,POLYESTER FILLER PAD 45x45cm
1252,21685,MEDINA STAMPED METAL TRAY 
1253,84658,WHITE STITCHED CUSHION COVER
1254,21692,SILVER LATTICE VANILLA CANDLE POT
1255,21691,SILVER VANILLA FLOWER CANDLE POT
1256,90199B,5 STRAND GLASS NECKLACE AMETHYST
1257,21814,HEART T-LIGHT HOLDER 
1258,47570B,TEA TIME TABLE CLOTH
1259,20658,RED SPOTTY LUGGAGE TAG
1260,21355,TOAST ITS - I LOVE YOU 
1261,72814,SET/3 CHRISTMAS BRIAR CANDLES
1262,85125,SMALL ROUND CUT GLASS CANDLESTICK
1263,85126,LARGE ROUND CUTGLASS CANDLESTICK
1264,72529W,WHITE ADVENT CANDLE
1265,21795,SET OF 3 BLUE STRIPE BASKET
1266,21796,SET OF 3 RED STRIPE BASKETS
1267,15036,ASSORTED COLOURS SILK FAN
1268,21742,LARGE ROUND WICKER PLATTER 
1269,21221,SET/4 BADGES CUTE CREATURES
1270,84559B,3D SHEET OF CAT STICKERS
1271,84559D,3D SHEET OF SEA WORLD STICKERS
1272,15056P,EDWARDIAN PARASOL PINK
1273,84199,GLOW IN DARK DOLPHINS
1274,17003,BROCADE RING PURSE 
1275,16238,PARTY TIME PENCIL ERASERS
1276,35085E,IVORY ROSE LAMPSHADE 
1277,10120,DOGGY RUBBER
1278,17164B,ASS COL SMALL SAND GECKO P'WEIGHT
1279,20723,STRAWBERRY CHARLOTTE BAG
1280,47503K,ASSORTED FLORAL SECATEURS
1281,47503J,SET/3 FLORAL GARDEN TOOLS IN BAG
1282,20686,DOLLY MIXTURE CHILDREN'S UMBRELLA
1283,22167,"WALL MIRROR , DIAMANTE OVAL SHAPE"
1284,47594B,SCOTTIES DESIGN WASHBAG
1285,47556B,TEA TIME TEA TOWELS 
1286,84987,SET OF 36 TEATIME PAPER DOILIES
1287,85008,SET OF 3 CONEY ISLAND OVAL BOXES
1288,84709B,PINK OVAL JEWELLED MIRROR
1289,35095A,BLUE VICTORIAN FABRIC OVAL BOX
1290,82581,TOILET METAL SIGN
1291,20830,SILVER PHOTO FRAME
1292,35095B,RED VICTORIAN FABRIC OVAL BOX
1293,20831,GOLD PHOTO FRAME
1294,84533B,FAIRY CAKES ROUND NESTING BOXES
1295,84792,ENCHANTED BIRD COATHANGER 5 HOOK
1296,21272,SALLE DE BAIN HOOK
1297,84406B,CREAM CUPID HEARTS COAT HANGER
1298,22214,CANDLE PLATE LACE WHITE
1299,90010E,AMBER GLASS/SILVER BRACELET
1300,90178A,AMBER CHUNKY GLASS+BEAD NECKLACE
1301,84814B,RHOMBUS CRYSTAL PERFUME BOTTLE
1302,85036B,CHOCOLATE 1 WICK MORRIS BOX CANDLE
1303,79328,BLUE FLOCK GLASS CANDLEHOLDER
1304,22044,CHRISTMAS CARD STACK OF PRESENTS
1305,18098C,PORCELAIN BUTTERFLY OIL BURNER
1306,21112,"SWISS ROLL TOWEL, PINK  SPOTS"
1307,21111,"SWISS ROLL TOWEL, CHOCOLATE  SPOTS"
1308,85034A,3 GARDENIA MORRIS BOXED CANDLES
1309,21640,ASSORTED TUTTI FRUTTI  FOB NOTEBOOK
1310,20716,PARTY FOOD SHOPPER BAG
1311,20730,STRAWBERRY CANDY BAG
1312,37343,SPOTS DESIGN MUG W PINK INSIDE
1313,22231,JIGSAW TREE WITH BIRDHOUSE
1314,21031,SPACE CADET BLACK
1315,21589,SWALLOW GIANT TUBE MATCHES
1316,20770,ABSTRACT CIRCLE JOURNAL 
1317,22023,EMPIRE BIRTHDAY CARD
1318,21839,MUMMY MOUSE RED GINGHAM RIBBON
1319,20776,ABSTRACT CIRCLES NOTEBOOK
1320,20679,EDWARDIAN PARASOL RED
1321,22191,EAU DE NIL DINER WALL CLOCK
1322,22192,BLUE DINER WALL CLOCK
1323,82597,BOMBS AWAY METAL SIGN
1324,40016,CHINESE DRAGON PAPER LANTERNS
1325,15044B,BLUE PAPER PARASOL 
1326,79323G,GOLD  CHERRY LIGHTS
1327,84358,FLOOR LAMP SHADE WOOD BASE
1328,22101,MIRROR MOSAIC VOTIVE HOLDER
1329,84920,PINK FLOWER FABRIC PONY
1330,21811,CHRISTMAS HANGING HEART WITH BELL
1331,16156S,WRAP PINK FAIRY CAKES 
1332,20765,CHRYSANTHEMUM SKETCHBOOK 
1333,21137,BLACK RECORD COVER FRAME
1334,22246,"GARLAND, MAGIC GARDEN 1.8M"
1335,51008,AFGHAN SLIPPER SOCK PAIR
1336,21107,CREAM SLICE FLANNEL PINK SPOT 
1337,84509B,FAIRY CAKE PLACEMATS
1338,22339,CHRISTMAS TREE PAINTED ZINC 
1339,21810,CHRISTMAS HANGING STAR WITH BELL
1340,79534,MULTICOLOUR GLASS PLATE
1341,82615,PINK MARSHMALLOW SCARF KNITTING KIT
1342,21354,TOAST ITS - BEST MUM
1343,22095,LADS ONLY TISSUE BOX
1344,20934,SET/3 POT PLANT CANDLES
1345,21610,SET 12 PEAR BOTANICAL T-LIGHTS
1346,72802A,ROSE SCENT CANDLE IN JEWELLED BOX
1347,35004C,SET OF 3 COLOURED  FLYING DUCKS
1348,85220,SMALL FAIRY CAKE FRIDGE MAGNETS
1349,21341,KASBAH LANTERN WITH GLASS 
1350,21323,HANGING MEDINA LANTERN LARGE
1351,21504,SKULLS GREETING CARD
1352,21340,CLASSIC METAL BIRDCAGE PLANT HOLDER
1353,21347,GOTHIC CARRIAGE LANTERN
1354,84947,ANTIQUE SILVER TEA GLASS ENGRAVED
1355,22184,CAKE STAND VICTORIAN FILIGREE LARGE
1356,71459,HANGING JAM JAR T-LIGHT HOLDER
1357,84371,BIG PINK POODLE
1358,21734,SMALL MARAKESH LANTERN ON STICK
1359,22181,SNOWSTORM PHOTO FRAME FRIDGE MAGNET
1360,21448,12 DAISY PEGS IN WOOD BOX
1361,22322,BIRD DECORATION GREEN  SPOT
1362,84795C,OCEAN STRIPE HAMMOCK 
1363,21304,ARCHED GREY MIRROR
1364,35649,VINTAGE BEAD COSMETIC BAG 
1365,35646,VINTAGE BEAD PINK EVENING BAG
1366,35651,VINTAGE BEAD PINK SCARF 
1367,35648,VINTAGE BEAD PINK PURSE 
1368,16212,FUNKY GIRLZ ASST MAGNETIC MEMO PAD
1369,35096A,BLUE VICTORIAN FABRIC HEART BOX
1370,85222,ASSORTED COLOUR SILK COSMETIC PURSE
1371,85230F,JASMINE VOTIVE CANDLE
1372,21286,RETRO SPOT CANDLE  LARGE
1373,21359,RELAX LARGE WOOD LETTERS
1374,79191C,RETRO PLASTIC ELEPHANT TRAY
1375,22216,T-LIGHT HOLDER WHITE LACE
1376,85065,CREAM SWEETHEART TRAYS
1377,21703,BAG 125g SWIRLY MARBLES
1378,21205,MULTICOLOUR 3D BALLS GARLAND
1379,84692,BOX OF 24 COCKTAIL PARASOLS
1380,22049,WRAP CHRISTMAS SCREEN PRINT
1381,84926B,SCOTTS ROSES TILE COASTER
1382,21464,DISCO BALL ROTATOR BATTERY OPERATED
1383,20668,DISCO BALL CHRISTMAS DECORATION
1384,21009,ETCHED GLASS STAR TREE DECORATION
1385,84562B,BLUE/WHITE RIBBED MELAMINE JUG
1386,75049L,LARGE CIRCULAR MIRROR MOBILE
1387,22148,EASTER CRAFT 4 CHICKS 
1388,84078A,SET/4 WHITE RETRO STORAGE CUBES 
1389,20772,GARDEN PATH JOURNAL
1390,21709,FOLDING UMBRELLA  CHOC/WHITE  SPOT
1391,22278,OVERNIGHT BAG VINTAGE ROSE PAISLEY
1392,84925E,FLOWERS WALL THERMOMETER
1393,84925A,WAKE UP COCKEREL WALL THERMOMETER
1394,21739,COSY SLIPPER SHOES SMALL GREEN
1395,47503F,ASS FLORAL PRINT TORCH
1396,90042B,FRESHWATER PEARL BRACELET PINK
1397,90042A,FRESHWATER PEARL BRACELET GOLD
1398,84989A,75 GREEN FAIRY CAKE CASES
1399,85113,POLKA DOT PISTACHIO PAIL
1400,85107,CUT GLASS T-LIGHT HOLDER OCTAGON
1401,20976,12 PENCILS SMALL TUBE POSY
1402,85049F,BABY BOOM RIBBONS 
1403,85170C,SET/6 EAU DE NIL BIRD T-LIGHTS
1404,85039B,S/4 IVORY MINI ROSE CANDLE IN BOWL
1405,21078,SET/20 STRAWBERRY PAPER NAPKINS 
1406,21981,PACK OF 12 WOODLAND TISSUES 
1407,17109A,FLOWER FAIRY INCENSE LILY
1408,17109C,FLOWER FAIRY INCENSE ROSE
1409,20998,ROSE DU SUD OVEN GLOVE
1410,21645,ASSORTED TUTTI FRUTTI ROUND BOX
1411,21026,SPACE OWL
1412,22344,PARTY PIZZA DISH PINK+WHITE SPOT 
1413,22346,PARTY PIZZA DISH GREEN+WHITE SPOT 
1414,22345,PARTY PIZZA DISH BLUE+WHITE SPOT 
1415,22343,PARTY PIZZA DISH RED WHITE SPOT 
1416,17084R,ASSORTED INCENSE PACK
1417,21838,DADDY MOUSE RED GINGHAM BOW TIE
1418,21983,PACK OF 12 BLUE PAISLEY TISSUES 
1419,85135A,YELLOW DRAGONFLY HELICOPTER
1420,72796A,S/3 ENGLISH LAVENDER SQU CANDLE
1421,72796B,S/3 FRENCH VANILLA SQU CANDLE
1422,85035C,ROSE 3 WICK MORRIS BOX CANDLE
1423,85035A,GARDENIA 3 WICK MORRIS BOXED CANDLE
1424,20869,GOLD FABRIC MIRROR
1425,79190B,RETRO PLASTIC POLKA TRAY
1426,90214S,"LETTER ""S"" BLING KEY RING"
1427,90214J,"LETTER ""J"" BLING KEY RING"
1428,16258B,DAISY ERASERS IN BAG
1429,20986,BLUE CALCULATOR RULER
1430,20985,HEART CALCULATOR
1431,37348,SET OF 4 PASTEL STACKING MUGS
1432,72817,SET/2 CHRISTMAS DECOUPAGE CANDLES
1433,22279,POCKET BAG BLUE PAISLEY RED SPOT
1434,21992,VINTAGE PAISLEY STATIONERY SET
1435,18097B,BLUE TALL PORCELAIN T-LIGHT HOLDER
1436,85221,ASSORTED COLOUR SILK COIN PURSE
1437,84526,GIANT BLACK SUNGLASSES
1438,22096,PINK PAISLEY SQUARE TISSUE BOX 
1439,85088,CANDY SPOT HAND BAG
1440,37474,SET/4 2 TONE EGG SHAPE MIXING BOWLS
1441,21933,PINK VINTAGE PAISLEY PICNIC BAG
1442,21932,SCANDINAVIAN PAISLEY PICNIC BAG
1443,84532B,FAIRY CAKES RECTANGLUAR BOXES
1444,21163,DO NOT TOUCH MY STUFF DOOR HANGER 
1445,21663,VINTAGE GLASS SUGAR CADDY
1446,72811,SMALL ZINC/GLASS CANDLEHOLDER
1447,22175,PINK OWL SOFT TOY
1448,22176,BLUE OWL SOFT TOY
1449,84802B,PURPLE ANEMONE ARTIFICIAL FLOWER
1450,84597C,RETRO PINK BALL ASHTRAY 
1451,84520D,PACK OF 20 FAIRY CAKE PAPER NAPKINS
1452,84925C,FAIRY CAKES  WALL THERMOMETER
1453,82552,WASHROOM METAL SIGN
1454,21609,SET 12 LAVENDER  BOTANICAL T-LIGHTS
1455,21102,"CANDLE IN JAR COLLAGE , VANILLA"
1456,20621,ECONOMY PASSPORT COVER 
1457,21312,LARGE CHUNKY GLASS ROMAN BOWL
1458,21617,4 LILY  BOTANICAL DINNER CANDLES
1459,22123,PING MICROWAVE APRON
1460,22313,OFFICE MUG WARMER PINK
1461,82616C,MIDNIGHT GLAMOUR SCARF KNITTING KIT
1462,21253,SET OF PICTURE FRAME  STICKERS
1463,47580,TEA TIME DES TEA COSY
1464,35599B,BLACK CHRISTMAS TREE 120CM
1465,84968E,S/16 VINTAGE BLACK CUTLERY
1466,84660C,PINK STITCHED WALL CLOCK
1467,79065A,TEATIME ROUND CAKE TINS 
1468,37476,CONDIMENT TRAY 4 BOWLS AND 4 SPOONS
1469,22354,RETRO SPOT PADDED SEAT CUSHION
1470,84623,PINK GINGHAM ROSE FLOOR CUSHION
1471,84619,BLUE GINGHAM ROSE QUILT 
1472,21628,TRIANGULAR POUFFE VINTAGE 
1473,79320, FLAMINGO LIGHTS
1474,22227,"DECORATION, HANGING HEART+MIRROR "
1475,84405A,S/3 PINK COL METAL BASKET W HANDLE
1476,21729,SMALL MARAKESH METAL  LANTERN 
1477,20889,JARDIN DE FEMME SCENTED CANDLE
1478,21327,SKULLS WRITING SET 
1479,21425,SKULLS STORAGE BOX LARGE
1480,21614,SET OF 12 ROSE BOTANICAL T-LIGHTS
1481,21135,VICTORIAN  METAL POSTCARD SPRING
1482,21106,CREAM SLICE FLANNEL CHOCOLATE SPOT 
1483,21007,ETCHED GLASS DROPLET DECORATION
1484,79329,PINK FLOCK GLASS CANDLEHOLDER
1485,82616A,BUBBLE GUM SCARF KNITTING KIT
1486,16012,FOOD/DRINK SPUNGE STICKERS
1487,84249D,FAIRY CAKE GREETINGS CARD
1488,22202,MILK PAN PINK RETROSPOT
1489,79192A,RETRO PLASTIC 70'S TRAY
1490,22046,TEA PARTY  WRAPPING PAPER 
1491,17033,"BROCADE PURSE,SMALL ARCH BUTTON"
1492,21882,SKULLS TAPE
1493,21884,CAKES AND BOWS GIFT  TAPE
1494,21881,CUTE CATS TAPE
1495,21880,RED AND WHITE SPOT TAPE
1496,79336,LIGHT PINK FLOCK GLASS CANDLEHOLDER
1497,22331,WOODLAND PARTY BAG + STICKER SET
1498,85097B,BLUE ROCKING SINGING CANARY
1499,85111,SILVER GLITTER FLOWER VOTIVE HOLDER
1500,21507,"ELEPHANT, BIRTHDAY CARD, "
1501,22157,ANGEL DECORATION WITH LACE PADDED
1502,84952C,MIRROR LOVE BIRD T-LIGHT HOLDER
1503,21518,BANK ACCOUNT  GREETING  CARD 
1504,84600,NEW BAROQUE JEWELLERY BOX 
1505,84510C,SET OF 4 POLKADOTS COASTERS
1506,17109B,FLOWER FAIRY INCENSE LAVENDER
1507,20669,RED HEART LUGGAGE TAG
1508,21681,GIANT MEDINA STAMPED METAL BOWL 
1509,84828,JUNGLE POPSICLES ICE LOLLY HOLDERS
1510,10138,ASSORTED COLOUR JUMBO PEN
1511,35981C,WHITE SNOW SCANDINAVIAN STOCKING 
1512,84510F,SET OF 4 NEW ENGLAND COASTERS 
1513,20736,PINK MINI TAPE MEASURE 
1514,85162C,WHITE RETRODISC LAMPSHADE
1515,47579,TEA TIME BREAKFAST BASKET
1516,21337,SILVER WASHBAG
1517,72484,ROSES IN WHITE HEART CANDLE 
1518,37494A,FAIRY CAKE CERAMIC BUTTER DISH
1519,20906,VINTAGE NOTEBOOK BEAUTY GIRL
1520,85032A,ROMANTIC IMAGES GIFT WRAP SET
1521,85018D,YULETIDE IMAGES S/6 PAPER BOXES
1522,84708B,PINK JEWELLED PHOTO FRAME 
1523,21391,FRENCH EMROIDR LAVENDER SCENT HEART
1524,90035C,"PEARL & SHELL 42""NECKL. IVORY"
1525,90082A,DIAMANTE BOW BROOCH GREEN COLOUR
1526,21077,SET/20 WOODLAND PAPER NAPKINS 
1527,90035B,"PEARL & SHELL 42""NECKL. PINK"
1528,79163,BLACK CHAMPAGNE GLASS
1529,72779,SET/6 BLACK ROSE T-LIGHT CANDLES
1530,85230G,ORANGE VOTIVE CANDLE
1531,72024U,LILAC VOTIVE CANDLE
1532,84969,ASSORTED COLOUR SET 6 TEASPOONS
1533,22309,TEA COSY RED  STRIPE
1534,21973,SET OF 36 MUSHROOM PAPER DOILIES
1535,35918B,BLUE FLORIBUNDA EGG WARMER
1536,85032D,YULETIDE IMAGES GIFT WRAP SET
1537,20990,SPRING FLOWER CHOPSTICKS SET/5
1538,35914,PINK CHICK EGG WARMER + EGG CUP
1539,47590A,BLUE HAPPY BIRTHDAY BUNTING
1540,35610B,BLACK CHRISTMAS FLOCK DROPLET 
1541,85164B,BLACK BAROQUE CUCKOO CLOCK
1542,85168B,BLACK BAROQUE CARRIAGE CLOCK
1543,85168A,WHITE BAROQUE CARRIAGE CLOCK
1544,21924,BLUE/CREAM STRIPE FRINGE HAMMOCK
1545,84795E,RIO PINK STRIPE HAMMOCK
1546,21937,STRAWBERRY   PICNIC BAG
1547,22047,EMPIRE GIFT WRAP
1548,21676,FLOWERS  STICKERS
1549,85226A,WHITE/BLUE PULL BACK RACING CAR
1550,78056,CAMOUFLAGE BACKPACK ON WHEELS
1551,21146,ANTIQUE GLASS RIDGED HANGING BALL
1552,22084,PAPER CHAIN KIT EMPIRE
1553,85177,BASKET OF FLOWERS SEWING KIT
1554,22097,SWALLOW SQUARE TISSUE BOX
1555,90125E,AMBER BERTIE GLASS BEAD BAG CHARM
1556,90129B,TURQUOISE GLASS TASSLE BAG CHARM 
1557,21552,CERAMIC BIRDHOUSE BLACK ROSE  LARGE
1558,84874B,BLUE TRAVEL FIRST AID KIT
1559,72754D,F FAIRY POTPOURRI CUSHIONS SUMMER
1560,20818,GOLD TEDDY BEAR
1561,18007,ESSENTIAL BALM 3.5g TIN IN ENVELOPE
1562,85185C,COW  SOCK PUPPET
1563,21551,CERAMIC BIRDHOUSE BUTTERFLY LARGE
1564,84497,BUTTONS AND STRIPES NOTEBOOK 
1565,84625C,BLUE NEW BAROQUE CANDLESTICK CANDLE
1566,47592A,CAROUSEL DES CHILD'S OVERALL
1567,47593B,SCOTTIES DESIGN BABY BIB
1568,21158,MOODY GIRL DOOR HANGER 
1569,47420,ASSORTED COLOUR SUCTION CUP HOOK
1570,22170,PICTURE FRAME WOOD TRIPLE PORTRAIT
1571,37506,NEW ENGLAND MILK JUG W GIFT BOX
1572,22129,PARTY CONES CANDY TREE DECORATION
1573,21632,VINTAGE PINK DECORATIVE PARASOL
1574,47503G,ASS FLORAL PRINT TAPE MEASURE
1575,84620,BLUE GINGHAM ROSE CUSHION COVER
1576,22341,LOVE GARLAND PAINTED ZINC 
1577,22342,HOME GARLAND PAINTED ZINC 
1578,72818,CHRISTMAS DECOUPAGE CANDLE
1579,90148,LONG SILVER NECKLACE PASTEL FLOWER
1580,90139,FLOWER BROOCH 4 ASSORTED COLOURS
1581,90203,SILVER CHARM NECKLACE 70CM
1582,90180A,BLACK+WHITE NECKLACE W TASSEL
1583,90147,CHUNKY SILVER NECKLACE PASTEL FLOWE
1584,90155,RESIN NECKLACE W PASTEL BEADS
1585,84688,BEACH HUT DESIGN BLACKBOARD
1586,21390,FILIGRIS HEART WITH BUTTERFLY
1587,35809B,ENAMEL BLUE RIM TEA CONTAINER
1588,35810B,ENAMEL BLUE RIM COFFEE CONTAINER
1589,90214A,"LETTER ""A"" BLING KEY RING"
1590,22061,LARGE CAKE STAND  HANGING STRAWBERY
1591,21972,SET OF 36 DINOSAUR PAPER DOILIES
1592,21211,SET OF 72 SKULL PAPER  DOILIES
1593,90002E,FLOWER BURST SILVER RING GREEN
1594,90002B,FLOWER BURST SILVER RING ROSE
1595,90002D,FLOWER BURST SILVER RING CRYSTAL
1596,90002C,FLOWER BURST SILVER RING MIDN'T BLU
1597,90175D,TIGRIS EYE CHUNKY CHARM BRACELET
1598,90190A,SILVER/CRYSTAL DROP EARRINGS W LEAF
1599,90072,RUBY DROP CHANDELIER EARRINGS
1600,90073,VINTAGE ENAMEL & CRYSTAL EARRINGS
1601,47570,ENGLISH ROSE TABLE CLOTH
1602,84247K,"FOLK ART GREETING CARD,pack/12"
1603,21468,BUTTERFLY CROCHET FOOD COVER
1604,85185F,LION SOCK PUPPET
1605,21655,HANGING RIDGE GLASS T-LIGHT HOLDER
1606,47556,SET/2 SPOTTY + ROSE TEA TOWELS 
1607,22210,WOOD STAMP SET BEST WISHES
1608,84818,DANISH ROSE PHOTO FRAME
1609,21350,GINGHAM HEART WREATH
1610,21010,ETCHED GLASS BIRD TREE DECORATION
1611,71038,WHITE HANGING BEADS CANDLE HOLDER
1612,21873,IF YOU CAN'T STAND THE HEAT MUG
1613,21872,GLAMOROUS  MUG
1614,21874,GIN AND TONIC MUG
1615,85159B,"WHITE TEA,COFFEE,SUGAR JARS"
1616,85169B,BLACK LOVE BIRD CANDLE
1617,85170B,SET/6 BLACK BIRD T-LIGHT CANDLES
1618,85212,MINI PAINTED GARDEN DECORATION 
1619,72739C,DARK CHOCOLATE SCENTCANDLE
1620,72740A,LARGE STRAWBERRY CHOCOLATE CANDLE
1621,81952V,ROUND PURPLE CLOCK W/SUCKER
1622,82599,FANNY'S REST STOPMETAL SIGN
1623,82613C,"METAL SIGN,CUPCAKE SINGLE HOOK"
1624,84711B,PINK OVAL SHAPE TRINKET BOX
1625,84971S,SMALL HEART FLOWERS HOOK 
1626,85098B,BLUE FLYING SINGING CANARY
1627,85130D,BEADED CRYSTAL HEART PINK LARGE
1628,85135C,RED DRAGONFLY HELICOPTER
1629,90018B,GOLD M.O.P ORBIT DROP EARRINGS
1630,90065A,WHITE VINTAGE CRYSTAL BRACELET
1631,90071,RUBY GLASS CLUSTER EARRINGS
1632,90133,TEAL/FUSCHIA COL BEAD NECKLACE
1633,90179B,PURPLE FINE BEAD NECKLACE W TASSEL
1634,90181B,AMETHYST GLASS/SHELL/PEARL NECKLACE
1635,90195A,PURPLE GEMSTONE BRACELET
1636,90197B,BLACK GLASS BRACELET W HEART CHARMS
1637,90201B,BLACK ENAMEL FLOWER RING
1638,90202B,WHITE ENAMEL FLOWER HAIR TIE
1639,90211B,JET BLACK LAS VEGAS NECKLACE 45CM
1640,21894,POTTING SHED SEED ENVELOPES
1641,22314,OFFICE MUG WARMER CHOC+BLUE
1642,35609A,PINK FEATHER CHRISTMAS DECORATION
1643,37379A,PINK CHERRY BLOSSOM CUP & SAUCER
1644,37423,WHITE WITH BLACK CATS PLATE
1645,37482P,CUBIC MUG PINK POLKA DOT
1646,37492B,BLUE YELLOW FLOWER PIGGY BANK
1647,46775A,BUBBLE GUM CHUNKY KNITTED THROW 
1648,84081,WHITE CERAMIC PARTY SET (5PCS)
1649,21665,TRIANGULAR RIDGED GLASS POSY HOLDER
1650,21666, RIDGED GLASS T-LIGHT HOLDER
1651,21683,MEDIUM MEDINA STAMPED METAL BOWL 
1652,21853,GUMBALL CUSTOM CARS TOP TRUMPS GAME
1653,21860,DR WHO TOP TRUMPS GAME
1654,21936,RED/WHITE SPOT PICNIC BAG
1655,21974,SET OF 36 PAISLEY FLOWER DOILIES
1656,21984,PACK OF 12 PINK PAISLEY TISSUES 
1657,21991,BOHEMIAN COLLAGE STATIONERY SET
1658,21641,ASSORTED TUTTI FRUTTI KEYRING BALL
1659,20996,JAZZ HEARTS ADDRESS BOOK
1660,21129,SILVER FISHING GNOME 
1661,21144,PINK POODLE HANGING DECORATION 
1662,21195,PINK  HONEYCOMB PAPER BALL 
1663,21220,SET/4 BADGES DOGS
1664,21372,MIRRORED WALL ART TABLE LAMP
1665,21384,IVORY HANGING DECORATION  BUTTERFLY
1666,21408,SPOTTY PINK DUCK DOORSTOP
1667,16236,KITTY PENCIL ERASERS
1668,16243B,BROWN COZY SQUARE PHOTO ALBUM
1669,16244A,MAXWELL 2 TONE PINK 60 PAGE PHOTO A
1670,17096,ASSORTED LAQUERED INCENSE HOLDERS
1671,20617,FIRST CLASS PASSPORT COVER 
1672,20620,RED SPOTTY PASSPORT COVER
1673,20671,BLUE TEATIME PRINT BOWL 
1674,20672,PINK TEATIME PRINT BOWL
1675,20701,PINK CAT FLORAL CUSHION COVER 
1676,20737,RED MINI TAPE MEASURE 
1677,20845,ZINC HEART LATTICE 2 WALL PLANTER
1678,20954,*USB Office Mirror Ball
1679,90010B,BLACK/WHITE GLASS/SILVER BRACELET
1680,90011D,PURPLE CRYSTAL DROP EARRINGS
1681,90013B,BLACK VINTAGE EARRINGS
1682,90019A,SILVER M.O.P ORBIT BRACELET
1683,90024E,NEW BAROQUE B'FLY NECKLACE MONTANA
1684,90025E,BAROQUE BUTTERFLY EARRINGS MONTANA
1685,90027D,GLASS BEAD HOOP EARRINGS AMETHYST
1686,90033,IVORY SHELL HEART EARRINGS
1687,90034,WHITE SILVER NECKLACE SHELL GLASS
1688,90059A,DIAMANTE HAIR GRIP PACK/2 CRYSTAL
1689,90124A,PINK MURANO TWIST NECKLACE
1690,90160B,RED BOUDICCA LARGE BRACELET
1691,90161B,ANT COPPER TURQ BOUDICCA BRACELET
1692,90161C,ANT COPPER LIME BOUDICCA BRACELET
1693,90164B,WHITE  ROSEBUD PEARL BRACELET
1694,90181C,BLACK GLASS/SHELL/PEARL NECKLACE
1695,90183C,BLACK DROP EARRINGS W LONG BEADS
1696,90212B,JET BLACK LAS VEGAS BRACELET ROUND
1697,85114C,RED ENCHANTED FOREST PLACEMAT
1698,85166A,WHITE METAL BAROQUE PHOTO FRAME
1699,10002R,ROBOT PENCIL SHARPNER
1700,16202A,PASTEL PINK PHOTO ALBUM 
1701,16239,BALLERINA HEART DECORATION.
1702,22230,JIGSAW TREE WITH WATERING CAN
1703,22248,DECORATION  PINK CHICK MAGIC GARDEN
1704,22260,FELT EGG COSY BLUE RABBIT 
1705,22269,EGG CUP NATURAL CHICKEN
1706,22293,"SPRING DEC , HANGING CHICK  GREEN"
1707,35096B,RED VICTORIAN FABRIC HEART BOX
1708,35598D,PINK/WHITE CHRISTMAS TREE 60CM
1709,35653,VINTAGE BEAD NOTEBOOK
1710,35966,FOLKART CHRISTMAS TREE T-LIGHT HOLD
1711,35967,FOLK ART METAL STAR T-LIGHT HOLDER
1712,35968,FOLK ART METAL HEART T-LIGHT HOLDER
1713,35969,FOLKART CROWN TABLE DECORATIONS
1714,37467,PIG MUG IN TWO COLOUR DESIGNS
1715,47503A,ASS FLORAL PRINT MULTI SCREWDRIVER
1716,79051A,SMOKEY GREY COLOUR D.O.F. GLASS
1717,79191D,RETRO PLASTIC DAISY TRAY
1718,79303B,BLUE STAR BLOCK TABLE LAMP
1719,82585,SWEET VALENCIA CANDLE+CUP
1720,82605,OLD DOC.RUSSEL METAL SIGN
1721,82613A,"METAL SIGN,CUPCAKE SINGLE HOOK"
1722,84429A,MEDIUM PINK BUDDHA HEAD 
1723,84569A,PACK 3 IRON ON DOG PATCHES
1724,84569C,PACK 4 FLOWER/BUTTERFLY PATCHES
1725,84673A,PINK FLY SWAT
1726,84683,CLASSICAL ROSE CANDLESTAND
1727,84685,BEACH HUT KEY CABINET
1728,84712B,PINK JEWELLED PHOTO FRAME
1729,84907,PINK/YELLOW PATCH CUSHION COVER
1730,84913B,MINT GREEN ROSE TOWEL
1731,85017B,ENVELOPE 50 BLOSSOM IMAGES
1732,17039,INLAID WOOD INCENSE HOLDER
1733,18094C,WHITE/BLUE RECT CERAMIC OIL BURNER
1734,20653,CHERRY BLOSSOM LUGGAGE TAG
1735,20735,BLACK MINI TAPE MEASURE 
1736,20764,ABSTRACT CIRCLES SKETCHBOOK 
1737,20778,GARDEN PATH NOTEBOOK 
1738,20862,PINK PATCH PENCIL CASE BLUE HEART
1739,20878,SET/9 CHRISTMAS T-LIGHTS SCENTED 
1740,20933,YELLOW POT PLANT CANDLE
1741,20950,SET/6  ANGEL T-LIGHTS WHITE/GOLD
1742,21040,MODERN VINTAGE COTTON SHOPPING BAG
1743,21065,BOOM BOX SPEAKER GIRLS
1744,21193,WHITE HONEYCOMB PAPER FAN 
1745,21267,VINTAGE PINK TINSEL REEL 
1746,21294,ETCHED GLASS COASTER
1747,21563,RED HEART SHAPE LOVE BUCKET 
1748,21595,Dad's Cab Electronic Meter
1749,21659,GLASS CAKE STAND
1750,21675,BUTTERFLIES STICKERS
1751,21678,PAISLEY PATTERN  STICKERS
1752,21717,EASTER TIN BUCKET
1753,21723,ALPHABET HEARTS STICKER SHEET
1754,21775,DECORATIVE FLORE BATHROOM BOTTLE
1755,21801,CHRISTMAS TREE DECORATION WITH BELL
1756,21802,CHRISTMAS TREE HEART DECORATION
1757,21803,CHRISTMAS TREE STAR DECORATION
1758,21823,PAINTED METAL HEART WITH HOLLY BELL
1759,21824,PAINTED METAL STAR WITH HOLLY BELLS
1760,21846,PINK DIAMANTE PEN IN GIFT BOX
1761,21851,LILAC DIAMANTE PEN IN GIFT BOX
1762,21944,KITTENS DESIGN FLANNEL
1763,22067,CHOC TRUFFLE GOLD TRINKET POT 
1764,22094,RED POLKA DOT TISSUE BOX
1765,22099,CARAVAN SQUARE TISSUE BOX
1766,22100,SKULLS SQUARE TISSUE BOX
1767,90029,NEW BAROQUE SMALL NECKLACE BLACK
1768,21695,SMALL SILVER FLOWER CANDLE POT
1769,21358,TOAST ITS - HAPPY BIRTHDAY
1770,21262,WHITE GOOSE FEATHER CHRISTMAS TREE 
1771,16202B,PASTEL BLUE PHOTO ALBUM 
1772,20905,VINTAGE KEEPSAKE BOX BEAUTY GIRL
1773,46775B,BERRIES CHUNKY KNITTED THROW 
1774,47578A,ENGLISH ROSE SMALL SCENTED FLOWER
1775,85151,WELCOME METAL SIGN
1776,20693,FLORAL DINOSAUR GREEN
1777,84705D,CHERRY BLOSSOM PHOTO FRAME 
1778,84247J,PACK/12 RUSSIAN DOLL CARDS
1779,35241,ENAMEL BLUE RIM BISCUIT BIN
1780,22265,EASTER DECORATION NATURAL CHICK
1781,79030G,"TUMBLER, NEW ENGLAND"
1782,21171,BATHROOM METAL SIGN 
1783,85129C,BEADED CRYSTAL HEART BLUE SMALL
1784,21388,IVORY HANGING DECORATION  CHICKEN
1785,84705A,ENGLISH ROSE PHOTO FRAME 
1786,85163A,WHITE BAROQUE WALL CLOCK 
1787,85165,CANDY PINK FRENCH BOUDOIR CLOCK
1788,84705F,RED PEONY PHOTO FRAME 
1789,21281,VINTAGE KITCHEN PRINT SEAFOOD
1790,21279,VINTAGE KITCHEN PRINT FRUITS
1791,21613,S/12 VANILLA  BOTANICAL T-LIGHTS
1792,84690,S/2 BEACH HUT STOOLS
1793,21282,NATURAL BARK CANDLE LARGE
1794,72351A,SET/6 TURQUOISE BUTTERFLY T-LIGHTS
1795,85080,PADDED RED HEART DECORATION
1796,35603C,SET/16 WHITE SHINY & MATT BAUBLES
1797,20793,BLUE TILED TRAY
1798,84750B,BLACK SMALL GLASS CAKE STAND
1799,84765,SILVER ROCOCO CANDELABRA
1800,47563A,RETRO LONGBOARD IRONING BOARD COVER
1801,37477B,"FLOWER FAIRY MUG+COASTER,LAVENDER"
1802,85025C,PINK HEART SHAPE PHOTO FRAME
1803,35911A,MULTICOLOUR RABBIT EGG WARMER
1804,82011B,BATHROOM SCALES RUBBER DUCKS
1805,21555,CERAMIC STRAWBERRY TRINKET TRAY
1806,37327,ASSTD MULTICOLOUR CIRCLES MUG
1807,84875A,PINK SQUARE COMPACT MIRROR
1808,35821P,"JEWELLED DECORATION,PINK"
1809,62018,SOMBRERO 
1810,22220,CAKE STAND LOVEBIRD 2 TIER WHITE
1811,90129C,GREEN GLASS TASSLE BAG CHARM
1812,20988,TRELLIS FLOWER CHOPSTICKS SET/5
1813,84572,6 HOOK JEWEL STAND LILAC DRESS
1814,17084N,FAIRY DREAMS INCENSE 
1815,21011,GLITTER SNOW PEAR TREE DECORATION
1816,21550,CERAMIC BIRDHOUSE CRESTED TIT LARGE
1817,47569,ENGLISH ROSE DESIGN SHOPPING BAG
1818,17084G,MOON INCENSE
1819,10080,GROOVY CACTUS INFLATABLE
1820,21849,SILVER DIAMANTE PEN IN GIFT BOX
1821,20871,OPULENT VELVET SET/3 CANDLES
1822,21118,SHOPPING BAG DOORSTOP
1823,35751D,PINK CURRENT CANDLE RING
1824,72038P,PRICE'S CANDLE PEACH
1825,72750A,"F.FAIRY S/3 CANDLE/GLASS,LILY/VALLY"
1826,35015,JACOBS LADDER SMALL
1827,90014C,SILVER/BLACK ORBIT NECKLACE
1828,20819,SILVER TEDDY BEAR
1829,16202E,BLACK PHOTO ALBUM 
1830,16201B,PASTEL BLUE PHOTO ALBUM
1831,16201A,PASTEL PINK PHOTO ALBUM
1832,20696,FLORAL SOFT CAR TOY
1833,85089,CANDY SPOT BUNNY
1834,40046A,RED DAISY PAPER LAMPSHADE
1835,22182,CAKE STAND VICTORIAN FILIGREE SMALL
1836,16202C,BEIGE PHOTO ALBUM
1837,85224,ASSORTED COLOUR SILK GLASSES CASE
1838,22078,RIBBON REEL LACE DESIGN 
1839,85007,SET OF 3 VINTAGE TEA TIME BOXES
1840,21076,SET/20 COLLAGE PAPER NAPKIN 
1841,22059,CERAMIC STRWBERRY DESIGN MUG
1842,84569D,PACK 6 HEART/ICE-CREAM PATCHES
1843,22209,WOOD STAMP SET HAPPY BIRTHDAY
1844,21402,RED  EGG  SPOON
1845,21403,BLUE EGG  SPOON
1846,21285,RETRO SPOT CANDLE  MEDIUM
1847,17136A,BLUE STONES ON WIRE FOR CANDLE
1848,82607A,GLASS BONBON JAR PARFUME AUX FLEURE
1849,82607E,GLASS BONBON JAR. D'AMANDES
1850,72369A,PINK CLEAR GLASS CANDLE PLATE
1851,72351B,SET/6 PINK  BUTTERFLY T-LIGHTS
1852,22228,BUNNY WOODEN PAINTED WITH BIRD 
1853,21438,TUB 24 HANGING EASTER EGGS SPOTTY
1854,22270,HAPPY EASTER HANGING DECORATION
1855,22284,HEN HOUSE DECORATION
1856,21206,STRAWBERRY HONEYCOMB  GARLAND 
1857,21203,BUTTERFLIES  HONEYCOMB GARLAND
1858,21188,3D HEARTS  HONEYCOMB PAPER GARLAND
1859,85179C,PINK BITTY LIGHT CHAIN
1860,85179A,GREEN BITTY LIGHT CHAIN
1861,85180A,RED HEARTS LIGHT CHAIN 
1862,21123,SET/10 IVORY SPOTTY PARTY CANDLES
1863,85185E,DUCK SOCK PUPPET
1864,16169M,WRAP DAISY CARPET 
1865,21629,SQUARE FLOOR CUSHION VINTAGE PINK 
1866,21769,VINTAGE POST OFFICE CABINET
1867,85069,CREAM SWEETHEART DOUBLE SHELF
1868,21696,SMALL SILVER TRELLIS CANDLEPOT
1869,21693,SMALL HAMMERED SILVER CANDLEPOT 
1870,21651,HANGING GLASS ETCHED TEALIGHT
1871,84993B,75 BLACK PETIT FOUR CASES
1872,85040A,S/4 PINK FLOWER CANDLES IN BOWL
1873,90083,CRYSTAL CZECH CROSS PHONE CHARM
1874,16215,FUNKY GIRLZ MAGNETIC TO DO LIST 
1875,21380,WOODEN HAPPY BIRTHDAY GARLAND
1876,15039,SANDALWOOD FAN
1877,84627,CANDY STRIPE ROSE C/COVER 
1878,21276,TWO EMBOSSED HEART MINI DRAWERS
1879,22310,KNITTED MUG COSY IVORY COLOUR 
1880,21620,S/4 ROSE    BOTANICAL  CANDLE
1881,21690,SILVER  CANDLEPOT JARDIN 
1882,84537B,FAIRY CAKES GIFT BAG
1883,22033,BOTANICAL ROSE GREETING CARD
1884,22032,BOTANICAL LILY GREETING CARD
1885,16161M,WRAP  PINK FLOCK
1886,21450,DISTRESSED CANDLE STICK WHITE
1887,84763,ZINC FINISH 15CM PLANTER POTS
1888,35810A,ENAMEL PINK COFFEE CONTAINER
1889,35809A,ENAMEL PINK TEA CONTAINER
1890,35811A,ENAMEL PINK SUGAR CONTAINER
1891,21054,NURSE'S BAG SOFT TOY
1892,21056,DOCTOR'S BAG SOFT TOY
1893,20702,PINK PADDED MOBILE
1894,21303,FILIGREE WALL MIRROR  ANTIQUE WHITE
1895,85131A,BEADED PEARL HEART WHITE ON STICK
1896,21657,MILK BOTTLE WITH GLASS STOPPER 
1897,85078,SCANDINAVIAN 3 HEARTS NAPKIN RING
1898,84745A,PINK HANGING GINGHAM EASTER HEN
1899,84745B,BLUE HANGING GINGHAM EASTER HEN
1900,22292,"SPRING DEC , HANGING CHICK  YELLOW"
1901,22287,"DECORATION , WOBBLY CHICKEN, METAL "
1902,84882,GREEN WIRE STANDING CANDLE HOLDER
1903,21427,SKULLS STORAGE BOX SMALL
1904,22332,SKULLS PARTY BAG + STICKER SET
1905,22053,EMPIRE DESIGN ROSETTE
1906,10109,BENDY COLOUR PENCILS
1907,21910,WAY OUT METAL SIGN 
1908,37345,ASSTD HEARTS DESIGN MUGS
1909,22204,MILK PAN BLUE RETROSPOT
1910,84509G,FAIRY CAKE PLACEMATS 
1911,21564,PINK  HEART SHAPE LOVE BUCKET 
1912,84687,BEACH HUT SHELF W 3 DRAWERS
1913,21536,DAIRY MAID  SMALL  MILK JUG
1914,90214C,"LETTER ""C"" BLING KEY RING"
1915,90214D,"LETTER ""D"" BLING KEY RING"
1916,35953,FOLKART STAR CHRISTMAS DECORATIONS
1917,21127,COLOURFUL FISHING GNOME
1918,21306,SET/4 DAISY MIRROR MAGNETS
1919,84415B,BLUE FLOCK CUSHION COVER 
1920,37333,"RETRO ""TEA FOR ONE"" "
1921,84989B,75 BLACK FAIRY CAKE CASES
1922,72799A,BLACK PILLAR CANDLE SILVER FLOCK
1923,85173,SET/6 FROG PRINCE T-LIGHT CANDLES
1924,21644,ASSORTED TUTTI FRUTTI HEART BOX
1925,35824C,"HANGING FLOWERS+MIRROR,CLEAR"
1926,35817B,"ACRYLIC JEWEL SNOWFLAKE,BLUE"
1927,84875D,BLUE SQUARE COMPACT MIRROR
1928,46000U,POLYESTER FILLER PAD 30CMx30CM
1929,84255B,ORANGE COCKTAIL GLASS LAMP
1930,46776F,WOVEN ROSE GARDEN CUSHION COVER 
1931,15060B,FAIRY CAKE DESIGN UMBRELLA
1932,84912A,PINK ROSE WASHBAG
1933,84922,PINK BUTTERFLY WASHBAG
1934,21000,ROSE DU SUD COSMETICS BAG
1935,90190B,GOLD/AMBER DROP EARRINGS W LEAF
1936,90019C,SILVER BLACK ORBIT BRACELET
1937,90024C,NEW BAROQUE B'FLY NECKLACE GREEN
1938,90011B,BLACK CRYSTAL DROP EARRINGS
1939,90012B,BLACK DROP CRYSTAL NECKLACE
1940,85023B,EAU DE NILE JEWELLED PHOTOFRAME
1941,21509,COWBOYS AND INDIANS BIRTHDAY CARD 
1942,79190D,RETRO PLASTIC DAISY TRAY
1943,79190A,RETRO PLASTIC 70'S TRAY
1944,10134,COLOURING PENCILS BROWN TUBE
1945,21051,RIBBONS PURSE 
1946,72803B,OCEAN SCENT CANDLE JEWELLED DRAWER
1947,47592B,SCOTTIES DESIGN CHILD'S OVERALL
1948,84548,CROCHET BEAR RED/BLUE  KEYRING
1949,84676,BATH DUCK WATERING CAN
1950,16015,MEDIUM CHINESE STYLE SCISSOR
1951,20847,ZINC HEART LATTICE CHARGER LARGE
1952,20902,VINTAGE KEEPSAKE BOX PARIS DAYS
1953,20910,VINTAGE PHOTO ALBUM PARIS DAYS
1954,21194,PINK  HONEYCOMB PAPER FAN
1955,21207,SKULL AND CROSSBONES  GARLAND 
1956,21250,SET OF SKULL WALL STICKERS
1957,21293,MIRRORED DOVE WALL DECORATION
1958,21311,SET/4 BIRD MIRROR MAGNETS 
1959,21630,FLOOR CUSHION ELEPHANT CARNIVAL
1960,21634,ASSORTED MINI MADRAS NOTEBOOK
1961,21656,RIDGED GLASS POSY VASE 
1962,21774,DECORATIVE CATS BATHROOM BOTTLE
1963,21903,MAN FLU METAL SIGN
1964,21923,RED/CREAM STRIPE FRINGE HAMMOCK
1965,21950,SET OF 6 DOTS CHOPSTICKS
1966,22057,CERAMIC PLATE STRAWBERRY DESIGN
1967,22323,PINK POLKADOT KIDS BAG
1968,35611B,BLACK ASSORTED DROPLET DECORATION
1969,35915C,PEACH KNITTED HEN 
1970,46118,FUNKY MONKEY CUSHION COVER
1971,47481,50CM METAL STRING WITH  7 CLIPS
1972,47504H,ENGLISH ROSE SPIRIT LEVEL 
1973,47504J,ENGLISH ROSE SET/3 GARDEN TOOLS
1974,71406C,BLACK ORANGE SQUEEZER
1975,78124,MAGAZINE RACK GEBRA ASSORTED 
1976,79315W,FLYING SAUCER TABLE LIGHT IN WHITE
1977,84247L,FAWN AND MUSHROOM GREETING CARD
1978,84250M,"GREETING CARD, BLACKPOOL ROCK"
1979,84292,ROSE PINK METAL FOLDING CHAIR
1980,84306,S/3 PINK SQUARE PLANTERS ROSES
1981,84584,PINK GINGHAM CAT WITH SCARF
1982,84638,SMALL KITCHEN FLOWER POTS PLAQUE
1983,84659A,WHITE TRAVEL ALARM CLOCK
1984,84675,FROG KING WATERING CAN
1985,84968A,S/16 VINTAGE ROSE CUTLERY
1986,85039C,S/4 BLACK MINI ROSE CANDLE IN BOWL
1987,85121B,RETRO LAUNDRY TUB PINK
1988,85136B,BLUE SHARK HELICOPTER
1989,90010A,MIDNIGHT BLUE GLASS/SILVER BRACELET
1990,90011A,MIDNIGHT BLUE CRYSTAL DROP EARRINGS
1991,90012A,MIDNIGHT BLUE DROP CRYSTAL NECKLACE
1992,90013A,MIDNIGHT BLUE VINTAGE EARRINGS
1993,90028,NEW BAROQUE LARGE NECKLACE BLK/WHIT
1994,90035A,"PEARL & SHELL 42""NECKL. GREEN"
1995,90036A,FLOWER GARLAND NECKLACE RED
1996,90040A,MURANO STYLE GLASS BRACELET RED
1997,90040B,MURANO STYLE GLASS BRACELET BLACK
1998,90059D,DIAMANTE HAIR GRIP PACK/2 PERIDOT
1999,90063B,BLACK VINT ART DEC CRYSTAL NECKLACE
2000,90176A,CLASSIC DIAMANTE NECKLACE JET
2001,90180B,PURPLE AMETHYST NECKLACE W TASSEL
2002,90185D,CRYSTAL DIAMANTE EXPANDABLE RING
2003,90186A,AMETHYST HOOP EARRING FLORAL LEAF
2004,90187B,GREEN DROP EARRINGS W BEAD CLUSTER
2005,16244B,MAXWELL 2 TONE BLUE 60 PAGE PHOTO A
2006,84706B,FAIRY CAKES TABLE CLOCK
2007,22334,DINOSAUR PARTY BAG + STICKER SET
2008,37441,ASSORTED WHITE EMBOSSED CHINA MUGS
2009,20893,HANGING BAUBLE T-LIGHT HOLDER SMALL
2010,22074,6 RIBBONS SHIMMERING PINKS 
2011,20733,GOLD MINI TAPE MEASURE 
2012,21682,LARGE MEDINA STAMPED METAL BOWL 
2013,21392,RED SPOTTY PUDDING BOWL
2014,35958,FOLKART ZINC STAR CHRISTMAS DEC
2015,84725,FREESTYLE CANVAS ART PICTURE
2016,84721,MANHATTAN CANVAS ART PICTURE
2017,72045D,ROSES ON BLUE TEACUP CANDLE 
2018,84247G,"DECOUPAGE,GREETING CARD,"
2019,84581,DOG TOY WITH PINK CROCHET SKIRT
2020,79338,DARK PINK FLOCK GLASS CANDLEHOLDER
2021,21728,METAL MEDINA LANTERN 
2022,21324,HANGING MEDINA LANTERN SMALL
2023,21667,GLASS CAKE COVER AND PLATE
2024,21288,STRIPEY CHOCOLATE NESTING BOXES
2025,22098,BOUDOIR SQUARE TISSUE BOX
2026,47562,ENGLISH ROSE IRONING BOARD COVER
2027,22291,"SPRING DEC , HANGING CHICK CREAM"
2028,84906,PINK B'FLY C/COVER W BOBBLES
2029,21389,IVORY HANGING DECORATION  BIRD
2030,20738,GREEN MINI TAPE MEASURE 
2031,16014,SMALL CHINESE STYLE SCISSOR
2032,16016,LARGE CHINESE STYLE SCISSOR
2033,85079,EMBROIDERED REINDEER DECORATION
2034,21447,12 IVORY ROSE PEG PLACE SETTINGS
2035,84761,IVORY HANGING BIRD PLANTER 
2036,21446,12 RED ROSE PEG PLACE SETTINGS
2037,21422,PORCELAIN ROSE SMALL
2038,21664,RIDGED GLASS STORAGE JAR CREAM LID
2039,84595E,LARGE TORTILLA DESIGN RED BOWL
2040,51012L,"FEATHER DUSTER, LIGHT PINK"
2041,22258,FELT FARM ANIMAL RABBIT
2042,21224,SET/4 SKULL BADGES
2043,22158,3 HEARTS HANGING DECORATION RUSTIC
2044,85167A,WHITE GRAND BAROQUE PHOTO FRAME
2045,20861,GOLD COSMETIC BAG PINK STAR
2046,84680,CLASSICAL ROSE URN
2047,21092,SET/6 STRAWBERRY PAPER PLATES
2048,21381,MINI WOODEN HAPPY BIRTHDAY GARLAND
2049,20855,PINK PATCH PURSE BLUE HEART
2050,81950B,FLOWER BLUE CLOCK W/SUCKER
2051,20854,BLUE PATCH PURSE PINK HEART
2052,81950V,FLOWER PURPLE CLOCK W/SUCKER
2053,90036C,"FLOWER GLASS GARLAND NECKL.36""BLUE"
2054,85036A,GARDENIA 1 WICK MORRIS BOXED CANDLE
2055,84030E,ENGLISH ROSE HOT WATER BOTTLE
2056,45008C,DECORATIVE NET CANOPY CREAM
2057,84562A,PINK/WHITE RIBBED MELAMINE JUG
2058,84880,WHITE WIRE EGG HOLDER
2059,84993A,75 GREEN PETIT FOUR CASES
2060,90089,PINK CRYSTAL SKULL PHONE CHARM
2061,85179B,WHITE BITTY LIGHT CHAIN 
2062,21654,RIDGED GLASS FINGER BOWL
2063,21316,SMALL CHUNKY GLASS ROMAN  BOWL
2064,22299,PIG KEYRING WITH LIGHT & SOUND 
2065,46776B,WOVEN BERRIES CUSHION COVER 
2066,84625A,PINK NEW BAROQUECANDLESTICK CANDLE
2067,84625D,WHITE NEWBAROQUE CANDLESTICK CANDLE
2068,46126A,ELVIS WALLHANGING / CURTAIN
2069,84356,POMPOM CURTAIN
2070,22045,SPACE BOY GIFT WRAP
2071,22048,BIRTHDAY BANQUET GIFT WRAP
2072,22050,PINK PAISLEY ROSE GIFT WRAP
2073,22052,VINTAGE CARAVAN GIFT WRAP
2074,51014L,"FEATHER PEN,LIGHT PINK"
2075,20760,GARDEN PATH POCKET BOOK
2076,22040,BOTANICAL ROSE GIFT WRAP
2077,22223,CAKE PLATE LOVEBIRD PINK
2078,84945,MULTI COLOUR SILVER T-LIGHT HOLDER
2079,90014B,GOLD M PEARL  ORBIT NECKLACE
2080,90022,EDWARDIAN DROP EARRINGS JET BLACK
2081,90070,RUBY GLASS CLUSTER BRACELET
2082,90123D,WHITE HEART OF GLASS BRACELET
2083,90130C,GREEN STONE/CRYSTAL EARRINGS
2084,90163A,PINK ROSEBUD & PEARL NECKLACE
2085,90164A,PINK ROSEBUD PEARL BRACELET
2086,90165B,WHITE ROSEBUD  PEARL EARRINGS
2087,90174,BUTTERFLY HAIR BAND
2088,16256B,FLOWER PENCIL/RUBBER+5 MINI PENCILS
2089,17129F,DEEP BLUE GLASS GEMS IN BAG
2090,20699,MOUSEY LONG LEGS SOFT TOY
2091,20707,CRAZY DAISY HEART DECORATION
2092,35840,FLAT GLASS  BAUBLE WHITE FLOCK 
2093,35964,FOLKART CLIP ON STARS
2094,35972,DAISY FOLKART HEART DECORATION
2095,37495,FAIRY CAKE BIRTHDAY CANDLE SET
2096,46776A,WOVEN BUBBLE GUM CUSHION COVER
2097,71403,"PINK/WHITE ""KEEP CLEAN"" BULLET BIN"
2098,72819,CUPID DESIGN SCENTED CANDLES
2099,79191B,RETRO PLASTIC POLKA TRAY
2100,84661C,PINK SQUARE TABLE CLOCK
2101,84762A,WHITE PICNIC BARBECUE BUCKET
2102,84762B,PINK PICNIC BARBECUE BUCKET
2103,84858A,NATURAL RIVIERA HANDBAG
2104,84926F,PSYCHEDELIC TILE COASTER
2105,85020,ROUND PINK HEART MIRROR
2106,85034C,3 ROSE MORRIS BOXED CANDLES
2107,85060,WOOD FAN WITH FLOWER DESIGN
2108,85128,PLANTPOT SINGLE HOOK PISTACHIO
2109,85195,HANGING HEART BASKET
2110,20781,GOLD EAR MUFF HEADPHONES
2111,20898,VINTAGE NOTEBOOK TRAVELOGUE
2112,20993,JAZZ HEARTS MEMO PAD
2113,21130,COLOURFUL STANDING GNOME
2114,21147,JINGLE BELLS TREE DECORATION
2115,21219,SET/4 BADGES BALLOON GIRL
2116,21261,GREEN GOOSE FEATHER CHRISTMAS TREE 
2117,21292,SMALL STRIPES CHOCOLATE GIFT BAG 
2118,21336,GOLD WASHBAG
2119,21397,BLUE  SPOTTY EGG CUP 
2120,21443,OLIVE CHALET BIRDFEEDER
2121,21633,SUNFLOWER DECORATIVE PARASOL
2122,21720,CAKE SHOP  STICKER SHEET
2123,21736,GOLD SCROLL GLASS T-LIGHT HOLDER
2124,21785,RAIN PONCHO 
2125,21854,EURO FOOTBALL STARS TOP TRUMPS GAME
2126,21879,HEARTS GIFT TAPE
2127,22060,LARGE CAKE STAND HANGING HEARTS
2128,17109D,FLOWER FAIRY INCENSE BOUQUET
2129,72755D,FLOWER FAIRY OIL BURNER SET SUMMER
2130,79406,FROSTED WHITE BASE 
2131,84846A,SCENTED CANDLE IN DIGITALIS TIN
2132,17107D,"FLOWER FAIRY,5 SUMMER B'DRAW LINERS"
2133,16169P,WRAP GREEN RUSSIAN FOLKART 
2134,84932A,SMALL GREEN PEONY FOLDING STOOL
2135,84932B,SMALL PINK PEONY FOLDING STOOL
2136,84932C,SMALL ORIENTAL BLUE FOLDING STOOL
2137,84932D,SMALL ORIENTAL RED FOLDING STOOL
2138,84933C,LARGE BLUE ORIENTAL FOLDING STOOL
2139,16169K,WRAP FOLK ART
2140,21265,PINK GOOSE FEATHER TREE 60CM
2141,47599A,PINK PARTY BAGS
2142,20717,STRAWBERRY SHOPPER BAG
2143,37408,ASSORTED DESIGN GEISHA GIRL MUGS
2144,16011, ANIMAL STICKERS
2145,21215, IVORY PAPER CUP CAKE CASES 
2146,84795D,SEASIDE STRIPE HAMMOCK
2147,37112,YELLOW BIRDS FELT DES FOODCOVER
2148,84425A,WHITE GLASS TV TRIPLE FRAME
2149,85087,CANDY SPOT CUSHION COVER
2150,21462,"NURSERY A,B,C PAINTED LETTERS"
2151,21399,BLUE  SPOTTY  COFFEE MUG
2152,79144B,PAINTED LIGHTBULB STAR+ MOON
2153,20837,FRENCH FLORAL CUSHION COVER 
2154,85096,HILDA CANDY SPOT RABBIT
2155,84625B,BLCK NEW BAROQUE CANDLESTICK CANDLE
2156,20688,BEAUTY SPEED EXPRESSO CUPS
2157,84469,ROSE DES PADDED FLOOR CUSHION
2158,21661,VINTAGE GLASS TEA CADDY
2159,21662,VINTAGE GLASS COFFEE CADDY
2160,21274,EMBOSSED HEART 3 DRAWER SHELF
2161,21332,MOROCCAN BEATEN METAL MIRROR
2162,20766,GARDEN PATH SKETCHBOOK
2163,84924D,LA PALMIERA METAL SIGN CALENDAR
2164,84924A,WAKE UP COCKEREL CALENDAR SIGN 
2165,84916,HAND TOWEL PALE BLUE W FLOWERS
2166,85019C,CURIOUS  IMAGES NOTEBOOK SET
2167,72801D,S/4 SKY BLUE DINNER CANDLES
2168,21280,VINTAGE KITCHEN PRINT VEGETABLES
2169,35597D,PINK/WHITE CHRISTMAS TREE 30CM
2170,84926E,FLOWERS TILE COASTER
2171,84926D,LA PALMIERA TILE COASTER
2172,72800D,S/4 BLUE DINNER CANDLE SILVER FLOCK
2173,72800B,S/4 PURPLE DINNER CANDLE BLK FLOCK
2174,21627,ELEPHANT CARNIVAL POUFFE
2175,20762,GREEN FERN SKETCHBOOK 
2176,16046,TEATIME PEN CASE & PENS
2177,79413,GLASS WINE GLASS DECORATIONS
2178,51020B,STRIPY DESIGN SHOWER CAP
2179,17001,HEAVENS SCENT FRAGRANCE OILS ASSTD
2180,85032C,CURIOUS IMAGES GIFT WRAP SET
2181,75149N,STRING CRYSTALS NATURAL
2182,22317,FIVE CATS HANGING DECORATION
2183,22066,LOVE HEART TRINKET POT
2184,21779,MA CAMPAGNE MINI WOODEN CHEST
2185,37492D,PURPLE GREEN FLOWER PIGGY BANK
2186,84427B,BLACK GLASS TV DOUBLE P/FRAME 15X10
2187,21032,SPACE CADET WHITE
2188,21027,NINJA RABBIT PINK
2189,16216,LETTER SHAPE PENCIL SHARPENER
2190,84509F,NEW ENGLAND PLACEMATS
2191,84509C,DOTTY PLACEMATS 
2192,47013C,WINE BOTTLE DRESSING DARK BLUE
2193,21373,MIRRORED WALL ART SNOWFLAKES
2194,85023A,CRYSTAL LARGE JEWELLED PHOTO FRAME
2195,85024C,PINK SMALL JEWELLED PHOTOFRAME
2196,85024A,CRYSTAL SMALL JEWELLED PHOTOFRAME
2197,21915,RED  HARMONICA IN BOX 
2198,72754A,FLOWER FAIRY POTPOURRI CUSHION LILY
2199,84705C,PINK FLOCK PHOTO FRAME 
2200,85166B,BLACK METAL BAROQUE PHOTO FRAME
2201,16049,TEATIME GEL PENS ASST
2202,21287,SCENTED VELVET LOUNGE CANDLE 
2203,21635,MADRAS NOTEBOOK LARGE 
2204,21636,MADRAS NOTEBOOK MEDIUM
2205,72753B,S/3 FLWR FAIRY LAVENDER CANDLES
2206,84569B,PACK 3 FIRE ENGINE/CAR PATCHES
2207,84608,ORNATE EDWARDIAN CANDLE HOLDER
2208,84753A,PINK EAU DE COLOGNE BOTTLE
2209,46776D,WOVEN SUNSET CUSHION COVER 
2210,72586,"S/6 HALLOWEEN GHOST T LIGHTS, 5CM H"
2211,72122,COFFEE SCENT PILLAR CANDLE
2212,84978,HANGING HEART JAR T-LIGHT HOLDER
2213,35633B,BLUE TINSEL GARLAND 
2214,21456,2 PICTURE BOOK EGGS EASTER CHICKS
2215,21457,2 PICTURE BOOK EGGS EASTER DUCKS
2216,21458,2 PICTURE BOOK EGGS EASTER BUNNY
2217,22146,EASTER CRAFT IVY WREATH WITH CHICK
2218,84452,METAL RABBIT LADDER EASTER 
2219,84456,SET OF 3 RABBIT EGG EASTER
2220,22229,BUNNY WOODEN PAINTED WITH FLOWER 
2221,90040C,MURANO STYLE GLASS BRACELET GOLD
2222,21109,"LARGE CAKE TOWEL, CHOCOLATE SPOTS"
2223,90011C,GREEN CRYSTAL DROP EARRINGS
2224,90130B,TURQ STONE/CRYSTAL EARRINGS
2225,90210C,RED   ACRYLIC FACETED BANGLE
2226,90210D,PURPLE ACRYLIC FACETED BANGLE
2227,90210A,GREY ACRYLIC FACETED BANGLE
2228,35932,PINK CHRISTMAS TREE DECORATION
2229,21830,ASSORTED CREEPY CRAWLIES
2230,84508B,STRIPES DESIGN TEDDY
2231,84508C,BLUE CIRCLES DESIGN TEDDY
2232,72751A,"F.FAIRY S/3 SML CANDLE,LILY/VALLEY"
2233,72751B,"F.FAIRY S/3 SML CANDLE, LAVENDER"
2234,72752B,"F.FAIRY,CANDLE IN GLASS,LAVENDER"
2235,72752A,"F.FAIRY,CANDLE IN GLASS,LILY/VALLEY"
2236,20879,TREE OF NOAH FESTIVE SCENTED CANDLE
2237,21852,EMPIRE TEDDY
2238,79149B,SILICON STAR BULB  BLUE
2239,84830,LARGE ENGLISH ARBORETUM
2240,21338,MARAKESH LANTERN SMALL 
2241,35271S,GOLD PRINT PAPER BAG
2242,21300,ANTIQUE EDWARDIAN DRESSER
2243,17014C,ORIGAMI LAVENDER INCENSE CONES
2244,37482B,CUBIC MUG BLUE POLKA DOT
2245,85117,NIGHTINGALE COATHOOK WHITE
2246,21028,NINJA RABBIT BLACK
2247,21331,MOROCCAN BEATEN METAL DISH LARGE
2248,84279P, CHERRY BLOSSOM  DECORATIVE FLASK
2249,90184A,AMBER CHUNKY BEAD BRACELET W STRAP
2250,90184C,BLACK CHUNKY BEAD BRACELET W STRAP
2251,21418,STARFISH SOAP DISH
2252,85142,JARDIN ETCHED GLASS GINGER JAR
2253,85159A,"BLACK TEA,COFFEE,SUGAR JARS"
2254,84586L,"PINK ROSES/GINGHAM PATCH RABBIT 8"""
2255,16219,HOUSE SHAPE PENCIL SHARPENER
2256,85214,TUB 24 PINK FLOWER PEGS
2257,22263,FELT EGG COSY LADYBIRD 
2258,20868,SILVER FABRIC MIRROR
2259,84593,CROCHET ROSE DES CLOTHES HANGER
2260,84592,CROCHET ROSE PURSE WITH SUEDE BACK
2261,85197,SET OF 12 MINI BUNNIES IN A BUCKET
2262,90196B,BLACK GEMSTONE NECKLACE 45CM
2263,90196A,PURPLE GEMSTONE NECKLACE 45CM
2264,90141E,ORANGE PENDANT TRIPLE SHELL NECKLAC
2265,90141A,GREEN PENDANT TRIPLE SHELL NECKLACE
2266,90141C,TURQ PENDANT TRIPLE SHELL NECKLACE
2267,20704,MR ROBOT SOFT TOY
2268,90126A,PINK BERTIE MOBILE PHONE CHARM
2269,90001D,ANTIQUE OLIVE GREEN FLOWER EARRINGS
2270,90161D,ANT COPPER PINK BOUDICCA BRACELET
2271,90161A,ANT COPPER RED BOUDICCA BRACELET
2272,90160D,PINK BOUDICCA LARGE BRACELET
2273,40046C,PINK BUTTERFLY PAPER LAMPSHADE
2274,47351B,BLUE  VOILE LAMPSHADE
2275,21376,LARGE  TALL CAMPHOR WOOD TOADSTOOL 
2276,84212,"ASSORTED FLOWER COLOUR ""LEIS"""
2277,84918,CREAM C/COVER W YELLOW/GREEN FLOWER
2278,21421,PORCELAIN ROSE LARGE 
2279,90214M,"LETTER ""M"" BLING KEY RING"
2280,44242B,PINK FEATHERS CURTAIN
2281,85132B,CHARLIE AND LOLA TABLE TINS
2282,21905,MORE BUTTER METAL SIGN 
2283,84467,ENGLISH ROSE DESIGN QUILTED THROW
2284,85035B,CHOCOLATE 3 WICK MORRIS BOX CANDLE
2285,82587,TEXRIO TOMATOES CANDLE+CUP
2286,90122B,JADE CRYSTAL+GLASS BRACELET
2287,72805,VANILLA CANDLE IN EMBOSSED ZINC POT
2288,84893,ANT WHITE IRON BASKET
2289,21059,PARTY INVITES DINOSAURS
2290,20864,DENIM PATCH PENCIL CASE BUTTERFLY
2291,20857,BLUE ROSE PATCH PURSE PINK BUTTERFL
2292,20856,DENIM PATCH PURSE PINK BUTTERFLY
2293,77101A,UNION FLAG WINDSOCK
2294,90115,SUMMER BUTTERFLIES BAG CHARM
2295,72232,FENG SHUI PILLAR CANDLE
2296,72780,BLACK SILOUETTE CANDLE PLATE
2297,35443,RASTA IN BATH W SPLIFF ASHTRAY
2298,85144,JARDIN ETCHED GLASS BUTTER DISH
2299,21765,HANGING METAL BIRD BATH
2300,84576,BLUE CAT BISCUIT BARREL PINK HEART
2301,84826,ASSTD DESIGN 3D PAPER STICKERS
2302,22043,CHRISTMAS CARD SCREEN PRINT 
2303,21268,VINTAGE BLUE TINSEL REEL
2304,21988,PACK OF 6 SKULL PAPER PLATES
2305,84482,BUTTONS DESIGN JEWELLERY BOX
2306,22285,"DECORATION HEN ON NEST, HANGING"
2307,84845C,CARNATION SQUARE HANDY TIN
2308,84845D,GERANIUM SQUARE HANDY TIN
2309,84845A,HOLLYHOCK SQUARE HANDY TIN
2310,20833,SHAKER THROW  QUILTED
2311,20775,DAISY NOTEBOOK 
2312,84206A,3 BLACK CATS W HEARTS BLANK CARD
2313,84206C,CHAMPAGNE TRAY BLANK CARD
2314,84201B,HAPPY BIRTHDAY CARD STRIPEY TEDDY
2315,90152B,BLUE/GREEN SHELL NECKLACE W PENDANT
2316,90150,BLUE SHELL+SILVER NECKLACE
2317,90159,COTE D'AZURE NECKLACE
2318,20662,FIRST CLASS HOLIDAY PURSE 
2319,40001, WHITE BAMBOO RIBS LAMPSHADE
2320,90060F,FIRE POLISHED GLASS NECKL GREEN
2321,90060C,FIRE POLISHED GLASS NECKL SILVER
2322,90060D,FIRE POLISHED GLASS NECKL BRONZE
2323,84819,DANISH ROSE ROUND SEWING BOX
2324,37483,ENGLISH ROSE MUG IN GIFT BOX
2325,21084,SET/6 COLLAGE PAPER CUPS
2326,84795A,PASTEL STRIPE HAMMOCK 
2327,35909B,PINK FLOWERS RABBIT EASTER
2328,20936,FORKED CACTUS CANDLE
2329,35833P,4 PINK FLOCK CHRISTMAS BALLS
2330,35833G,4 GOLD FLOCK CHRISTMAS BALLS
2331,84795B,SUNSET CHECK HAMMOCK
2332,84952A,CLEAR LOVE BIRD T-LIGHT HOLDER
2333,17091F,SANDALWOOD INCENSE IN TIN
2334,17091B,JASMINE TEA INCENSE IN TIN
2335,17091A,LAVENDER INCENSE IN TIN
2336,47589,CONGRATULATIONS BUNTING
2337,20973,12 PENCIL SMALL TUBE WOODLAND
2338,90214T,"LETTER ""T"" BLING KEY RING"
2339,90214R,"LETTER ""R"" BLING KEY RING"
2340,90214L,"LETTER ""L"" BLING KEY RING"
2341,90214N,"LETTER ""N"" BLING KEY RING"
2342,35976B,WHITE SCANDINAVIAN HEART CHRISTMAS
2343,85043,RED HEART CANDY POP LIGHTS
2344,79340W,WHITE ORCHID FLOWER LIGHTS
2345,84789,ENCHANTED BIRD PLANT CAGE
2346,35537,CANDLE RING W/CLEAR BEADS
2347,21370,MIRRORED WALL ART FOXY
2348,21652,GLASS ETCHED T-LIGHT HOLDER MEDIUM
2349,21204,DAISIES  HONEYCOMB GARLAND 
2350,84051,ASS COLOUR GLOWING TIARAS
2351,72753C,S/3 FLWR FAIRY ROSE CANDLES
2352,72753D,S/3 FLWR FAIRY SUMMER CANDLES
2353,21308,LOUVRE VANITY MIRROR
2354,47554,S/3 COLOURS FLOCK TEA TOWELS
2355,21906,PHARMACIE FIRST AID TIN
2356,85071C,"CHARLIE+LOLA""EXTREMELY BUSY"" SIGN"
2357,84741C,CITRUS GARLAND FELT FLOWERS 
2358,21697,SET 5 MINI DOUGHNUT FRIDGE MAGNET 
2359,90111,BLUE HIBISCUS  HAIR CLIP
2360,90112,PINK DOLLY HAIR CLIPS
2361,21689,SILVER VANILLA  FLOWER CANDLE POT
2362,20757,RED DAISY POCKET BOOK 
2363,20763,DAISY SKETCHBOOK 
2364,20769,DAISY JOURNAL 
2365,84870B,BLUE GEISHA GIRL 
2366,20731,POSY CANDY BAG
2367,47590B,PINK HAPPY BIRTHDAY BUNTING
2368,85025B,EAU DE NILE HEART SHAPE PHOTO FRAME
2369,15044A,PINK PAPER PARASOL 
2370,85200,BUNNY EGG BOX
2371,85194L,HANGING SPRING FLOWER EGG LARGE
2372,84454,WOBBLING METAL CHICKEN EASTER
2373,85196,EASTER BUNNIES ON A STICK
2374,85198,ASSORTED FARMYARD ANIMALS IN BUCKET
2375,22256,FELT FARM ANIMAL CHICKEN
2376,22267,EASTER DECORATION EGG BUNNY 
2377,84459B,YELLOW METAL CHICKEN HEART 
2378,22105,MIRROR MOSAIC GOBLET CANDLE HOLDER
2379,21714,CITRONELLA CANDLE GARDEN POT
2380,35598A,DUSTY PINK CHRISTMAS TREE 60CM
2381,20755,BLUE PAISLEY POCKET BOOK
2382,90002A,FLOWER BURST SILVER RING OPAL
2383,90214K,"LETTER ""K"" BLING KEY RING"
2384,21361,LOVE LARGE WOOD LETTERS 
2385,84661A,WHITE SQUARE TABLE CLOCK
2386,84925D,LA PALMIERA WALL THERMOMETER
2387,47016,LIGHT DECORATION BATTERY OPERATED
2388,72128,COLUMBIAN CANDLE ROUND
2389,16259,PIECE OF CAMO STATIONERY SET
2390,16020C,CLEAR STATIONERY BOX SET 
2391,47347B,BLUE FLOWER T-LIGHT HOLDER
2392,84522,PINK PARTY SUNGLASSES
2393,84746,PINK EASTER HENS+FLOWER
2394,20705,MRS ROBOT SOFT TOY
2395,90100,NECKLACE+BRACELET SET PINK DAISY
2396,90099,NECKLACE+BRACELET SET BLUE HIBISCUS
2397,20700,GREEN CAT FLORAL CUSHION COVER 
2398,21365,MIRRORED WALL ART STARS
2399,21395,BLUE SPOTTY BEAKER 
2400,21319,GLASS CHALICE GREEN  SMALL 
2401,72750D,F.FAIRY S/3 CANDLE/GLASS
2402,35838A,S/6 MULTICOLOUR ORNAMENETAL CANDLE
2403,16161E,WRAP BOUDOIR 
2404,17061,ASSORTED SHAPED STENCIL FOR HENNA
2405,17084P,DRAGONS BLOOD INCENSE
2406,21674,RIDGED GLASS PENDANT LAMPSHADE
2407,22124,SET OF 2 TEA TOWELS PING MICROWAVE
2408,47593A,CAROUSEL DESIGN BABY BIB
2409,81985A,"ICON ALARM CLOCK,FUSCHIA  PIN UP"
2410,21400,RED PUDDING SPOON
2411,21401,BLUE PUDDING SPOON
2412,21222,SET/4 BADGES BEETLES
2413,90214G,"LETTER ""G"" BLING KEY RING"
2414,90214P,"LETTER ""P"" BLING KEY RING"
2415,90214E,"LETTER ""E"" BLING KEY RING"
2416,90214I,"LETTER ""I"" BLING KEY RING"
2417,84663A,GRASS HOPPER WOODEN WALL CLOCK 
2418,21199,PINK  HEART CONFETTI IN TUBE
2419,84744,S/6 SEW ON CROCHET FLOWERS
2420,84029D,LEOPARD PRINT HOT WATER BOTTLE
2421,72800C,S/4 PINK DINNER CANDLE SILVER FLOCK
2422,20721,OWLS CHARLOTTE BAG
2423,85171,S/2 HYACINTH BULB CANDLES
2424,84539,KNITTED RABBIT DOLL 
2425,21043,APRON MODERN VINTAGE COTTON
2426,84617, NEW BAROQUE BLACK BOXES
2427,84707A,SILVER JEWELLED MIRROR TRINKET TRAY
2428,20689,RETRO SISTERS EXPRESSO CUPS
2429,47480,HANGING PHOTO CLIP ROPE LADDER
2430,85162B,BLACK RETRODISC LAMPSHADE
2431,90081A,LILY BROOCH AMETHYST COLOUR
2432,20931,BLUE POT PLANT CANDLE 
2433,20803,SMALL PINK GLASS SUNDAE DISH
2434,22003,VINTAGE BLUE VACUUM FLASK 0.5L 
2435,35610A,PINK CHRISTMAS FLOCK DROPLET 
2436,35916A,YELLOW FELT HANGING HEART W FLOWER
2437,37342,SPOTTY COFFEE CUP & SAUCER
2438,46138B,BLUE CHENILLE SHAGGY CUSHION COVER 
2439,47585A,PINK FAIRY CAKE CUSHION COVER
2440,72771C,BLACK FLOCK GOLD CANDLE
2441,79066K,RETRO MOD TRAY
2442,84228,HEN HOUSE W CHICK STANDING
2443,84563A,PINK & WHITE BREAKFAST TRAY
2444,84715,SET OF 6 ICE CREAM SKITTLES
2445,84796A,PINK HAWAIIAN PICNIC HAMPER FOR 2
2446,84842,HELLO SAILOR BATHROOM SET
2447,84843,WHITE SOAP RACK WITH 2 BOTTLES
2448,90037D,TINY CRYSTALS BRACELET BLACK
2449,90120A,PINK MURANO TWIST BRACELET
2450,90144,SILVER DROP EARRINGS WITH FLOWER
2451,90198B,VINTAGE ROSE BEAD BRACELET BLACK
2452,90204,PAIR OF ENAMEL BUTTERFLY HAIRCLIP
2453,20849,ZINC HEART LATTICE DOUBLE PLANTER
2454,21131,GOLD STANDING GNOME
2455,21378,SMALL TALL CAMPHOR WOOD TOADSTOOL
2456,21946,PARTY TIME DESIGN FLANNEL
2457,16048,TEATIME ROUND PENCIL SHARPENER 
2458,20839,FRENCH PAISLEY CUSHION COVER 
2459,62096B,PURPLE/TURQ FLOWERS HANDBAG
2460,72140E,BEST DAD CANDLE LETTERS
2461,82011C,BATHROOM SCALES FOOTPRINTS IN SAND
2462,21414,SCALLOP SHELL SOAP DISH
2463,21836,GINGHAM OVEN GLOVE RED HEART 
2464,21943,CAKES AND RABBITS DESIGN FLANNEL 
2465,21982,PACK OF 12 SUKI TISSUES 
2466,22161,HEART DECORATION RUSTIC HANGING 
2467,22307,GOLD MUG BONE CHINA TREE OF LIFE
2468,35815B,"ACRYLIC JEWEL SNOWFLAKE,BLUE"
2469,84016,FLAG OF ST GEORGE CAR FLAG
2470,84531A,PINK KNITTED EGG COSY
2471,84531B,BLUE KNITTED EGG COSY
2472,84762C,GREEN PICNIC BARBECUE BUCKET
2473,85093,CANDY SPOT EGG WARMER HARE
2474,85118,HEART T-LIGHT HOLDER
2475,85121C,RETRO LAUNDRY TUB PISTACHIO
2476,90000B,MIDNIGHT BLUE COPPER FLOWER NECKLAC
2477,90014A,SILVER/MOP ORBIT NECKLACE
2478,90038A,GLASS AND PAINTED BEADS BRACELET TO
2479,90120D,WHITE MURANO TWIST BRACELET
2480,90165A,PINK ROSEBUD PEARL EARRINGS
2481,90170,DAISY HAIR BAND
2482,90187A,BLUE DROP EARRINGS W BEAD CLUSTER
2483,85124B,BLUE JUICY FRUIT PHOTO FRAME
2484,85124C,GREEN JUICY FRUIT PHOTO FRAME
2485,21339,MARAKESH LANTERN LARGE
2486,82484,WOOD BLACK BOARD ANT WHITE FINISH
2487,47559B,TEA TIME OVEN GLOVE
2488,22168,"ORGANISER WOOD, ANTIQUE WHITE "
2489,84415A,PINK FLOCK SUEDE CUSHION COVER 
2490,79030D,"TUMBLER, BAROQUE"
2491,21289,LARGE STRIPES CHOCOLATE GIFT BAG
2492,22104,MIRROR MOSAIC CANDLE PLATE
2493,20670,VIP HOLIDAY PURSE
2494,16033,MINI HIGHLIGHTER PENS
2495,84705B,FAIRY CAKES PHOTO FRAME
2496,35923,CANDY HEART HANGING DECORATION
2497,20895,VINTAGE NOTEBOOK FRENCH LETTER 
2498,21780,MA CAMPAGNE 4 DRAWER WALL SHELF
2499,21847,GREEN  DIAMANTE PEN IN GIFT BOX
2500,84615,PINK ROUND BUTTERFLY MIRROR 
2501,84682,CLASSICAL ROSE DISH
2502,22056,CERAMIC PLATE LOVE HEART DESIGN
2503,17178,FLAT PALM T-LIGHT HOLDER
2504,21904,HOUSE WRECKING METAL SIGN 
2505,85230B,CINNAMON SCENTED VOTIVE CANDLE
2506,85230E,STRAWBRY SCENTED VOTIVE CANDLE
2507,90125B,AQUA BERTIE GLASS BEAD BAG CHARM
2508,84564,6 SEGMENT COLOURED SNACK BOWL 
2509,85084,HOLLY TOP CHRISTMAS STOCKING
2510,84968D,S/16 VINTAGE RED CUTLERY
2511,84827,ASS DES PHONE SPONGE CRAFT STICKER
2512,21060,PARTY INVITES BALLOON GIRL
2513,37432,MUG PINK AND PURPLE ARABIC DESIGN
2514,47503E,ASS FLORAL PRINT SCISSORS
2515,47503H,ASS FLORAL PRINT SPIRIT LEVEL 
2516,44265,M/COLOUR POM-POM CURTAIN
2517,84678,CLASSICAL ROSE SMALL VASE
2518,37484,ENGLISH ROSE TEA FOR ONE GIFT BOX
2519,21757,LIGHTHOUSE PRINTED METAL SIGN
2520,21701,SET 6 MINI SUSHI SET FRIDGE MAGNETS
2521,20935,ROUND CACTUS CANDLE
2522,90011E,AMBER CRYSTAL DROP EARRINGS
2523,90190C,SILVER/AMETHYST DROP EARRINGS LEAF
2524,21269,ANTIQUE CREAM CUTLERY SHELF 
2525,21270,ANTIQUE CREAM CUTLERY CUPBOARD
2526,21277,FRENCH STYLE EMBOSSED HEART CABINET
2527,84849A,HELLO SAILOR BLUE SOAP HOLDER
2528,20851,ZINC HEART LATTICE TRAY OVAL 
2529,84707B,PINK JEWELLED MIRROR TRINKET TRAY
2530,35233,PASTA ENAMEL/BRASS CONTAINER
2531,20666,ECONOMY HOLIDAY PURSE
2532,85106,CUT GLASS HEXAGON T-LIGHT HOLDER
2533,85169C,EAU DE NIL LOVE BIRD CANDLE
2534,85169A,IVORY LOVE BIRD CANDLE
2535,21764,VINTAGE WOODEN PLATE RACK
2536,21309,LOUVRE CHALKBOARD
2537,16218,CARTOON  PENCIL SHARPENERS
2538,17012B,ORIGAMI JASMINE INCENSE/CANDLE SET
2539,21169,YOU'RE CONFUSING ME METAL SIGN 
2540,21278,VINTAGE KITCHEN PRINT PUDDINGS
2541,21367,MIRRORED WALL ART GENTS
2542,21368,MIRRORED WALL ART LADIES
2543,21413,PERIWINKLE T-LIGHT HOLDER
2544,35647,VINTAGE BEAD PINK SHADE 
2545,47581B,FAIRY CAKE WICKER PICNIC BASKET 
2546,84674,FLYING PIG WATERING CAN
2547,85203,HANGING WOOD AND FELT BUTTERFLY 
2548,90036E,"FLOWER GLASS GARLD NECKL36""AMETHYST"
2549,90048,GREEN WITH METAL BAG CHARM
2550,90056,CHUNKY CRACKED GLAZE NECKLACE IVORY
2551,90124B,BLUE MURANO TWIST NECKLACE
2552,90151,SILVER/NATURAL SHELL NECKLACE
2553,90152A,SILVER/NAT SHELL NECKLACE W PENDANT
2554,90166,PINK & WHITE ROSEBUD RING
2555,90185A,AMBER DIAMANTE EXPANDABLE RING
2556,21713,CITRONELLA CANDLE FLOWERPOT
2557,20997,ROSE DU SUD CUSHION COVER 
2558,21616,4 PEAR BOTANICAL DINNER CANDLES
2559,21275,ZINC TOP  2 DOOR WOODEN SHELF 
2560,21062,PARTY INVITES SPACEMAN
2561,21061,PARTY INVITES FOOTBALL
2562,47502,POLKADOT CUTLERY 24 PCS IN TRAY
2563,21053,ZINC HEART HANGER WITH HOOKS
2564,21698,MOCK LOBSTER FRIDGE MAGNET
2565,84549,CROCHET WHITE RABBIT KEYRING 
2566,84551,CROCHET DOG KEYRING
2567,21264,WHITE GOOSE FEATHER TREE 60CM 
2568,21437,24 HANGING EASTER EGGS FLORAL TUB
2569,84665,SQUARE CHERRY BLOSSOM CABINET
2570,84666,SQUARE CHERRY BLOSSOM CABINET
2571,84664,CHERRY BLOSSOM BATHROOM CABINET
2572,84597B,RETRO BROWN BALL ASHTRAY 
2573,84367,LA STREGA CANVAS PICTURE 
2574,21415,CLAM SHELL SMALL 
2575,21594,Dr. Jam's Arouzer Stress Ball
2576,21749,LARGE RED SPOT WINDMILL
2577,21845,DAIRY MAID STRIPE MUG
2578,35638B,PINK/BLUE STRING CURTAIN 
2579,17013B,ORIGAMI JASMINE INCENSE IN TUBE
2580,17013D,ORIGAMI ROSE INCENSE IN TUBE
2581,17014A,ORIGAMI VANILLA INCENSE CONES
2582,84086C,PINK/PURPLE RETRO RADIO
2583,84596J,MIXED NUTS LIGHT GREEN BOWL
2584,84760S,SMALL HANGING GLASS+ZINC LANTERN
2585,84877D,BLUE ROUND COMPACT MIRROR
2586,84913A,SOFT PINK ROSE TOWEL 
2587,85188A,GREEN METAL SWINGING BUNNY
2588,90013E,AMBER VINTAGE EARRINGS 
2589,90041,PEARL AND CHERRY QUARTZ BRACLET
2590,90059C,DIAMANTE HAIR GRIP PACK/2 MONTANA
2591,90059E,DIAMANTE HAIR GRIP PACK/2 RUBY
2592,90101,WHITE FRANGIPANI NECKLACE
2593,90175B,PINK GLASS CHUNKY CHARM BRACELET
2594,90205A,LARGE MINT DIAMANTE HAIRSLIDE
2595,90205C,LARGE CRYSTAL DIAMANTE HAIRSLIDE
2596,90209B,GREEN ENAMEL+GLASS HAIR COMB
2597,90202C,GREEN ENAMEL FLOWER HAIR TIE
2598,84976,RECTANGULAR SHAPED MIRROR
2599,90024D,NEW BAROQUE B'FLY NECKLACE PINK
2600,90030A,SPOTTED WHITE NATURAL SEED NECKLACE
2601,90030B,RED KUKUI COCONUT SEED NECKLACE
2602,90030C,BROWN KUKUI COCONUT SEED NECKLACE
2603,90163B,WHITE ROSEBUD & PEARL NECKLACE
2604,90169,DAISY HAIR COMB
2605,90173,PAIR BUTTERFLY HAIR CLIPS
2606,47310M,"SMALL POP BOX,FUNKY MONKEY"
2607,47574A,ENGLISH ROSE SCENTED HANGING FLOWER
2608,22306,SILVER MUG BONE CHINA TREE OF LIFE
2609,21383,PACK OF 12 STICKY BUNNIES
2610,71215,METAL BASE FOR CANDLES
2611,22244,"HOOK, 3 HANGER ,MAGIC GARDEN"
2612,22245,"HOOK, 1 HANGER ,MAGIC GARDEN"
2613,84869,CANDY BUTTON PHOTO ALBUM
2614,20896,VINTAGE NOTEBOOK PINK FLOWER
2615,20899,VINTAGE NOTEBOOK RED ROSE
2616,84626,CANDY STRIPE ROSE QUILT
2617,16162L,THE KING GIFT BAG
2618,21228,"POCKET MIRROR ""GLAMOROUS"""
2619,90120B,BLUE MURANO TWIST BRACELET
2620,90027B,GLASS BEAD HOOP EARRINGS MONTANA
2621,20796,SMALL BLUE PROVENCAL CERAMIC BALL
2622,20795,LARGE BLUE PROVENCAL CERAMIC BALL
2623,21322,GLASS SPHERE CANDLE STAND LARGE 
2624,22290,STANDING METAL RABBIT WITH EGG
2625,21631,HIPPY CHIC DECORATIVE PARASOL
2626,84972L,GIANT PINK HEART MEMO HOLDER
2627,84919,L BLUE C/COVER W PINK/YELLOW FLOWER
2628,84984C,ORIENTAL BLUE C/COVER 
2629,84909A,PINK PAISLEY QUILT 
2630,85184B,SET 4 EASTER DECOUPAGE OVAL BOXES
2631,22233,JIGSAW RABBIT AND BIRDHOUSE
2632,85018C,S/6 PAPER BOXES CURIOUS IMAGES 
2633,21343,GOLD JEWELERY BOX
2634,22316,200 BENDY SKULL STRAWS
2635,35973,GERANIUM FOLKART HEART DECORATION
2636,90057,DIAMANTE RING ASSORTED IN BOX.
2637,35838B,S/6 SILVER ORNAMENETAL CANDLE
2638,16168M,FUNKY MONKEY GIFT BAG MEDIUM
2639,22217,T-LIGHT HOLDER HANGING LACE
2640,35645,VINTAGE BEAD PINK JEWEL BOX
2641,82095,HEART BUTTONS JEWELLERY BOX
2642,17191A,ROSE FLOWER CANDLE+INCENSE 16X16CM
2643,47341B,BLUE TABLE RUN FLOWER
2644,85081,PADDED HOLLY CHRISTMAS DECORATION 
2645,17129C,SKY BLUE COLOUR GLASS GEMS IN BAG
2646,90214O,"LETTER ""O"" BLING KEY RING"
2647,90214B,"LETTER ""B"" BLING KEY RING"
2648,84575B,BROWN DOG CANNISTER W BONE
2649,35821B,"JEWELLED DECORATION,BLUE"
2650,35824B,"HANGING FLOWERS+MIRROR,BLUE"
2651,35610C,WHITE CHRISTMAS FLOCK DROPLET 
2652,21850,BLUE  DIAMANTE PEN IN GIFT BOX
2653,21858,HIGH SCHOOL MUSICAL 3 TOP TRUMPS 
2654,20932,PINK POT PLANT CANDLE
2655,85110,BLACK SILVER FLOWER T-LIGHT HOLDER
2656,85160A,WHITE BIRD GARDEN DESIGN MUG
2657,90039C,FIRE POLISHED GLASS BRACELET BLACK
2658,90186B,CRYSTAL HOOP EARRING FLORAL LEAF
2659,84951B,S/4 BLACK LOVEBIRD COASTERS
2660,72771B,BURG FLOCK GOLD CUP/CANDLE 
2661,84450B,YELLOW RABBIT SAT EASTER
2662,46776C,WOVEN FROST CUSHION COVER
2663,22236,CAKE STAND 3 TIER MAGIC GARDEN
2664,21366,MIRRORED WALL ART PHOTO FRAMES
2665,90214Z,"LETTER ""Z"" BLING KEY RING"
2666,16168S,FUNKY MONKEY GIFT BAG SMALL
2667,21167,WHITE SAGE INCENSE
2668,47597,NEW ENGLAND TEATOWELS
2669,35837,SET OF SIX SILVER+RED FLOCK BAUBLES
2670,85230D,VANILLA SCENTED VOTIVE CANDLE
2671,85230C,ROSE SCENTED VOTIVE CANDLE
2672,20680,PINK FLOWERS CHILDS UMBRELLA
2673,21096,SET/6 FRUIT SALAD  PAPER PLATES
2674,20952,PORCELAIN CHERUB BELL SMALL
2675,90214F,"LETTER ""F"" BLING KEY RING"
2676,85161,ACRYLIC GEOMETRIC LAMP
2677,90058A,CRYSTAL STUD EARRINGS CLEAR DISPLAY
2678,72789,BASKET/8 SCENTED LOVE TOKEN CANDLES
2679,90210B,CLEAR ACRYLIC FACETED BANGLE
2680,90194,SILVER LARIAT BLACK STONE EARRINGS
2681,72708,SCULPTED ROUND IVORY CANDLE 
2682,16169G,WRAP ROMANTIC DECOUPAGE
2683,21117,BLOND DOLL DOORSTOP
2684,85062,PEARL CRYSTAL PUMPKIN T-LIGHT HLDR
2685,20663,QUEEN OF THE SKIES HOLIDAY PURSE 
2686,84414B,FUSCHIA/GREEN STRIPE WOOLLY BLANKET
2687,16051,TEATIME PENCIL W STAMP ASST
2688,85072,OCCASIONS GIFT CARD ASSORTMENT
2689,90138,WHITE/PINK MINI CRYSTALS NECKLACE
2690,90137,PINK COMBO MINI CRYSTALS NECKLACE
2691,16119,FUNKY GIRL ADDRESS BOOK
2692,47552A,DOTS IRONING BOARD COVER
2693,47567B,TEA TIME KITCHEN APRON
2694,84815,SET OF 3 DANISH ROSE PLANTERS
2695,72131,COLUMBIAN CANDLE RECTANGLE
2696,35631B,BLUE GREEN CHRISTMAS HANGING BALL 
2697,22252,BIRDCAGE DECORATION MAGIC GARDEN
2698,72728,ROSE SCENT CANDLES IN GLASS
2699,20884,MODERN CHRISTMAS TREE CANDLE 
2700,20877,MODERN CHRISTMAS BAUBLE CANDLE 
2701,20881,MODERN CHRISTMAS TREE CANDLE
2702,22242,"HOOK, 5 HANGER , MAGIC TOADSTOOL"
2703,90177C,DROP DIAMANTE EARRINGS CRYSTAL
2704,90177B,DROP DIAMANTE EARRINGS BLACK DIAMON
2705,90177D,DROP DIAMANTE EARRINGS PURPLE
2706,90177E,DROP DIAMANTE EARRINGS GREEN
2707,90177A,CLASSIC DIAMANTE EARRINGS JET
2708,90026C,GLASS BEAD HOOP NECKLACE GREEN
2709,90069,RUBY GLASS CLUSTER NECKLACE
2710,84876B,GREEN HEART COMPACT MIRROR
2711,17090A,LAVENDER INCENSE 40 CONES IN TIN
2712,85215,ASSORTED CHEESE FRIDGE MAGNETS
2713,21758,VINTAGE SHELLS PRINT
2714,20848,ZINC HEART LATTICE CHARGER SMALL
2715,20683,RAIN GIRL CHILDS UMBRELLA
2716,84859C,PINK DISCO HANDBAG
2717,84859A,SILVER DISCO HANDBAG
2718,75131,METAL TUBE CHIME ON BAMBOO
2719,85109,PINK BOUDOIR T-LIGHT HOLDER
2720,84802A,WHITE ANEMONE ARTIFICIAL FLOWER
2721,35607B,BLACK FEATHER CHRISTMAS DECORATION
2722,21202,DOLLY HONEYCOMB GARLAND
2723,90001C,ANTIQUE OPAL WHITE FLOWER EARRINGS
2724,79340P,PURPLE ORCHID FLOWER LIGHTS
2725,35607A,PINK FLUFFY CHRISTMAS DECORATION
2726,85218,S/5 MINI ICE CREAM FRIDGE MAGNETS
2727,35001C,HAND OPEN SHAPE CHROME
2728,16207B,PINK HEART RED HANDBAG
2729,35936,CERISE+GOLD CHRISTMAS TREE DEC
2730,20939,ORANGE CANDLE
2731,72785A,S/4 CONTEMPORY PINK ROSEBUD CANDLES
2732,72785B,S/4 CONTEMPORY RED ROSEBUD CANDLES
2733,21766,VINTAGE WOOD ORGANISER
2734,21686,MEDINA STAMPED METAL STOOL
2735,84689,S/2 BEACH HUT TREASURE CHESTS
2736,84550,CROCHET LILAC/RED BEAR KEYRING
2737,21226,POCKET MIRROR WOODLAND
2738,21225,POCKET MIRROR BUTTERFLY 
2739,16258A,SWIRLY CIRCULAR RUBBERS IN BAG
2740,37491C,GREEN/BLUE CERAMIC CANDLE HOLDER
2741,75011,BLUE DAISY MOBILE
2742,72801C,S/4 ROSE PINK DINNER CANDLES
2743,46775E,CANDY POP CHUNKY KNITTED THROW 
2744,35911B,PINK/FLOWER RABBIT EGG WARMER 
2745,62097A,PINK STRIPES SHOULDER BAG
2746,72812,LARGE ZINC/GLASS CANDLEHOLDER
2747,21473,SWEETHEART CREAM STEEL TABLE RECT
2748,90000C,OPAL WHITE/SILVER FLOWER NECKLACE
2749,90065B,BLACK VINT ART DEC CRYSTAL BRACELET
2750,90182C,BLACK 3 BEAD DROP EARRINGS
2751,90026B,GLASS BEAD HOOP NECKLACE MONTANA
2752,90212C,PURPLE LAS VEGAS BRACELET ROUND
2753,21317,GLASS SPHERE CANDLE STAND MEDIUM
2754,62074B,ELEPHANT CLIP W SUCTION CUP
2755,84876C,SILVER HEART COMPACT MIRROR
2756,35999,S/6 SCANDINAVIAN HEART T-LIGHT
2757,90201A,PURPLE ENAMEL FLOWER RING
2758,20697,LITTLE GREEN MONSTER SOFT TOY
2759,17090D,VANILLA INCENSE 40 CONES IN TIN
2760,85230A,OPIUM SCENTED VOTIVE CANDLE
2761,72133,COLUMBIAN CANDLE RECTANGLE
2762,72134,COLUMBIAN  CUBE CANDLE 
2763,72130,COLUMBIAN CANDLE ROUND
2764,37489A,YELLOW/PINK FLOWER DESIGN BIG MUG
2765,85225,BLING KEY RING STAND
2766,21441,BLUE BIRDHOUSE DECORATION
2767,84711A,SILVER OVAL SHAPE TRINKET BOX
2768,90140,PINK SWEETIE NECKLACE
2769,90146,FINE SILVER NECKLACE W PASTEL FLOWE
2770,90123A,PINK HEART OF GLASS BRACELET
2771,90060B,FIRE POLISHED GLASS NECKL GOLD
2772,22243,"HOOK, 5 HANGER ,MAGIC TOADSTOOL RED"
2773,47369B,BLUE GREEN EMBROIDERY COSMETIC BAG
2774,72772,SET/4 SCENTED CANDLES IN RAMEKINS
2775,35910A,MULTICOLOUR EASTER RABBIT 
2776,21716,BOYS VINTAGE TIN SEASIDE BUCKET
2777,21715,GIRLS VINTAGE TIN SEASIDE BUCKET
2778,37438,FUNKY FLOWER COFFEE POT
2779,46775D,SUNSET COLOUR CHUNKY KNITTED THROW
2780,84921,CREAM AND PINK FLOWERS PONY 
2781,22360,"GLASS JAR, ENGLISH CONFECTIONERY"
2782,21190,PINK HEARTS PAPER GARLAND
2783,22247,BUNNY DECORATION MAGIC GARDEN
2784,22249,DECORATION WHITE CHICK MAGIC GARDEN
2785,22250,DECORATION  BUTTERFLY  MAGIC GARDEN
2786,85213,MINI  ZINC GARDEN DECORATIONS 
2787,71101A,ANGEL ON KNEES METAL POLE 100CM H
2788,71101E,STANDING FAIRY POLE SUPPORT 
2789,20882,MODERN CHRISTMAS TREE CANDLE
2790,15030,FAN BLACK FRAME 
2791,72793,BLACK BOX MIRROR LANTERN
2792,35637A,IVORY STRING CURTAIN WITH POLE 
2793,16256C,HEARTS PENCIL/RUBBER+5 MINI PENCILS
2794,21416,CLAM SHELL LARGE
2795,22268,EASTER DECORATION SITTING BUNNY
2796,35597B,BLACKCHRISTMAS TREE 30CM
2797,84255A,PINK GLASS COCKTAIL LAMP
2798,21318,GLASS CHALICE BLUE SMALL 
2799,18098B,BLUE PORCELAIN B'FLY OIL BURNER
2800,37399,"ASS RETROSPOOF MUGS,SPORTS"
2801,37475,SET/4 COLOURFUL MIXING BOWLS
2802,21036,SET/2 TEA TOWELS MODERN VINTAGE
2803,17007B,S/3 POT POURI CUSHIONS BLUE COLOURS
2804,84621,BLUE GINGHAM ROSE FLOOR CUSHION 
2805,84251C,"GREETING CARD, TWO SISTERS."
2806,22021,BLUE FELT EASTER EGG BASKET
2807,85206B,PINK FELT EASTER EGG BASKET
2808,90129A,PINK GLASS TASSLE BAG CHARM 
2809,35001P,HAND OPEN SHAPE PINK
2810,84824,DANISH ROSE UMBRELLA STAND
2811,44234,ASSORTED CIRCULAR MOBILE
2812,18098A,PINK PORCELAIN B'FLY OIL BURNER
2813,20858,SILVER PURSE GOLD PINK BUTTERFLY
2814,21298,EDWARDIAN 2 DRAWER WALL CABINET 
2815,72750B,"F.FAIRY S/3 CANDLE/GLASS,LAVENDER"
2816,35980C,REDWHITE STRIPE SCANDINAVIAN HEART 
2817,21750, LARGE SKULL WINDMILL
2818,17038,PORCELAIN BUDAH INCENSE HOLDER
2819,21406,SPOTTY CAT DOORSTOP 
2820,21919,Electronic Talking Breath-A-Loser
2821,35818C,"ACRYLIC JEWEL ICICLE, CLEAR "
2822,48175,DOOR MAT CAMOUFLAGE
2823,85091,CANDY SPOT BREAD BASKETS
2824,90018A,SILVER M.O.P ORBIT DROP EARRINGS
2825,90018C,SILVER BLACK ORBIT DROP EARRINGS
2826,90027C,GLASS BEAD HOOP EARRINGS GREEN
2827,90038B,GLASS AND PAINTED BEADS BRACELET OL
2828,90054,CRACKED GLAZE EARRINGS RED
2829,90077,BLACK DIAMOND CLUSTER EARRINGS
2830,90178B,PURPLE CHUNKY GLASS+BEAD NECKLACE
2831,90198A,VINTAGE ROSE BEAD BRACELET RASPBERR
2832,90211A,DIAMOND LAS VEGAS NECKLACE 45CM
2833,22188,BLACK HEART CARD HOLDER
2834,47594A,CAROUSEL DESIGN WASHBAG
2835,79144C,PAINTED LIGHTBULB RAINBOW DESIGN
2836,84856S,SMALL TAHITI BEACH BAG
2837,84870C,GREEN GEISHA GIRL 
2838,84931B,BLUE SCOTTIE DOG W FLOWER PATTERN
2839,85167B,BLACK GRAND BAROQUE PHOTO FRAME
2840,85169D,PINK LOVE BIRD CANDLE
2841,85190,PINK FLOWER HANGING HEART 
2842,85202,HANGING WOOD AND FELT HEART
2843,85204,HANGING WOOD AND FELT FLOWER
2844,90037A,TINY CRYSTAL BRACELET RED
2845,90037C,TINY CRYSTAL BRACELET BLUE
2846,20821,GOLDIE LOOKING MIRROR
2847,17011C,ORIGAMI LAVENDER INCENSE+FLOWER
2848,20846,ZINC HEART LATTICE T-LIGHT HOLDER
2849,21718,RED METAL BEACH SPADE 
2850,22137,BATHROOM SET LOVE HEART DESIGN
2851,35819B,"ACRYLIC HANGING JEWEL,BLUE"
2852,84797B,BLUE SAVANNAH PICNIC HAMPER FOR 4
2853,85160B,BLACK BIRD GARDEN DESIGN MUG
2854,90143,SILVER BRACELET W PASTEL FLOWER
2855,21132,SILVER STANDING GNOME   
2856,22264,FELT FARM ANIMAL WHITE BUNNY 
2857,45016,DECORATIVE NET CANOPY LEOPARD
2858,47367B,PAIR PADDED HANGERS PINK CHECK
2859,47586A,PINK FAIRY CAKE CUSHION COVER
2860,84637,KITCHEN FLOWER POTS WALL PLAQUE
2861,84847,FLORAL BATHROOM SET
2862,90122C,TURQUOISE CRYSTAL+GLASS BRACELET
2863,90176C,DIAMANTE NECKLACE
2864,21702,SET 5 MINI GATEAUX  FRIDGE MAGNETS
2865,21699,SET 5 MINI CHOCOLATE FRIDGE MAGNETS
2866,48138,DOOR MAT UNION FLAG
2867,84570B,WHITE SATIN DRESS JEWEL STAND
2868,84782B,BLACK 3 TIER GLASS PLATE STAND
2869,90082B,DIAMANTE BOW BROOCH RED COLOUR
2870,90004A,JADE GREEN PAIR ENAMEL HAIR SLIDES
2871,20664,TROPICAL HOLIDAY PURSE 
2872,85129B,BEADED CRYSTAL HEART GREEN SMALL
2873,85030,FRENCH CHATEAU OVAL PLATTER
2874,85141,JARDIN ETCHED GLASS FRUITBOWL
2875,84595B,LARGE TRIFLE DESIGN L BLUE BOWL
2876,84313A,PINK TV TRAY TABLE 
2877,21088,SET/6 FRUIT SALAD PAPER CUPS
2878,85119,WATERING CAN SINGLE HOOK PISTACHIO
2879,35937,CERISE+GOLD CHRISTMAS STOCKING DEC
2880,85094,CANDY SPOT EGG WARMER RABBIT
2881,90001A,ANTIQUE RASPBERRY FLOWER EARRINGS
2882,90031,BILI NUT AND WOOD NECKLACE
2883,90176D,DIAMANTE NECKLACE PURPLE
2884,21442,GREEN BIRDHOUSE DECORATION
2885,90202D,PINK ENAMEL FLOWER HAIR TIE
2886,17011D,ORIGAMI ROSE INCENSE+FLOWER
2887,37491A,YELLOW/PINK CERAMIC CANDLE HOLDER
2888,84529A,PINK KNITTED KIDS RUCKSACK
2889,84529C,YELLOW KNITTED KIDS RUCKSACK
2890,47583B,SET OF 3 WICKER BASKET TEA AND CAKE
2891,90141B,IVORY PENDANT TRIPLE SHELL NECKLACE
2892,90199A,5 STRAND GLASS NECKLACE BLACK
2893,35816B,"ACRYLIC JEWEL ANGEL,BLUE"
2894,84609,TALL ROCOCO CANDLE HOLDER
2895,85018B,S/6 PAPER BOXES BLOSSOM IMAGES 
2896,85018A,S/6 PAPER BOXES ROMANTIC IMAGES
2897,35963,FOLKART ZINC CLIP ON ANGEL WINGS
2898,21090,SET/6 COLLAGE PAPER PLATES
2899,84631,FRUIT TREE AND BIRDS WALL PLAQUE
2900,90129F,RED GLASS TASSLE BAG CHARM
2901,90129D,AMBER GLASS TASSLE BAG CHARM
2902,90129E,PURPLE GLASS TASSLE BAG CHARM
2903,21001,ROSE DU SUD WASHBAG 
2904,35652,VINTAGE BEAD CHAISE LONG JEWEL BOX
2905,17011E,ORIGAMI OPIUM SCENT INCENSE+FLOWER
2906,17011F,ORIGAMI SANDLEWOOD INCENSE+FLOWER
2907,17012E,ORIGAMI OPIUM INCENSE/CANDLE SET 
2908,17013C,ORIGAMI LAVENDER INCENSE IN TUBE
2909,84616,SILVER ROCCOCO CHANDELIER
2910,16043,POP ART PUSH DOWN RUBBER 
2911,84450A,PINK RABBIT SITTING EASTER
2912,85189,HANGING BUTTERFLY  EGG
2913,21209,MULTICOLOUR HONEYCOMB FAN
2914,47013A,WINE BOTTLE DRESSING LT.BLUE
2915,84927F,PSYCHEDELIC TILE HOOK
2916,90016B,GOLD/M.O.P PENDANT ORBIT NECKLACE
2917,21208,PASTEL COLOUR HONEYCOMB FAN
2918,84905,PINK BUTTERFLY C/COVER 
2919,21030,SPACE CADET RED
2920,82069,BEECH WOOD P/FRAME
2921,16052,TEATIME PUSH DOWN RUBBER
2922,21038,SET/4 MODERN VINTAGE COTTON NAPKINS
2923,84876D,BLUE HEART COMPACT MIRROR
2924,90182B,AMETHYST 3 BEAD DROP EARRINGS
2925,21503,TOYBOX  WRAP 
2926,51020A,SUMMER FUN DESIGN SHOWER CAP
2927,84942,KASHMIR FOLKART HEART DISHES
2928,90003E,GREEN PAIR HEART HAIR SLIDES
2929,21475,SWEETHEART CREAM STEEL FOLDIN CHAIR
2930,35974,S/6 CHRISTMAS TREE PLACE SETTING
2931,35930,PINK HEART CHRISTMAS DECORATION
2932,20802,SMALL GLASS SUNDAE DISH CLEAR
2933,90059F,DIAMANTE HAIR GRIP PACK/2 LT ROSE
2934,90124C,GREEN MURANO TWIST NECKLACE
2935,90132,LIGHT TOPAZ TEAL/AQUA COL NECKLACE
2936,84499,BLACK FLOWER CANDLE PLATE
2937,84661B,BLACK SQUARE TABLE CLOCK
2938,85131B,BEADED CRYSTAL HEART GREEN ON STICK
2939,22266,EASTER DECORATION HANGING BUNNY
2940,84706A,ENGLISH ROSE TABLE CLOCK
2941,84732D,CUTE RABBIT CEATURE SCREEN 
2942,84732B,CUTE BIRD CEATURE SCREEN
2943,21128,GOLD FISHING GNOME
2944,21496,WOODLAND CREATURES  WRAP
2945,20820,SILVER LOOKING MIRROR
2946,37352,BIRD IN TREE MUG 
2947,20759,CHRYSANTHEMUM POCKET BOOK 
2948,90206A,GOLD DIAMANTE STAR BROOCH
2949,22221,CAKE STAND LOVEBIRD 2 TIER PINK
2950,21095,SET/6 POSIES PAPER PLATES
2951,72781,BLACK SILOUETTE CANDLE PLATE 
2952,90020,FILIGREE DIAMANTE CHAIN
2953,90043,COPPER AND BRASS BAG CHARM
2954,85145,JARDIN ETCHED GLASS LARGE BELL JAR
2955,20667,CHERRY BLOSSOM PURSE
2956,85131D,BEADED CRYSTAL HEART PINK\ON STICK
2957,47343A,FUSCHIA FLOWER PURSE WITH BEADS
2958,47344B,BLUE FLOWER DES PURSE
2959,71510,SQUARE METAL CANDLEHOLDER BASE
2960,90199D,5 STRAND GLASS NECKLACE AMBER
2961,22251,BIRDHOUSE DECORATION MAGIC GARDEN
2962,84801B,WHITE HYDRANGEA ART FLOWER
2963,84877A,PINK ROUND COMPACT MIRROR
2964,84856L,LARGE TAHITI BEACH BAG
2965,90191,SILVER LARIAT 40CM
2966,90079,VINTAGE ENAMEL & CRYSTAL NECKLACE
2967,90064B,BLACK VINTAGE  CRYSTAL EARRINGS
2968,72225D,VANILLA SCENT CAKE CANDLE 
2969,72225C,LAVENDER SCENT CAKE CANDLE
2970,35603B,S/16 BLACK SHINY/MAT BAUBLES
2971,44091C,MULTICOLOUR CRUSOE CHECK LAMPSHADE
2972,21525,BEWARE OF THE CAT DOORMAT
2973,21315,LARGE GLASS HEART TRINKET POT
2974,35915B,BLUE KNITTED HEN 
2975,35915A,CREAM KNITTED HEN
2976,84748,FOLK FELT HANGING MULTICOL GARLAND
2977,40002,WHITE BAMBOO RIBS LAMPSHADE
2978,71270,PHOTO CLIP LINE
2979,84838,ANT WHITE HIGH RISE BIRD BOX
2980,44092C,PURPLE/COPPER HANGING LAMPSHADE
2981,48103,DOOR MAT KISS MY.......
2982,20840,FRENCH FLORAL CUSHION COVER 
2983,84657,GREEN ROSE CUSHION COVER
2984,35980B,RED TOP SCANDINAVIAN HEART 
2985,22092,BLUE PAISLEY TISSUE BOX
2986,72129,COLUMBIAN CANDLE ROUND 
2987,35598C,WHITE CHRISTMAS TREE 60CM
2988,40003,WHITE BAMBOO RIBS LAMPSHADE
2989,79403,FROSTED WHITE BASE 
2990,90016A,SILVER/M.O.P PENDANT ORBIT NECKLACE
2991,90098,NECKLACE+BRACELET PINK BUTTERFLY
2992,90126B,BLUE BERTIE MOBILE PHONE CHARM
2993,90126C,AMBER BERTIE MOBILE PHONE CHARM
2994,90128C,GREEN LEAVES AND BEADS PHONE CHARM
2995,90201D,GREEN ENAMEL FLOWER RING
2996,16192,PINK BALLET OPENING CUBE BOX 
2997,21119,Glow In The Dark Shot Glasses 
2998,21374,MIRRORED WALL ART SKULLS
2999,37468,HARDMAN MUG 3 ASSORTED
3000,84660A,WHITE STITCHED WALL CLOCK
3001,84706D,CHERRY BLOSSOM TABLE CLOCK 
3002,90036F,"FLOWER GLASS GARLD NECKL36""TURQUOIS"
3003,90038C,GLASS AND BEADS BRACELET IVORY
3004,90039A,FIRE POLISHED GLASS BRACELET RED
3005,90130A,WHITE STONE/CRYSTAL EARRINGS
3006,84858C,PINK RIVIERA HANDBAG
3007,35945,GOLD CHRISTMAS STOCKING DECORATION
3008,84422,PINK/BLUE DISC/MIRROR STRING
3009,84563B,BLUE & WHITE BREAKFAST TRAY
3010,72132,COLUMBIAN CUBE CANDLE
3011,84816,DANISH ROSE BEDSIDE CABINET
3012,46307,ROSES BLUE BASE CUSHION COVER 
3013,21002,ROSE DU SUD DRAWSTRING BAG
3014,17013F,ORIGAMI SANDLEWOOD INCENSE IN TUBE
3015,17011A,ORIGAMI VANILLA INCENSE+FLOWER 
3016,84821,DANISH ROSE DELUXE COASTER
3017,84865,NEW BAROQUE BLACK PHOTO ALBUM
3018,90103,PURPLE FRANGIPANI NECKLACE
3019,85077,KISSING REINDEER TABLE RUNNER
3020,85163B,BLACK BAROQUE WALL CLOCK 
3021,37471,MULTICOLOUR DOTS PLATE
3022,35922,EASTER BUNNY WREATH
3023,72755C,FLOWER FAIRY OIL BURNER SET ROSE
3024,84247H,PACK/12 DECOUPAGE CARD
3025,22039,BOTANICAL LILY GIFT WRAP
3026,22038,BOTANICAL LAVENDER GIFT WRAP 
3027,20885,BOX OF 3 PEBBLE CANDLES
3028,84924F,PSYCHEDELIC METAL SIGN CALENDAR
3029,90160C,TURQ+RED BOUDICCA LARGE BRACELET
3030,90183B,AMETHYST DROP EARRINGS W LONG BEADS
3031,37494a,FAIRY CAKE CERAMIC BUTTER DISH
3032,84406b,CREAM CUPID HEARTS COAT HANGER
3033,72807b,SET/3 OCEAN SCENT CANDLE JEWEL BOX
3034,85232b,SET/3 RUSSIAN DOLL STACKING TINS
3035,85159b,"WHITE TEA,COFFEE,SUGAR JARS"
3036,37351,ORANGE FLOWER MUG 
3037,47567b,TEA TIME KITCHEN APRON
3038,85124b,BLUE JUICY FRUIT PHOTO FRAME
3039,85184c,S/4 VALENTINE DECOUPAGE HEART BOX
3040,79051a,SMOKEY GREY COLOUR D.O.F. GLASS
3041,85114a,BLACK ENCHANTED FOREST PLACEMAT
3042,37482b,CUBIC MUG BLUE POLKA DOT
3043,79302m,"ART LIGHTS,FUNK MONKEY"
3044,84509a,ENGLISH ROSE PLACEMATS
3045,84912a,PINK ROSE WASHBAG
3046,85123b,ZINC HANGING HEART T-LITE HLDR
3047,84029c,BROWN FURRY HOT WATER BOTTLE
3048,90052,CRACKED GLAZE NECKLACE BROWN
3049,21369,MIRRORED WALL ART SPLODGES
3050,21290,LARGE SPOTTY CHOCOLATE GIFT BAG
3051,90123C,GREEN HEART OF GLASS BRACELET
3052,90201C,RED ENAMEL FLOWER RING
3053,90058B,CRYSTAL STUD EARRINGS ASSORTED COL 
3054,46776E,WOVEN CANDY CUSHION COVER 
3055,79337,BLUE FLOCK GLASS CANDLEHOLDER
3056,21420,OYSTER TRINKET BOX
3057,84292B,BLUE COL METAL FOLDING CHAIR
3058,22365,DOORMAT RESPECTABLE HOUSE
3059,22366,DOORMAT AIRMAIL 
3060,35654,VINTAGE BEAD FILLED PINK CUSHION
3061,85219,S/4 HEART CRYSTAL FRIDGE MAGNETS
3062,37451,CERAMIC CAKE TEAPOT WITH CHERRY
3063,85130C,BEADED CRYSTAL HEART BLUE  LARGE
3064,84614C,BLUE BAROQUE FLOCK CANDLE HOLDER
3065,21772,VINTAGE METAL CAKE STAND CREAM 
3066,84804B,BLUE DELPHINIUM ARTIFICIAL FLOWER
3067,84801A,PINK HYDRANGEA ART FLOWER
3068,84798A,PINK FOXGLOVE ARTIIFCIAL FLOWER
3069,84798C,WHITE FOXGLOVE ARTIIFCIAL FLOWER
3070,85194S,HANGING SPRING FLOWER EGG SMALL
3071,21363,HOME SMALL WOOD LETTERS
3072,85019A,ROMANTIC IMAGES NOTEBOOK SET
3073,90096,NECKLACE+BRACELET SET BLUE BLOSSOM
3074,84967B,BLUE KASHMIRI OCCASIONAL TABLE
3075,20850,ZINC HEART LATTICE PLANTER BOWL
3076,47574B,ENGLISH ROSE SCENTED HANGING HEART
3077,84974,S/2 ZINC HEART DESIGN PLANTERS
3078,22358,KINGS CHOICE TEA CADDY 
3079,22357,KINGS CHOICE BISCUIT TIN
3080,84803A,PINK ALLIUM  ARTIFICIAL FLOWER
3081,84807,RED POPPY ARTIFICIAL FLOWER
3082,35912B,WHITE/PINK CHICK DECORATION
3083,35913B,WHITE/PINK CHICK EASTER DECORATION
3084,35910B,PINK FLOWERS RABBIT EASTER
3085,20715,LITTLE FLOWER SHOPPER BAG
3086,84805B,BLUE CLIMBING HYDRANGA ART FLOWER
3087,84798B,PURPLE FOXGLOVE ARTIIFCIAL FLOWER
3088,62096A,PINK/YELLOW FLOWERS HANDBAG
3089,84611B,BLACK NEW BAROQUE FLOCK BOX
3090,16054,POPART RECT PENCIL SHARPENER ASST
3091,16044,POP-ART FLUORESCENT PENS
3092,16053,POPART COL BALLPOINT PEN ASST
3093,16045,POPART WOODEN PENCILS ASST
3094,22326,"ROUND SNACK BOXES ,SET4, WOODLAND "
3095,22328,"ROUND SNACK BOXES ,SET 4, FRUITS "
3096,21562,HAWAIIAN GRASS SKIRT 
3097,84917,WHITE HAND TOWEL WITH BUTTERFLY
3098,84867A,PINK BABY GIRLS PHOTO ALBUM
3099,20794,BLUE  TILE HOOK
3100,84612B,SET/4 BLACK  BAROQUE FLOCK COASTER
3101,84464,S/60 PINK FLUFFY CHICKS IN BOX
3102,84984A,GREEN PEONY DES C/COVER
3103,84984B,RED PEONY DES C/COVER 
3104,21393,BLUE  SPOTTY PUDDING BOWL
3105,22329,ROUND CONTAINER SET OF 5 RETROSPOT
3106,22367,CHILDS APRON SPACEBOY DESIGN
3107,22414,DOORMAT NEIGHBOURHOOD WITCH 
3108,22327,ROUND SNACK BOXES SET OF 4 SKULLS
3109,16156L,"WRAP, CAROUSEL"
3110,37462E,"PET MUG, GOLDFISH"
3111,90130D,RED STONE/CRYSTAL EARRINGS
3112,16254,TRANSPARENT ACRYLIC TAPE DISPENSER
3113,90016C,SILVER/BLACK PENDANT ORBIT NECKLACE
3114,90122A,PINK CRYSTAL+GLASS BRACELET
3115,84313C,ORANGE TV TRAY TABLE 
3116,21857,STAR WARS TOP TRUMPS GAME
3117,37479B,CUBIC MUG FLOCK BLUE ON BROWN
3118,84455,SET OF 3 RABBIT CARROTS EASTER
3119,84653,GREEN ROSE QUILT 
3120,85130B,BEADED CRYSTAL HEART GREEN LARGE
3121,90025F,BAROQUE BUTTERFLY EARRINGS CRYSTAL
3122,90055,CRACKED GLAZE EARRINGS BROWN
3123,90123B,TURQUOISE HEART OF GLASS BRACELET
3124,84437A,S/6 PINK EASTER DECS IN BOX
3125,84509E,CAROUSEL PLACEMATS 
3126,84510E,SET OF 4 GREEN CAROUSEL COASTERS
3127,85092,CANDY SPOT TEA COSY
3128,85205B,PINK FELT EASTER RABBIT GARLAND
3129,90156,RESIN BRACELET W PASTEL BEADS
3130,20800,LARGE GLASS SUNDAE DISH CLEAR
3131,21454,PAINTED PINK RABBIT 
3132,37491B,BLUE/YELLOW CERAMIC CANDLE HOLDER
3133,37330,SPOTS MUG
3134,47599B,BLUE PARTY BAGS 
3135,85188B,PINK METAL SWINGING BUNNY
3136,72606A,BROWN ANTIQUE CUBE CANDLE
3137,47583A,SET OF 3 WICKER BASKET ROSE
3138,90053,CRACKED GLAZE EARRINGS IVORY
3139,37326,FAIRY DESIGN MUGS
3140,72740B,LARGE WHITE CHOCOLATE CANDLE
3141,21386,IVORY HANGING DECORATION  EGG
3142,84247N,PACK/12 BLUE FOLKART CARDS
3143,81952B,ROUND BLUE CLOCK W/SUCKER
3144,20891,LARGE GLASS ROSE SCENTED CANDLE 
3145,90039B,FIRE POLISHED GLASS BRACELET MONTAN
3146,84925F,PSYCHEDELIC WALL THERMOMETER
3147,90013D,PURPLE VINTAGE EARRINGS
3148,44235,ASS COL CIRCLE MOBILE 
3149,21759,METAL WALL SHELF UNIT WITH HOOKS
3150,90082C,DIAMANTE BOW BROOCH WHITE COLOUR
3151,85187,S/12 MINI RABBIT EASTER
3152,90001B,ANTIQUE MID BLUE FLOWER EARRINGS
3153,90064A,WHITE VINTAGE CRYSTAL EARRINGS
3154,90160A,PURPLE BOUDICCA LARGE BRACELET
3155,21653,GLASS ETCHED T-LIGHT HOLDER LARGE
3156,15058B,PINK WHITE SPOTS GARDEN PARASOL
3157,85157,SET OF 2 CHESTS CHOCOLAT AU LAIT
3158,35637C,PINK STRING CURTAIN WITH POLE
3159,17014D,ORIGAMI ROSE INCENSE CONES
3160,90076,MONTANA DIAMOND CLUSTER EARRINGS
3161,84599,CANDY STRIPE ROSE FLOOR CUSHION
3162,37489D,PINK/GREEN FLOWER DESIGN BIG MUG
3163,37409,ASSORTED DESIGN FLOWER MUGS
3164,84766,SILVER ROCOCO CANDLE STICK
3165,82545A,COGNAC AUX OEUFS METAL 1 HOOK
3166,20791,BLUE TILED SET OF 3 DRAWERS
3167,84849D,HOT BATHS SOAP HOLDER
3168,84033,FLAG OF ST GEORGE 
3169,22106,MIRROR MOSAIC HURRICANE LAMP 
3170,85232C,RUSSIAN FOLKART STACKING TINS
3171,21089,SET/6 GREEN SPRING PAPER CUPS
3172,21097,SET/6 GREEN SPRING  PAPER PLATE
3173,90108,BLUE BLOSSOM HAIR CLIP
3174,16010,FOLDING CAMPING SCISSOR W/KNIF & S
3175,20787,BLUE RETRO BAR STOOL
3176,20698,LITTLE PINK MONSTER SOFT TOY
3177,72796C,S/3 ROSE GARDEN SCENT SQU CANDLE
3178,85027L,FRENCH CHATEAU LARGE PLATTER 
3179,78026,SEAGRASS S/3 SQU LAUNDRY BOX
3180,84458,S/3 RABBIT FLOWER/EGG/CARROT ROPE
3181,20801,LARGE PINK GLASS SUNDAE DISH
3182,90189A,SILVER 2 STRAND NECKLACE-LEAF CHARM
3183,21409,SPOTTY COCKEREL DOORSTOP
3184,85023C,PINK LARGE JEWELED PHOTOFRAME
3185,90036B,"FLOWER GLASS GARLAND NECKL.36""GREEN"
3186,90059B,DIAMANTE HAIR GRIP PACK/2 BLACK DIA
3187,90183A,AMBER DROP EARRINGS W LONG BEADS
3188,62094B,TURQ ICE CREAM BUM BAG 
3189,21476,STEEL SWEETHEART ROUND TABLE CREAM
3190,35970,ZINC FOLKART SLEIGH BELLS
3191,84966B,BLUE KASHMIRI BOXED MIRROR
3192,84966A,PINK KASHMIRI BOXED MIRROR
3193,47469,ASSORTED SHAPES PHOTO CLIP SILVER 
3194,84800L,LARGE WHITE/PINK ROSE ART FLOWER
3195,84804A,CREAM DELPHINIUM ARTIFICIAL FLOWER
3196,16161G,WRAP BAD HAIR DAY
3197,85024B,EAU DE NILE JEWELLED PHOTOFRAME
3198,84820,DANISH ROSE TRINKET TRAYS
3199,90141D,ROSE PENDANT TRIPLE SHELL NECKLACE
3200,21793,CLASSIC FRENCH STYLE BASKET BROWN
3201,21792,CLASSIC FRENCH STYLE BASKET GREEN 
3202,84567,FROSTED GLASS WITH SILVER SURROUND
3203,90019B,GOLD M.O.P ORBIT BRACELET
3204,90157,RIVIERA NECKLACE
3205,22257,FELT FARM ANIMAL SHEEP
3206,79301,FEATHER HEART LIGHTS
3207,84630,FLOWERS AND BIRDS WALL PLAQUE
3208,47567,ENGLISH ROSE DESIGN KITCHEN APRON
3209,90032,IVORY SHELL HEART NECKLACE
3210,17014F,ORIGAMI SANDLEWOOD INCENSE CONES
3211,84799,SPRIG LAVENDER ARTIFICIAL FLOWER
3212,20890,SMALL GLASS ROSE SCENTED CANDLE
3213,21474,SWEETHEART CREAM STEEL FOLDIN BENCH
3214,35921,EASTER BUNNY HANGING GARLAND
3215,20786,BLACK RETRO BAR STOOL
3216,20785,FUSCHIA RETRO BAR STOOL
3217,21346,LARGE SILVER BALUSTRADE CANDLESTICK
3218,85032B,BLOSSOM IMAGES GIFT WRAP SET
3219,17021,NAMASTE SWAGAT INCENSE
3220,22380,TOY TIDY SPACEBOY  
3221,22383,LUNCHBAG SUKI  DESIGN 
3222,22382,LUNCHBAG SPACEBOY DESIGN 
3223,44236,PINK/PURPLE CIRCLE CURTAIN
3224,15058A,BLUE WHITE SPOTS GARDEN PARASOL
3225,15058C,ICE CREAM DESIGN GARDEN PARASOL
3226,90128A,PINK LEAVES AND BEADS PHONE CHARM
3227,90162D,ANT SILVER PURPLE BOUDICCA RING
3228,90162A,ANT SILVER TURQUOISE BOUDICCA RING
3229,90128B,BLUE LEAVES AND BEADS PHONE CHARM
3230,21623,VINTAGE UNION JACK MEMOBOARD
3231,22381,TOY TIDY PINK RETROSPOT  
3232,84231,EASTER BUNNY WITH BASKET ON BACK
3233,84457,SET/3 RABBITS FLOWER SKIPPPING ROPE
3234,22259,FELT FARM ANIMAL HEN
3235,84806A,PINK CANDYSTUFT ARTIFICIAL FLOWER
3236,90102,WHITE FRANGIPANI HAIR CLIP
3237,22384,LUNCHBAG PINK RETROSPOT
3238,22379,RECYCLING BAG RETROSPOT 
3239,35638A,PINK AND BLACK STRING CURTAIN
3240,20779,PINK EAR MUFF HEADPHONES
3241,22378,WALL TIDY RETROSPOT 
3242,44241C,BLUE BUTTERFLY ON SPRING
3243,84030b,KNITTED POM POM HOT WATER BOTTLE
3244,84596e,SMALL LICORICE DES PINK BOWL
3245,72801d,S/4 SKY BLUE DINNER CANDLES
3246,84993b,75 BLACK PETIT FOUR CASES
3247,84989b,75 BLACK FAIRY CAKE CASES
3248,84993a,75 GREEN PETIT FOUR CASES
3249,21087,SET/6 POSIES PAPER CUPS
3250,84867b,BLUE BABY BOY'S PHOTO ALBUM
3251,21394,RED SPOTTY BEAKER 
3252,79303A,WHITE ROHMBIC BLOCK TABLE LAMP
3253,22377,BOTTLE BAG RETROSPOT 
3254,84868A,PINK BABY GIRL'S MEMORY BOX
3255,84868B,BLUE BABY BOY'S MEMORY BOX
3256,47518F,ICON PLACEMAT POP ART ELVIS
3257,71434B,"BLACK RND BULLET""KEEP CLEAN"" BIN"
3258,46000R,POLYESTER FILLER PAD 45x30cm
3259,48173A,DOOR MAT BLUE FLOCK
3260,90050,CRACKED GLAZE NECKLACE IVORY
3261,90179A,AMBER FINE BEAD NECKLACE W TASSEL
3262,90181A,AMBER GLASS/SHELL/PEARL NECKLACE
3263,84809B,PINK CHRYSANTHEMUMS ART FLOWER
3264,84809A,WHITE CHRYSANTHEMUMS ART FLOWER
3265,35822B,"ACRYLIC BEAD CHAIN, BLUE"
3266,35822P,"ACRYLIC BEAD CHAIN, PINK"
3267,21794,CLASSIC FRENCH STYLE BASKET NATURAL
3268,78033,FLAG OF ST GEORGE CHAIR
3269,35920,FOUR RABBIT EASTER DECORATIONS
3270,84447,6 RABBIT CHAIN EASTER
3271,37491D,PURPLE/BLUE CERAMIC CANDLE HOLDER
3272,21455,PAINTED YELLOW WOODEN DAISY
3273,84881,BLUE WIRE SPIRAL CANDLE HOLDER
3274,21459,YELLOW EASTER EGG HUNT START POST
3275,71495B,CD WALL TIDY RED FLOWERS
3276,90024A,NEW BAROQUE B'FLY NECKLACE BLACK
3277,84886,BLUE METAL WALL SHELF
3278,84800M,MEDIUM WHITE/PINK ROSE ART FLOWER
3279,85131C,BEADED CRYSTAL HEART BLUE ON STICK
3280,21461,BLUE EASTER EGG HUNT START POST
3281,21460,GREEN EASTER EGG HUNT START POST
3282,21907,I'M ON HOLIDAY METAL SIGN
3283,22386,JUMBO BAG PINK WITH WHITE SPOTS
3284,22385,JUMBO BAG SPACEBOY DESIGN
3285,22496,SET OF 2 ROUND TINS DUTCH CHEESE
3286,22495,SET OF 2 ROUND TINS CAMEMBERT 
3287,22413,METAL SIGN TAKE IT OR LEAVE IT 
3288,22411,JUMBO SHOPPER VINTAGE RED PAISLEY
3289,22494,EMERGENCY FIRST AID TIN 
3290,22412,METAL SIGN NEIGHBOURHOOD WITCH 
3291,46137D,GREEN CHENILLE SHAGGY RUG
3292,84797A,PINK HAWAIIAN PICNIC HAMPER FOR 4
3293,84219,BOX/12 MOTHER & CHICK IN BASKET/BOW
3294,84461,12 PINK HEN+CHICKS IN BASKET
3295,21763,VINTAGE WOODEN BAR STOOL
3296,22500,SET OF 2 TINS JARDIN DE PROVENCE
3297,22497,SET OF 2 TINS VINTAGE BATHROOM 
3298,78027,SEAGRASS S/2 CORNER LAUNDRY 
3299,72821,CUPID SCENTED CANDLE IN GLASS
3300,90149,SILVER FLOWR PINK SHELL NECKLACE
3301,84218,BOX/12 CHICK & EGG IN BASKET
3302,22417,PACK OF 60 SPACEBOY CAKE CASES
3303,16206B,RED PURSE WITH PINK HEART
3304,22657,HEN & 2 CHICKS IN BASKET
3305,62095B,TURQOISE ICE CREAM SUNHAT
3306,17174,ASSTD RASTA KEY-CHAINS
3307,21008,ETCHED GLASS HEART TREE DECORATION
3308,84559a,3D SHEET OF DOG STICKERS
3309,82613a,"METAL SIGN,CUPCAKE SINGLE HOOK"
3310,82613b,"METAL SIGN,CUPCAKE SINGLE HOOK"
3311,82613c,"METAL SIGN,CUPCAKE SINGLE HOOK"
3312,79071B,ENGLISH ROSE METAL WASTE BIN
3313,79140,ASS WINDPROOF MARIJUANA LIGHTERS
3314,20822,SILVER WINE GOBLET
3315,84927E,FLOWERS TILE HOOK
3316,84462,3 PINK HEN+CHICKS IN BASKET
3317,84366,VENDETTA CANVAS PICTURE
3318,90114,SUMMER DAISIES BAG CHARM
3319,90116,FRUIT SALAD BAG CHARM
3320,22499,WOODEN UNION JACK BUNTING
3321,90197D,AMBER GLASS BRACELET HEART CHARMS
3322,85205A,IVORY FELT EASTER RABBIT GARLAND
3323,84555A,YELLOW VW BEETLE CERAMIC MONEY BOX
3324,84963A,PINK PAINTED KASHMIRI CHAIR
3325,84967A,PINK KASHMIRI OCCASIONAL TABLE
3326,22416,36 DOILIES SPACEBOY DESIGN 
3327,82011A,"BATHROOM SCALES, TROPICAL BEACH"
3328,90214V,"LETTER ""V"" BLING KEY RING"
3329,84857A,SILVER MONTE CARLO HANDBAG
3330,22498,WOODEN REGATTA BUNTING
3331,35644,PAIR PINK/BLACK COATHANGERS
3332,84859B,BLUE DISCO HANDBAG
3333,84927A,WAKE UP COCKEREL TILE HOOK
3334,84465,15 PINK FLUFFY CHICKS IN BOX
3335,47421,ASSORTED COLOUR LIZARD SUCTION HOOK
3336,17084A,TRANQUILITY MASALA INCENSE
3337,44089A,PINK GAUZE BUTTERFLY LAMPSHADE
3338,44089C,LILAC GAUZE BUTTERFLY LAMPSHADE
3339,17027A,INCENSE BAZAAR CANNABIS
3340,84923,PINK BUTTERFLY HANDBAG W BOBBLES
3341,20816,GOLD FLOWER CUSHION COVER 
3342,84249A,"GREETING CARD,SQUARE, DOUGHNUTS"
3343,84803B,WHITE ALLIUM  ARTIFICIAL FLOWER
3344,17012C,ORIGAMI LAVENDER INCENSE/CANDL SET 
3345,84723,CHERRY BLOSSOM CANVAS ART PICTURE
3346,84908A,PINK 5 PATCH FLOWER CUSHION COVER 
3347,72751C,"F.FAIRY S/3 SML CANDLE, ROSE"
3348,47422,ASSORTED MONKEY SUCTION CUP HOOK
3349,85192S,HANGING SPRING FLOWER HEART SMALL
3350,79157B,UBO-LIGHT TRIOBASE BLUE
3351,82072,WHITE WOOD SINGLE P/FRAME
3352,84817,DANISH ROSE DECORATIVE PLATE
3353,84192,ASSORTED COLOUR METAL CAT 
3354,84864A,PINK PAISLEY PHOTO ALBUM
3355,21196,ROUND WHITE CONFETTI IN TUBE
3356,84030B,KNITTED POM POM HOT WATER BOTTLE
3357,84311,CAMOFLAGE CUSHION COVER
3358,71495A,CD WALL TIDY BLUE OFFICE
3359,79331,PINK FLOCK GLASS CANDLEHOLDER
3360,90202A,PURPLE ENAMEL FLOWER HAIR TIE
3361,82011E,"BATHROOM SCALES, FAG BREAK"
3362,22372,AIRLINE BAG VINTAGE WORLD CHAMPION 
3363,37489B,BLUE/YELLOW FLOWER DESIGN BIG MUG
3364,22371,AIRLINE BAG VINTAGE TOKYO 78
3365,20838,FRENCH LATTICE CUSHION COVER 
3366,22374,AIRLINE BAG VINTAGE JET SET RED
3367,22376,AIRLINE BAG VINTAGE JET SET WHITE
3368,22375,AIRLINE BAG VINTAGE JET SET BROWN
3369,47563B,WAVELINE SURF IRONING BOARD COVER
3370,84529B,BLUE KNITTED KID'S RUCKSACK
3371,44217M,MULTICOLOUR FEATHERS CURTAIN
3372,90189B,GOLD 2 STRAND NECKLACE-LEAF CHARMS
3373,90078,PINK/WHITE GLASS DEMI CHOKER
3374,90025D,BAROQUE BUTTERFLY EARRINGS PINK
3375,72715,SPHERICAL IVORY CANDLE 
3376,16050,TEATIME PENCIL WITH RUBBER
3377,90025C,BAROQUE BUTTERFLY EARRINGS GREEN
3378,84614A,PINK BAROQUE FLOCK CANDLE HOLDER
3379,84227,HEN HOUSE W CHICK IN NEST
3380,75178,ASSTD COL BUTTERFLY/CRYSTAL W/CHIME
3381,35816P,"ACRYLIC JEWEL ANGEL,PINK"
3382,22432,WATERING CAN PINK BUNNY
3383,22433,WATERING CAN GREEN DINOSAUR
3384,84884a,ANT WHITE WIRE HEART SPIRAL
3385,85039a,SET/4 RED MINI ROSE CANDLE IN BOWL
3386,47559b,TEA TIME OVEN GLOVE
3387,85035b,CHOCOLATE 3 WICK MORRIS BOX CANDLE
3388,79066k,RETRO MOD TRAY
3389,85039b,S/4 IVORY MINI ROSE CANDLE IN BOWL
3390,72801c,S/4 ROSE PINK DINNER CANDLES
3391,79342b,BROWN FLOWER LIGHTS
3392,84997d,PINK 3 PIECE MINI DOTS CUTLERY SET
3393,47556b,TEA TIME TEA TOWELS 
3394,72351a,SET/6 TURQUOISE BUTTERFLY T-LIGHTS
3395,72801g,S/4 BURGUNDY WINE DINNER CANDLES
3396,84800S,SMALL WHITE/PINK ROSE ART FLOWER
3397,90127B,BLUE BEADS+HAND PHONE CHARM
3398,84596I,WRAP SWEETS LIGHT PINK SMALL BOWL
3399,35823P,"ACRYLIC BEAD GARLAND,PINK"
3400,84575A,PINK DOG CANNISTER
3401,22431,WATERING CAN BLUE ELEPHANT
3402,84629,WHITE 3 FRAME BIRDS AND TREE 
3403,84962,SET/3 COLOUR PAINTED KASHMIRI STOOL
3404,84964B,BLUE PAINTED KASHMIRI TABLE 
3405,84964A,PINK PAINTED KASHMIRI TABLE
3406,84965B,BLUE KASHMIRI COFFEE TABLE 
3407,84965A,PINK KASHMIRI COFFEE TABLE 
3408,84613A,PINK NEW BAROQUE FLOCK CANDLESTICK
3409,37488A,YELLOW PINK FLOWER DESIGN BIG BOWL
3410,35909A,RABBIT EASTER DECORATION
3411,21387,IVORY HANGING DECORATION  RABBIT
3412,84751B,BLACK MEDIUM GLASS CAKE STAND
3413,22609,PENS ASSORTED SPACEBALL
3414,72083A,STRAWBERY SWIRL FLARE CANDLE
3415,81953P,ROUND ARTICULATED PINK CLOCK W/SUCK
3416,90128D,PURPLE LEAVES AND BEADS PHONE CHAR
3417,22610,PENS ASSORTED FUNNY FACE
3418,22608,PENS ASSORTED FUNKY JEWELED 
3419,21760,FRENCH STYLE WALL DRESSER
3420,84226,HEN HOUSE W FAMILY IN BARN & NEST
3421,84770,ROUND GEORGIAN SILVER MIRROR
3422,71496A,A4 WALL TIDY BLUE OFFICE
3423,84546,CROCHET POODLE KEYRING
3424,62086A,PINK RETRO BIG FLOWER BAG
3425,90162C,ANT SILVER FUSCHIA BOUDICCA RING
3426,90162B,ANT SILVER LIME GREEN BOUDICCA RING
3427,84805A,CREAM CLIMBING HYDRANGA ART FLOWER
3428,85070,ANT WHITE SWEETHEART TABLE W 3 DRAW
3429,84679,CLASSICAL ROSE TABLE LAMP
3430,84908B,BLUE 5 PATCH FLOWER CUSHION COVER
3431,20836,FRENCH PAISLEY CUSHION COVER
3432,21003,ROSE DU SUD CUSHION COVER
3433,22489,PACK OF 12 TRADITIONAL CRAYONS
3434,90086,CRYSTAL FROG PHONE CHARM
3435,84205C,HAPPY BIRTHDAY GINGER CAT CARD
3436,84726,LILLIES CANVAS PICTURE
3437,84720,DOT MATRIX CANVAS ART PICTURE
3438,17012F,ORIGAMI SANDLEWOOD INCENSE/CAND SET
3439,84926A,WAKE UP COCKEREL TILE COASTER
3440,77079,DOLPHIN WINDMILL
3441,21197,MULTICOLOUR  CONFETTI IN TUBE
3442,35950,FOLKART HEART CHRISTMAS DECORATIONS
3443,20835,FRENCH LATTICE CUSHION COVER 
3444,37379B,BLUE CHERRY BLOSSOM CUP & SAUCER
3445,22457,NATURAL SLATE HEART CHALKBOARD 
3446,22456,NATURAL SLATE CHALKBOARD LARGE 
3447,22483,RED GINGHAM TEDDY BEAR 
3448,22458,CAST IRON HOOK GARDEN FORK
3449,22459,CAST IRON HOOK GARDEN TROWEL
3450,22467,GUMBALL COAT RACK
3451,22465,HANGING METAL STAR LANTERN
3452,22464,HANGING METAL HEART LANTERN
3453,84796B,BLUE SAVANNAH PICNIC HAMPER FOR 2
3454,84873A,FUNKY FLOWER PICNIC BAG FOR 4
3455,84872A,TEATIME FUNKY FLOWER BACKPACK FOR 2
3456,22478,BIRDHOUSE GARDEN MARKER 
3457,22477,WATERING CAN GARDEN MARKER
3458,22480,RED TEA TOWEL CLASSIC DESIGN
3459,22482,BLUE TEA TOWEL CLASSIC DESIGN
3460,22488,NATURAL SLATE RECTANGLE CHALKBOARD
3461,22485,SET OF 2 WOODEN MARKET CRATES
3462,22466,FAIRY TALE COTTAGE NIGHTLIGHT
3463,18097A,PINK TALL PORCELAIN T-LIGHT HOLDER 
3464,22475,SKULL DESIGN TV DINNER TRAY
3465,84520b,PACK 20 ENGLISH ROSE PAPER NAPKINS
3466,15060b,FAIRY CAKE DESIGN UMBRELLA
3467,84661c,PINK SQUARE TABLE CLOCK
3468,85160a,WHITE BIRD GARDEN DESIGN MUG
3469,85132b,CHARLIE AND LOLA TABLE TINS
3470,22479,DAISY GARDEN MARKER
3471,22487,WHITE WOOD GARDEN PLANT LADDER
3472,22461,SAVOY ART DECO CLOCK
3473,22476,EMPIRE UNION JACK TV DINNER TRAY
3474,22481,BLACK TEA TOWEL CLASSIC DESIGN
3475,90075,MONTANA DIAMOND CLUSTER NECKLACE
3476,90025B,BAROQUE BUTTERFLY EARRINGS RED
3477,90074,BLACK DIAMOND CLUSTER NECKLACE
3478,47369A,PINK GREEN EMBROIDERY COSMETIC BAG
3479,22474,SPACEBOY TV DINNER TRAY
3480,84251B,"GREETING CARD, STICKY GORDON"
3481,90135A,ORANGE/FUSCHIA STONES NECKLACE
3482,22460,EMBOSSED GLASS TEALIGHT HOLDER
3483,90095,NECKLACE+BRACELET SET PINK BLOSSOM
3484,22468,BABUSHKA LIGHTS STRING OF 10
3485,22486,PLASMATRONIC LAMP
3486,79172D,PURPLE TINT ACRYLIC FLOWER VASE
3487,22472,TV DINNER TRAY DOLLY GIRL
3488,22569,FELTCRAFT CUSHION BUTTERFLY
3489,22568,FELTCRAFT CUSHION OWL
3490,22570,FELTCRAFT CUSHION RABBIT
3491,22586,FELTCRAFT HAIRBAND PINK AND BLUE
3492,22587,"FELTCRAFT HAIRBAND, S/2, RED/BLUE"
3493,22565,FELTCRAFT HAIRBANDS PINK + WHITE 
3494,16245A,PINK MINI STATIONERY SET W CASE
3495,22566,"FELTCRAFT HAIRBAND S/2, PINK/PURPLE"
3496,22585,PACK OF 6 BIRDY GIFT TAGS
3497,22582,PACK OF 6 SWEETIE GIFT BOXES
3498,22583,PACK OF 6 HANDBAG GIFT BOXES
3499,22584,PACK OF 6 PANNETONE GIFT BOXES
3500,79161A,ST GEORGE SET OF 10 PARTY LIGHTS
3501,22509,SEWING BOX RETROSPOT DESIGN 
3502,22505,MEMO BOARD COTTAGE DESIGN
3503,22473,TV DINNER TRAY VINTAGE PAISLEY
3504,22508,DOORSTOP RETROSPOT HEART
3505,22471,TV DINNER TRAY AIR HOSTESS 
3506,84632,DECORATIVE HANGING SHELVING UNIT
3507,22507,MEMO BOARD RETROSPOT  DESIGN
3508,17012D,ORIGAMI ROSE INCENSE/CANDLE SET 
3509,22510,DOORSTOP RUSSIAN DOLL GINGHAM
3510,22511,DOORSTOP RUSSIAN DOLL RETROSPOT
3511,22512,DOORSTOP RACING CAR DESIGN
3512,84743C,ORANGE FELT VASE + FLOWERS
3513,21310,CAPIZ CHANDELIER
3514,84806B,WHITE CANDYSTUFT ARTIFICIAL FLOWER
3515,22513,DOORSTOP FOOTBALL DESIGN
3516,22659,LUNCHBOX I LOVE LONDON
3517,22631,CIRCUS PARADE LUNCHBOX 
3518,22618,COOKING SET RETROSPOT
3519,22617,BAKING SET SPACEBOY DESIGN
3520,22362,GLASS JAR PEACOCK BATH SALTS
3521,22363,GLASS JAR MARMALADE 
3522,22423,REGENCY CAKESTAND 3 TIER
3523,84613C,BLUE NEW BAROQUE FLOCK CANDLESTICK
3524,22361,GLASS JAR DAISY FRESH COTTON WOOL
3525,22364,GLASS JAR DIGESTIVE BISCUITS
3526,22359,GLASS JAR KINGS CHOICE
3527,90037B,TINY CRYSTAL BRACELET GREEN
3528,22450,SILK PURSE RUSSIAN DOLL BLUE
3529,22449,SILK PURSE RUSSIAN DOLL PINK
3530,22451,SILK PURSE RUSSIAN DOLL RED
3531,22445,PENCIL CASE LIFE IS BEAUTIFUL
3532,85186B,BUNNY BUNCH OF FLOWERS
3533,22429,ENAMEL MEASURING JUG CREAM
3534,21452,TOADSTOOL MONEY BOX
3535,22446,PIN CUSHION RUSSIAN DOLL PINK
3536,22448,PIN CUSHION RUSSIAN DOLL RED
3537,85019B,BLOSSOM  IMAGES NOTEBOOK SET
3538,90026A,GLASS BEAD HOOP NECKLACE BLACK
3539,20953,PORCELAIN CHERUB BELL LARGE
3540,16008,SMALL FOLDING SCISSOR(POINTED EDGE)
3541,10124A,SPOTS ON RED BOOKCOVER TAPE
3542,22454,MEASURING TAPE RUSSIAN DOLL RED
3543,90027A,GLASS BEAD HOOP EARRINGS BLACK
3544,22453,MEASURING TAPE RUSSIAN DOLL BLUE
3545,22452,MEASURING TAPE RUSSIAN DOLL PINK
3546,37509,NEW ENGLAND MUG W GIFT BOX
3547,35824P,"HANGING FLOWERS+MIRROR,PINK"
3548,22447,PIN CUSHION RUSSIAN DOLL BLUE
3549,22441,GROW YOUR OWN BASIL IN ENAMEL MUG
3550,22444,GROW YOUR OWN PLANT IN A CAN 
3551,22443,GROW YOUR OWN HERBS SET OF 3
3552,22442,GROW YOUR OWN FLOWERS SET OF 3
3553,22564,ALPHABET STENCIL CRAFT
3554,22563,HAPPY STENCIL CRAFT
3555,22562,MONSTERS STENCIL CRAFT
3556,22561,WOODEN SCHOOL COLOURING SET
3557,46138D,GREEN CHENILLE SHAGGY C/COVER
3558,22555,PLASTERS IN TIN STRONGMAN
3559,22556,PLASTERS IN TIN CIRCUS PARADE 
3560,22560,TRADITIONAL MODELLING CLAY
3561,22551,PLASTERS IN TIN SPACEBOY
3562,22554,PLASTERS IN TIN WOODLAND ANIMALS
3563,44242A,LILAC FEATHERS CURTAIN
3564,22557,PLASTERS IN TIN VINTAGE PAISLEY 
3565,22553,PLASTERS IN TIN SKULLS
3566,22549,PICTURE DOMINOES
3567,22550,HOLIDAY FUN LUDO
3568,22535,MAGIC DRAWING SLATE BUNNIES 
3569,22518,CHILDS GARDEN BRUSH BLUE
3570,21878,PACK OF 6 SANDCASTLE FLAGS ASSORTED
3571,22522,CHILDS GARDEN FORK BLUE 
3572,22520,CHILDS GARDEN TROWEL BLUE 
3573,22523,CHILDS GARDEN FORK PINK
3574,22521,CHILDS GARDEN TROWEL PINK
3575,22524,CHILDRENS GARDEN GLOVES BLUE
3576,22525,CHILDRENS GARDEN GLOVES PINK
3577,22519,CHILDS GARDEN BRUSH PINK
3578,22548,HEADS AND TAILS SPORTING FUN
3579,21787,RAIN PONCHO WITH RED SPOTS
3580,22559,SEASIDE FRISBEE 
3581,40005B,BLUE ORGANDY ROUND LAMPSHADE W BEA
3582,22544,MINI JIGSAW SPACEBOY
3583,22539,MINI JIGSAW DOLLY GIRL
3584,22528,GARDENERS KNEELING PAD
3585,22526,WHEELBARROW FOR CHILDREN 
3586,22567,20 DOLLY PEGS RETROSPOT
3587,22543,MINI JIGSAW BAKE A CAKE 
3588,22546,MINI JIGSAW FIDO
3589,22545,MINI JIGSAW BUNNIES
3590,22405,MONEY BOX POCKET MONEY DESIGN
3591,22409,MONEY BOX BISCUITS DESIGN
3592,22408,MONEY BOX CONFECTIONERY DESIGN
3593,22406,MONEY BOX KINGS CHOICE DESIGN
3594,22407,MONEY BOX FIRST ADE DESIGN
3595,22410,MONEY BOX HOUSEKEEPING DESIGN
3596,22402,MAGNETS PACK OF 4 VINTAGE COLLAGE
3597,22399,MAGNETS PACK OF 4 CHILDHOOD MEMORY
3598,22396,MAGNETS PACK OF 4 RETRO PHOTO
3599,22390,PAPERWEIGHT CHILDHOOD MEMORIES
3600,22393,PAPERWEIGHT VINTAGE COLLAGE
3601,20958,PORCELAIN HANGING BELL LARGE
3602,22517,CHILDS GARDEN RAKE PINK
3603,44091A,BLUE CRUSOE CHECK LAMPSHADE
3604,22398,MAGNETS PACK OF 4 SWALLOWS
3605,22547,MINI JIGSAW DINOSAUR 
3606,72084B,CHOCOLATE ICE CREAM CANDLE
3607,85146,JARDIN ETCHED GLASS SMALL BELL JAR
3608,90046,WHITE WITH METAL BAG CHARM
3609,84814A,HEXAGONAL CRYSTAL PERFUME BOTTLE
3610,22541,MINI JIGSAW LEAP FROG
3611,22612,TEA COSY VINTAGE UNION JACK
3612,22611,VINTAGE UNION JACK SHOPPING BAG
3613,22516,CHILDS GARDEN RAKE BLUE
3614,22515,CHILDS GARDEN SPADE PINK
3615,22514,CHILDS GARDEN SPADE BLUE
3616,22530,MAGIC DRAWING SLATE DOLLY GIRL 
3617,22534,MAGIC DRAWING SLATE SPACEBOY 
3618,22536,MAGIC DRAWING SLATE PURDEY
3619,22533,MAGIC DRAWING SLATE BAKE A CAKE 
3620,22529,MAGIC DRAWING SLATE GO TO THE FAIR 
3621,22538,MINI JIGSAW GO TO THE FAIR
3622,22532,MAGIC DRAWING SLATE LEAP FROG 
3623,22540,MINI JIGSAW CIRCUS PARADE 
3624,22403,MAGNETS PACK OF 4 VINTAGE LABELS 
3625,22537,MAGIC DRAWING SLATE DINOSAUR
3626,85160b,BLACK BIRD GARDEN DESIGN MUG
3627,84796a,PINK HAWAIIAN PICNIC HAMPER FOR 2
3628,72807a,SET/3 ROSE CANDLE IN JEWELLED BOX
3629,84536a,ENGLISH ROSE NOTEBOOK A7 SIZE
3630,85231e,STRAWBERRY SCENTED SET/9 T-LIGHTS
3631,72801e,S/4 FESTIVE GREEN DINNER CANDLES
3632,84915,HAND TOWEL PINK FLOWER AND DAISY
3633,22400,MAGNETS PACK OF 4 HOME SWEET HOME
3634,22389,PAPERWEIGHT SAVE THE PLANET
3635,22391,PAPERWEIGHT HOME SWEET HOME
3636,84527,FLAMES SUNGLASSES PINK LENSES
3637,22531,MAGIC DRAWING SLATE CIRCUS PARADE  
3638,90152C,BLUE/NAT SHELL NECKLACE W PENDANT
3639,22394,PAPERWEIGHT KINGS CHOICE 
3640,22436,12 COLOURED PARTY BALLOONS
3641,22434,BALLOON PUMP WITH 10 BALLOONS
3642,22437,SET OF 9 BLACK SKULL BALLOONS
3643,22439,6 ROCKET BALLOONS 
3644,22428,ENAMEL FIRE BUCKET CREAM
3645,22426,ENAMEL WASH BOWL CREAM
3646,22435,SET OF 9 HEART SHAPED BALLOONS
3647,20860,GOLD COSMETICS BAG WITH BUTTERFLY
3648,22606,WOODEN SKITTLES GARDEN SET
3649,22607,WOODEN ROUNDERS GARDEN SET 
3650,22605,WOODEN CROQUET GARDEN SET
3651,84510e,SET OF 4 GREEN CAROUSEL COASTERS
3652,84596j,MIXED NUTS LIGHT GREEN BOWL
3653,85232a,SET/3 POLKA DOT STACKING TINS
3654,21922,UNION STRIPE WITH FRINGE  HAMMOCK
3655,47348A,FUSCHIA VOILE POINTY SHOE DEC
3656,22440,BALLOON WATER BOMB PACK OF 35
3657,21925,UNION STRIPE CUSHION COVER 
3658,22438,BALLOON ART MAKE YOUR OWN FLOWERS
3659,21927,BLUE/CREAM STRIPE CUSHION COVER 
3660,21926,RED/CREAM STRIPE CUSHION COVER 
3661,20957,PORCELAIN HANGING BELL SMALL
3662,22395,PAPERWEIGHT VINTAGE PAISLEY
3663,21511,VINTAGE COLLAGE  GREETING  CARD 
3664,35818B,"ACRYLIC JEWEL ICICLE, BLUE"
3665,22558,CLOTHES PEGS RETROSPOT PACK 24 
3666,84875B,GREEN SQUARE COMPACT MIRROR
3667,84927D,LA PALMIERA TILE HOOK
3668,90024F,NEW BAROQUE B'FLY NECKLACE CRYSTAL
3669,72709,IVORY SCULPTED RND CANDLE 
3670,71496B,A4 WALL TIDY RED FLOWERS
3671,22469,HEART OF WICKER SMALL
3672,22470,HEART OF WICKER LARGE
3673,22719,"GUMBALL COATHOOK., BLACK & WHITE "
3674,84997a,GREEN 3 PIECE MINI DOTS CUTLERY SET
3675,85040b,SET/4 BLUE FLOWER CANDLES IN BOWL
3676,84823,DANISH ROSE FOLDING CHAIR
3677,84731,3 BIRDS CANVAS SCREEN
3678,84858B,BLUE RIVIERA HANDBAG
3679,16169A,WRAP CHRISTMAS DECOUPAGE
3680,16151A,FLOWER DES BLUE HANDBAG/ORANG HANDL
3681,62043B,BLUE CHECK BAG W HANDLE 34X20CM
3682,22626,BLACK KITCHEN SCALES
3683,22503,CABIN BAG VINTAGE PAISLEY
3684,84840,SWEETHEART CARRY-ALL BASKET
3685,22624,IVORY KITCHEN SCALES
3686,22627,MINT KITCHEN SCALES
3687,22625,RED KITCHEN SCALES
3688,84760L,LARGE HANGING GLASS+ZINC LANTERN
3689,22504,CABIN BAG VINTAGE RETROSPOT
3690,84914A,PINK ROSE PICNIC RUG
3691,82494l,WOODEN FRAME ANTIQUE WHITE 
3692,47594a,CAROUSEL DESIGN WASHBAG
3693,84867a,PINK BABY GIRLS PHOTO ALBUM
3694,22491,PACK OF 12 COLOURED PENCILS
3695,22492,MINI PAINT SET VINTAGE 
3696,22615,PACK OF 12 CIRCUS PARADE TISSUES 
3697,22616,PACK OF 12 LONDON TISSUES 
3698,22614,PACK OF 12 SPACEBOY TISSUES
3699,22613,PACK OF 20 SPACEBOY NAPKINS
3700,22421,LIPSTICK PEN FUSCHIA
3701,22418,10 COLOUR SPACEBOY PEN
3702,22621,TRADITIONAL KNITTING NANCY
3703,22623,BOX OF VINTAGE JIGSAW BLOCKS 
3704,22619,SET OF 6 SOLDIER SKITTLES
3705,22419,LIPSTICK PEN RED
3706,22493,PAINT YOUR OWN CANVAS SET
3707,22622,BOX OF VINTAGE ALPHABET BLOCKS
3708,22420,LIPSTICK PEN BABY PINK
3709,22422,TOOTHPASTE TUBE PEN
3710,81953B,ROUND ARTICULATED BLUE CLOCK W/SUCK
3711,22620,4 TRADITIONAL SPINNING TOPS
3712,17014E,ORIGAMI OPIUM INCENSE CONES
3713,90091,CRYSTAL DRAGONFLY PHONE CHARM
3714,85050,FRENCH ENAMEL SOAP DISH WITH LID
3715,46115B,GREEN POP ART MAO CUSHION COVER 
3716,45013,FOLDING SHOE TIDY
3717,10124G,ARMY CAMO BOOKCOVER TAPE
3718,35817P,"ACRYLIC JEWEL SNOWFLAKE,PINK"
3719,35818P,"ACRYLIC JEWEL ICICLE, PINK"
3720,22427,ENAMEL FLOWER JUG CREAM
3721,22430,ENAMEL WATERING CAN CREAM
3722,22645,CERAMIC HEART FAIRY CAKE MONEY BANK
3723,22646,CERAMIC STRAWBERRY CAKE MONEY BANK
3724,22650,CERAMIC PIRATE CHEST MONEY BANK
3725,22647,CERAMIC LOVE HEART MONEY BANK
3726,22649,STRAWBERRY FAIRY CAKE TEAPOT
3727,22644,CERAMIC CHERRY CAKE MONEY BANK
3728,22425,ENAMEL COLLANDER CREAM
3729,22424,ENAMEL BREAD BIN CREAM
3730,84757,ENCHANTED GARDEN WROUGHT IRON TABLE
3731,21382,SET/4 SPRING FLOWER DECORATION
3732,84086B,YELLOW/BLUE RETRO RADIO
3733,84963B,BLUE PAINTED KASHMIRI CHAIR
3734,84967C,GREEN KASHMIRI OCCASIONAL TABLE
3735,22634,CHILDS BREAKFAST SET SPACEBOY 
3736,22635,CHILDS BREAKFAST SET DOLLY GIRL 
3737,22637,PIGGY BANK RETROSPOT 
3738,22636,CHILDS BREAKFAST SET CIRCUS PARADE
3739,22501,PICNIC BASKET WICKER LARGE
3740,22502,PICNIC BASKET WICKER SMALL
3741,90049,IVORY GOLD METAL BAG CHARM
3742,35265,COLOURFUL FLOWER FRUIT BOWL
3743,46037A,PINK CANVAS DES CUSHION COVER 
3744,84660c,PINK STITCHED WALL CLOCK
3745,84970l,SINGLE HEART ZINC T-LIGHT HOLDER
3746,85124a,PINK JUICY FRUIT PHOTO FRAME
3747,84986b,SET OF 36 SILVER PAPER DOILIES
3748,84971s,SMALL HEART FLOWERS HOOK 
3749,47593a,CAROUSEL DESIGN BABY BIB
3750,84985b,SET OF 72 BLACK PAPER DOILIES 
3751,22710,WRAP I LOVE LONDON 
3752,22707,WRAP MONSTER FUN 
3753,22705,WRAP GREEN PEARS 
3754,22704,WRAP RED APPLES 
3755,22711,WRAP CIRCUS PARADE
3756,35240,ENAMEL BLUE RIM OVAL TRAY SET/2
3757,22713,CARD I LOVE LONDON 
3758,84709A,SILVER OVAL JEWELLED MIRROR
3759,22712,CARD DOLLY GIRL 
3760,22714,CARD BIRTHDAY COWBOY
3761,17011B,ORIGAMI JASMINE INCENSE+FLOWER 
3762,84891B,GREEN WIRE GOBLET CANDLEHOLDER
3763,22716,CARD CIRCUS PARADE
3764,22718,CARD CAT AND TREE 
3765,22715,CARD WEDDING DAY
3766,22706,WRAP COWBOYS  
3767,22708,WRAP DOLLY GIRL
3768,22709,WRAP WEDDING DAY
3769,22717,CARD DOG AND BALL 
3770,90042C,FRESHWATER PEARL BRACELET IVORY
3771,22864,MUG AND COASTER SET RED CIRCLES
3772,79308B,MOSAIC CANDLE DISH BLUE PURPLE
3773,35650,VINTAGE BEAD PINK JEWEL STAND
3774,47591c,BLUE FAIRY CAKE CHILD'S APRON
3775,84970s,HANGING HEART ZINC T-LIGHT HOLDER
3776,85099b,JUMBO BAG RED RETROSPOT
3777,84989a,75 GREEN FAIRY CAKE CASES
3778,37481,CUBIC MUG TEATIME CAKES
3779,90214W,"LETTER ""W"" BLING KEY RING"
3780,90154,LAZER CUT NECKLACE W PASTEL BEADS
3781,90026D,GLASS BEAD HOOP NECKLACE AMETHYST
3782,22206,"MUG , DOTCOMGIFTSHOP.COM "
3783,79532,MOSAIC GLASS BALL CANDLEHOLDER
3784,71050,SMALL SINGLE FLAME CANDLE HOLDER
3785,72802a,ROSE SCENT CANDLE IN JEWELLED BOX
3786,84596b,SMALL DOLLY MIX DESIGN ORANGE BOWL
3787,84795b,SUNSET CHECK HAMMOCK
3788,84510c,SET OF 4 POLKADOTS COASTERS
3789,84968d,S/16 VINTAGE RED CUTLERY
3790,85123a,WHITE HANGING HEART T-LIGHT HOLDER
3791,15056n,EDWARDIAN PARASOL NATURAL
3792,84968e,S/16 VINTAGE BLACK CUTLERY
3793,84424A,FOUR PICTURE WHITE GLASS FRAME
3794,85115B,S/4 BLACK DISCO PARTITION PANEL
3795,37479P,CUBIC MUG FLOCK PINK ON BROWN
3796,84493,BLUE/PINK NEST STRIPE BOX
3797,16162M,THE KING GIFT BAG 25x24x12cm
3798,90179C,BLACK FINE BEAD NECKLACE W TASSEL
3799,84857C,PINK MONTE CARLO HANDBAG
3800,62097B,BLUE STRIPES SHOULDER BAG
3801,78034B,BLUE NETTING STORAGE HANGER
3802,90118,PINK DAISY BAG CHARM
3803,90063A,WHITE VINT ART DECO CRYSTAL NECKLAC
3804,85114A,BLACK ENCHANTED FOREST PLACEMAT
3805,90104,PURPLE FRANGIPANI HAIRCLIP
3806,22701,PINK DOG BOWL
3807,90119,METALIC LEAVES BAG CHARMS
3808,75172,PAINTED SEA SHELL METAL WINDCHIME
3809,22703,PINK CAT BOWL
3810,22702,BLACK AND WHITE CAT BOWL
3811,84534b,FAIRY CAKE NOTEBOOK A5 SIZE
3812,85099c,JUMBO  BAG BAROQUE BLACK WHITE
3813,85049e,SCANDINAVIAN REDS RIBBONS
3814,47566b,TEA TIME PARTY BUNTING
3815,85049b,LUSH GREENS RIBBONS
3816,84510a,SET OF 4 ENGLISH ROSE COASTERS
3817,15056p,EDWARDIAN PARASOL PINK
3818,84997b,RED 3 PIECE MINI DOTS CUTLERY SET
3819,84536b,FAIRY CAKES NOTEBOOK A7 SIZE
3820,84660b,BLACK STITCHED WALL CLOCK
3821,85014a,BLACK/BLUE DOTS RUFFLED UMBRELLA
3822,47570b,TEA TIME TABLE CLOTH
3823,84985a,SET OF 72 GREEN PAPER DOILIES
3824,22640,SET OF 4 NAPKIN CHARMS 3 KEYS 
3825,90142A,GREEN PENDANT SHELL NECKLACE
3826,90094,NECKLACE+BRACELET SET FRUIT SALAD 
3827,90051,CRACKED GLAZE NECKLACE RED
3828,22692,DOORMAT WELCOME TO OUR HOME
3829,22660,DOORMAT I LOVE LONDON
3830,22687,DOORMAT CHRISTMAS VILLAGE
3831,22691,DOORMAT WELCOME SUNRISE
3832,22690,DOORMAT HOME SWEET HOME BLUE 
3833,22689,DOORMAT MERRY CHRISTMAS RED 
3834,22688,DOORMAT PEACE ON EARTH BLUE
3835,84247E,PACK/12 XMAS FUN CARD
3836,22629,SPACEBOY LUNCH BOX 
3837,22628,PICNIC BOXES SET OF 3 RETROSPOT 
3838,22700,BLACK AND WHITE DOG BOWL
3839,22630,DOLLY GIRL LUNCH BOX
3840,47503J ,SET/3 FLORAL GARDEN TOOLS IN BAG
3841,22669,RED BABY BUNTING 
3842,84968a,S/16 VINTAGE ROSE CUTLERY
3843,47590a,BLUE HAPPY BIRTHDAY BUNTING
3844,85132c,CHARLIE AND LOLA FIGURES TINS
3845,84509e,SET OF 4 CAROUSEL PLACEMATS 
3846,22668,PINK BABY BUNTING
3847,22666,RECIPE BOX PANTRY YELLOW DESIGN
3848,22667,RECIPE BOX RETRO SPOT DESIGN
3849,22665,RECIPE BOX BLUE SKETCHBOOK DESIGN
3850,22656,VINTAGE BLUE KITCHEN CABINET
3851,22655,VINTAGE RED KITCHEN CABINET
3852,45014,FOLDING SHIRT TIDY
3853,22596,CHRISTMAS STAR WISH LIST CHALKBOARD
3854,22602,CHRISTMAS RETROSPOT HEART WOOD
3855,22600,CHRISTMAS RETROSPOT STAR WOOD
3856,22603,CHRISTMAS RETROSPOT TREE WOOD
3857,22595,CHRISTMAS GINGHAM HEART
3858,22593,CHRISTMAS GINGHAM STAR
3859,22588,CARDHOLDER GINGHAM HEART
3860,22589,CARDHOLDER GINGHAM STAR
3861,22591,CARDHOLDER GINGHAM CHRISTMAS TREE
3862,22573,STAR WOODEN CHRISTMAS DECORATION
3863,22581,WOOD STOCKING CHRISTMAS SCANDISPOT
3864,22579,WOODEN TREE CHRISTMAS SCANDINAVIAN
3865,22578,WOODEN STAR CHRISTMAS SCANDINAVIAN
3866,22577,WOODEN HEART CHRISTMAS SCANDINAVIAN
3867,22601,CHRISTMAS RETROSPOT ANGEL WOOD
3868,22594,CHRISTMAS GINGHAM TREE
3869,22576,SWALLOW WOODEN CHRISTMAS DECORATION
3870,22574,HEART WOODEN CHRISTMAS DECORATION
3871,22652,TRAVEL SEWING KIT
3872,22643,SET OF 4 NAPKIN CHARMS LEAVES   
3873,22642,SET OF 4 NAPKIN CHARMS STARS   
3874,22639,SET OF 4 NAPKIN CHARMS HEARTS
3875,44092B,BLUE WHITE PLASTIC RINGS LAMPSHADE
3876,22575,METAL MERRY CHRISTMAS WREATH
3877,22653,BUTTON BOX 
3878,22654,DELUXE SEWING KIT 
3879,22661,CHARLOTTE BAG DOLLY GIRL DESIGN
3880,22662,LUNCH BAG DOLLY GIRL DESIGN
3881,22663,JUMBO BAG DOLLY GIRL DESIGN
3882,90066A,PINK VINTAGE VICTORIAN CHOKER
3883,22580,ADVENT CALENDAR GINGHAM SACK
3884,22651,GENTLEMAN SHIRT REPAIR KIT 
3885,22641,SET OF 4 NAPKIN CHARMS INSTRUMENT
3886,85184d,S/4 BLUE ROUND DECOUPAGE BOXES
3887,85124c,GREEN JUICY FRUIT PHOTO FRAME
3888,22572,ROCKING HORSE GREEN CHRISTMAS 
3889,22664,TOY TIDY DOLLY GIRL DESIGN
3890,22604,SET OF 4 NAPKIN CHARMS CUTLERY
3891,22963,JAM JAR WITH BLUE LID
3892,22961,JAM MAKING SET PRINTED
3893,22638,SET OF 4 NAPKIN CHARMS CROWNS 
3894,22571,ROCKING HORSE RED CHRISTMAS 
3895,22599,CHRISTMAS MUSICAL ZINC STAR
3896,22597,CHRISTMAS MUSICAL ZINC HEART 
3897,22598,CHRISTMAS MUSICAL ZINC TREE
3898,85099f,JUMBO BAG STRAWBERRY
3899,22592,CARDHOLDER HOLLY WREATH METAL
3900,22694,WICKER STAR 
3901,22696,WICKER WREATH LARGE
3902,22695,WICKER WREATH SMALL
3903,84968b,S/16 VINTAGE IVORY CUTLERY
3904,82001s,VINYL RECORD FRAME SILVER
3905,21585,SWALLOW SMALL TUBE MATCHES
3906,84510b,SET OF 4 FAIRY CAKES COASTERS 
3907,84660a,WHITE STITCHED WALL CLOCK
3908,22693,GROW A FLYTRAP OR SUNFLOWER IN TIN
3909,22752,SET 7 BABUSHKA NESTING BOXES
3910,22758,LARGE PURPLE BABUSHKA NOTEBOOK  
3911,22755,SMALL PURPLE BABUSHKA NOTEBOOK 
3912,22753,SMALL YELLOW BABUSHKA NOTEBOOK 
3913,22754,SMALL RED BABUSHKA NOTEBOOK 
3914,22759,SET OF 3 NOTEBOOKS IN PARCEL
3915,22757,LARGE RED BABUSHKA NOTEBOOK 
3916,22756,LARGE YELLOW BABUSHKA NOTEBOOK 
3917,22743,MAKE YOUR OWN FLOWERPOWER CARD KIT
3918,22744,MAKE YOUR OWN MONSOON CARD KIT
3919,22742,MAKE YOUR OWN PLAYTIME CARD KIT
3920,22697,GREEN REGENCY TEACUP AND SAUCER
3921,22698,PINK REGENCY TEACUP AND SAUCER
3922,22699,ROSES REGENCY TEACUP AND SAUCER 
3923,47591d,PINK FAIRY CAKE CHILDRENS APRON
3924,85049a,TRADITIONAL CHRISTMAS RIBBONS
3925,22680,"FRENCH BLUE METAL DOOR SIGN, 5"
3926,22681,"FRENCH BLUE METAL DOOR SIGN, 6"
3927,22677,"FRENCH BLUE METAL DOOR SIGN, 2"
3928,22678,"FRENCH BLUE METAL DOOR SIGN, 3"
3929,22679,"FRENCH BLUE METAL DOOR SIGN, 4"
3930,22682,"FRENCH BLUE METAL DOOR SIGN, 7"
3931,22683,"FRENCH BLUE METAL DOOR SIGN, 8"
3932,22684,"FRENCH BLUE METAL DOOR SIGN, 9"
3933,22685,"FRENCH BLUE METAL DOOR SIGN, 0"
3934,22686,"FRENCH BLUE METAL DOOR SIGN, No"
3935,22670,FRENCH WC SIGN BLUE METAL
3936,22671,FRENCH LAUNDRY SIGN BLUE METAL
3937,22672,FRENCH BATHROOM SIGN BLUE METAL
3938,22673,FRENCH GARDEN SIGN BLUE METAL
3939,22674,FRENCH TOILET SIGN BLUE METAL
3940,22675,FRENCH KITCHEN SIGN BLUE METAL
3941,22676,"FRENCH BLUE METAL DOOR SIGN, 1"
3942,90021,LASER CUT MULTI STRAND NECKLACE
3943,85095,THREE CANVAS LUGGAGE TAGS
3944,22851,SET 20 NAPKINS FAIRY CAKES DESIGN 
3945,84201C,HAPPY BIRTHDAY CARD TEDDY/CAKE
3946,84206B,CAT W SUNGLASSES BLANK CARD
3947,22351,DOTCOMGIFTSHOP TEA TOWEL
3948,84997c,BLUE 3 PIECE MINI DOTS CUTLERY SET
3949,84966C,GREEN KASHMIRI BOXED MIRROR
3950,22751,FELTCRAFT PRINCESS OLIVIA DOLL
3951,35591T,TURQUOISE CHRISTMAS TREE 
3952,35597A,DUSTY PINK CHRISTMAS TREE 30CM
3953,22750,FELTCRAFT PRINCESS LOLA DOLL
3954,22940,FELTCRAFT CHRISTMAS FAIRY
3955,22959,WRAP CHRISTMAS VILLAGE
3956,22985,"WRAP, BILLBOARD FONTS DESIGN"
3957,22986,GINGHAM ROSE WRAP
3958,22987,"WRAP , SUMMER ROSE DESIGN"
3959,22749,FELTCRAFT PRINCESS CHARLOTTE DOLL
3960,22867,HAND WARMER BIRD DESIGN
3961,22865,HAND WARMER OWL DESIGN
3962,22866,HAND WARMER SCOTTY DOG DESIGN
3963,22834,HAND WARMER BABUSHKA DESIGN
3964,22984,"CARD, GINGHAM ROSE "
3965,22835,HOT WATER BOTTLE I AM SO POORLY
3966,21263,GREEN GOOSE FEATHER TREE 60CM
3967,84596f,SMALL MARSHMALLOWS PINK BOWL
3968,47341A,FUSCHIA TABLE RUN FLOWER 
3969,22983,"CARD, BILLBOARD FONT"
3970,22855,FINE WICKER HEART 
3971,22812,PACK 3 BOXES CHRISTMAS PANNETONE
3972,22732,3D VINTAGE CHRISTMAS STICKERS 
3973,22821,GIFT BAG PSYCHEDELIC APPLES
3974,22820,GIFT BAG BIRTHDAY
3975,22948,METAL DECORATION NAUGHTY CHILDREN 
3976,22815,CARD PSYCHEDELIC APPLES
3977,22817,CARD SUKI BIRTHDAY
3978,22734,SET OF 6 RIBBONS VINTAGE CHRISTMAS
3979,22735,RIBBON REEL SOCKS AND MITTENS
3980,22737,RIBBON REEL CHRISTMAS PRESENT 
3981,22738,RIBBON REEL SNOWY VILLAGE
3982,22736,"RIBBON REEL, MAKING SNOWMEN "
3983,22739,"RIBBON REEL, XMAS SOCK/BAUBLE"
3984,22946,WOODEN ADVENT CALENDAR CREAM
3985,22947,WOODEN ADVENT CALENDAR RED
3986,22907,PACK OF 20 NAPKINS PANTRY DESIGN
3987,22862,LOVE HEART NAPKIN BOX 
3988,22816,CARD MOTORBIKE SANTA
3989,22818,CARD CHRISTMAS VILLAGE
3990,22731,3D CHRISTMAS STAMPS STICKERS 
3991,22854,CREAM SWEETHEART EGG HOLDER
3992,22909,SET OF 20 VINTAGE CHRISTMAS NAPKINS
3993,22813,PACK 3 BOXES BIRD PANNETONE 
3994,22733,3D STICKERS TRADITIONAL CHRISTMAS 
3995,22952,72 CAKE CASES VINTAGE CHRISTMAS
3996,22910,PAPER CHAIN KIT VINTAGE CHRISTMAS
3997,22945,CHRISTMAS METAL TAGS ASSORTED 
3998,22949,36 DOILIES DOLLY GIRL
3999,22951,72 CAKE CASES DOLLY GIRL DESIGN
4000,22944,CHRISTMAS METAL POSTCARD WITH BELLS
4001,22950,36 DOILIES VINTAGE CHRISTMAS
4002,22906,12 MESSAGE CARDS WITH ENVELOPES
4003,22911,PAPER CHAIN KIT LONDON
4004,22905,CALENDAR IN SEASON DESIGN
4005,22904,CALENDAR PAPER CUT DESIGN
4006,22819,"BIRTHDAY CARD, RETRO SPOT"
4007,22809,SET OF 6 T-LIGHTS SANTA
4008,22810,SET OF 6 T-LIGHTS SNOWMEN
4009,16248B,BLUE HOLE PUNCH
4010,22908,PACK OF 20 NAPKINS RED APPLES
4011,22806,SET OF 6 T-LIGHTS WEDDING CAKE 
4012,22938,CUPCAKE LACE PAPER SET 6
4013,22807,SET OF 6 T-LIGHTS TOADSTOOLS
4014,22808,SET OF 6 T-LIGHTS EASTER CHICKS
4015,22632,HAND WARMER RED POLKA DOT
4016,22814,CARD PARTY GAMES 
4017,22811,SET OF 6 T-LIGHTS CACTI 
4018,47591b,SCOTTIES CHILDRENS APRON
4019,22863,SOAP DISH BROCANTE
4020,22804,CANDLEHOLDER PINK HANGING HEART
4021,22727,ALARM CLOCK BAKELIKE RED 
4022,22729,ALARM CLOCK BAKELIKE ORANGE
4023,22726,ALARM CLOCK BAKELIKE GREEN
4024,22730,ALARM CLOCK BAKELIKE IVORY
4025,22728,ALARM CLOCK BAKELIKE PINK
4026,22725,ALARM CLOCK BAKELIKE CHOCOLATE
4027,22748,POPPY'S PLAYHOUSE KITCHEN
4028,22745,POPPY'S PLAYHOUSE BEDROOM 
4029,22900, SET 2 TEA TOWELS I LOVE LONDON 
4030,22746,POPPY'S PLAYHOUSE LIVINGROOM 
4031,22894,TABLECLOTH RED APPLES DESIGN 
4032,22895,SET OF 2 TEA TOWELS APPLE AND PEARS
4033,22747,POPPY'S PLAYHOUSE BATHROOM
4034,22903,CALENDAR FAMILY FAVORITES
4035,22899,CHILDRENS APRON DOLLY GIRL 
4036,22898,CHILDRENS APRON APPLE DESIGN
4037,22896,PEG BAG APPLE DESIGN
4038,22902,TOTE BAG I LOVE LONDON
4039,22897,OVEN MITT APPLE DESIGN
4040,22939,APRON APPLE DELIGHT
4041,85232d,SET/3 DECOUPAGE STACKING TINS
4042,84559b,3D SHEET OF CAT STICKERS
4043,90068,"RUBY GLASS NECKLACE 42"""
4044,84030e,ENGLISH ROSE HOT WATER BOTTLE
4045,22740,POLKA DOT PEN
4046,22741,FUNKY DIVA PEN
4047,85231b,CINAMMON SET OF 9 T-LIGHTS
4048,84968f,SET OF 16 VINTAGE SKY BLUE CUTLERY
4049,22857,ASSORTED EASTER GIFT TAGS
4050,22860,EASTER TIN CHICKS PINK DAISY
4051,22859,EASTER TIN BUNNY BOUQUET
4052,22837,HOT WATER BOTTLE BABUSHKA 
4053,22633,HAND WARMER UNION JACK
4054,22796,PHOTO FRAME 3 CLASSIC HANGING
4055,22769,CHALKBOARD KITCHEN ORGANISER
4056,22766,PHOTO FRAME CORNICE
4057,22768,FAMILY PHOTO FRAME CORNICE
4058,22767,TRIPLE PHOTO FRAME CORNICE 
4059,22765,NEWSPAPER STAND
4060,22762,CUPBOARD 3 DRAWER MA CAMPAGNE
4061,22763,KEY CABINET MA CAMPAGNE
4062,22760,"TRAY, BREAKFAST IN BED"
4063,35596,WOOD XMAS TREE 9 FIG SHELVES
4064,22764,"RUSTIC WOODEN CABINET, GLASS DOORS"
4065,22770,MIRROR CORNICE
4066,22761,CHEST 7 DRAWER MA CAMPAGNE
4067,22840,ROUND CAKE TIN VINTAGE RED
4068,22841,ROUND CAKE TIN VINTAGE GREEN
4069,22842,BISCUIT TIN VINTAGE RED
4070,22847,"BREAD BIN, DINER STYLE, IVORY"
4071,22849,"BREAD BIN, DINER STYLE, MINT"
4072,22790,"MIRROR, ARCHED GEORGIAN"
4073,22838,3 TIER CAKE TIN RED AND CREAM
4074,22846,BREAD BIN DINER STYLE RED 
4075,22839,"CAKE TIN, 3 TIER MINT/IVORY"
4076,22890,NOVELTY BISCUITS CAKE STAND 3 TIER
4077,22848,BREAD BIN DINER STYLE PINK
4078,22843,BISCUIT TIN VINTAGE GREEN
4079,22891,TEA FOR ONE POLKADOT
4080,84661a,WHITE SQUARE TABLE CLOCK
4081,22892,SALT AND PEPPER SHAKERS TOADSTOOLS
4082,22853,ENAMEL CAT BOWL CREAM
4083,22852,ENAMEL DOG BOWL CREAM
4084,22893,MINI CAKE STAND T-LIGHT HOLDER
4085,22845,VINTAGE CREAM CAT FOOD CONTAINER
4086,22788,BROCANTE COAT RACK
4087,22785,CUSHION COVER PINK UNION FLAG
4088,22795,SWEETHEART RECIPE BOOK STAND
4089,22781,GUMBALL MAGAZINE RACK
4090,22776,SWEETHEART CAKESTAND 3 TIER
4091,22775,PURPLE DRAWERKNOB ACRYLIC EDWARDIAN
4092,22771,CLEAR DRAWER KNOB ACRYLIC EDWARDIAN
4093,22772,PINK DRAWER KNOB ACRYLIC EDWARDIAN
4094,22773,GREEN DRAWER KNOB ACRYLIC EDWARDIAN
4095,22805,BLUE DRAWER KNOB ACRYLIC EDWARDIAN
4096,22774,RED DRAWER KNOB ACRYLIC EDWARDIAN
4097,22856,ASSORTED EASTER DECORATIONS  BELLS
4098,22789,T-LIGHT HOLDER SWEETHEART HANGING
4099,22850,BREAD BIN DINER STYLE BLACK
4100,22797,CHEST OF DRAWERS GINGHAM HEART 
4101,22786,PILLOWCUSHION COVER PINK UNION JACK
4102,22844,VINTAGE CREAM DOG FOOD CONTAINER
4103,22873,"NUMBER TILE COTTAGE GARDEN, 5"
4104,22869,"NUMBER TILE COTTAGE GARDEN, 1"
4105,22794,SWEETHEART WIRE MAGAZINE RACK
4106,22778,GLASS CLOCHE SMALL
4107,22799,SWEETHEART WIRE FRUIT BOWL
4108,22878,"NUMBER TILE COTTAGE GARDEN, No"
4109,22870,"NUMBER TILE COTTAGE GARDEN, 2"
4110,22871,"NUMBER TILE COTTAGE GARDEN, 3 "
4111,22872,"NUMBER TILE COTTAGE GARDEN, 4"
4112,22874,"NUMBER TILE COTTAGE GARDEN, 6"
4113,22875,"NUMBER TILE COTTAGE GARDEN, 7"
4114,22876,"NUMBER TILE COTTAGE GARDEN, 8"
4115,22877,"NUMBER TILE COTTAGE GARDEN, 9"
4116,22868,"NUMBER TILE COTTAGE GARDEN, 0 "
4117,22883,NUMBER TILE VINTAGE FONT 4
4118,22887,NUMBER TILE VINTAGE FONT 8
4119,35815P,"ACRYLIC JEWEL SNOWFLAKE, PINK"
4120,22882,NUMBER TILE VINTAGE FONT 3
4121,90081B,LILY BROOCH WHITE/SILVER COLOUR
4122,22879,NUMBER TILE VINTAGE FONT 0
4123,22885,NUMBER TILE VINTAGE FONT 6 
4124,22942,CHRISTMAS LIGHTS 10 SANTAS 
4125,22941,CHRISTMAS LIGHTS 10 REINDEER
4126,22943,CHRISTMAS LIGHTS 10 VINTAGE BAUBLES
4127,22827,GIANT SEVENTEEN DRAWER SIDEBOARD
4128,22884,NUMBER TILE VINTAGE FONT 5
4129,22828,REGENCY MIRROR WITH SHUTTERS
4130,22825,DECORATIVE PLANT POT WITH FRIEZE
4131,22777,GLASS CLOCHE LARGE
4132,22784,LANTERN CREAM GAZEBO 
4133,22780,LIGHT GARLAND BUTTERFILES PINK
4134,22791,T-LIGHT GLASS FLUTED ANTIQUE
4135,22830,UTILTY CABINET WITH HOOKS
4136,22801,ANTIQUE GLASS PEDESTAL BOWL
4137,22792,FLUTED ANTIQUE CANDLE HOLDER
4138,22798,ANTIQUE GLASS DRESSING TABLE POT
4139,22800,ANTIQUE TALL SWIRLGLASS TRINKET POT
4140,85036b,CHOCOLATE 1 WICK MORRIS BOX CANDLE
4141,22803,IVORY EMBROIDERED QUILT 
4142,84559d,3D SHEET OF SEA WORLD STICKERS
4143,35004p,SET OF 3 PINK FLYING DUCKS
4144,22968,ROSE COTTAGE KEEPSAKE BOX 
4145,22779,WOODEN OWLS LIGHT GARLAND 
4146,22889,"NUMBER TILE VINTAGE FONT, No "
4147,22880,"NUMBER TILE VINTAGE FONT, 1"
4148,22886,"NUMBER TILE VINTAGE FONT, 7"
4149,22881,"NUMBER TILE VINTAGE FONT, 2"
4150,22783,SET 3 WICKER OVAL BASKETS W LIDS
4151,22823,CHEST NATURAL WOOD 20 DRAWERS
4152,22782,SET 3 WICKER STORAGE BASKETS 
4153,85179a,GREEN BITTY LIGHT CHAIN
4154,22802,FAUX FUR CHOCOLATE THROW
4155,90214Y,"LETTER ""Y"" BLING KEY RING"
4156,90214U,"LETTER ""U"" BLING KEY RING"
4157,22955,36 FOIL STAR CAKE CASES 
4158,22888,NUMBER TILE VINTAGE FONT 9 
4159,22953,BIRTHDAY PARTY CORDON BARRIER TAPE
4160,22956,36 FOIL HEART CAKE CASES
4161,22833,HALL CABINET WITH 3 DRAWERS
4162,90176B,DIAMANTE NECKLACE BLACK 
4163,22954,HEN PARTY CORDON BARRIER TAPE
4164,22822,CREAM WALL PLANTER HEART SHAPED
4165,22824,3 TIER SWEETHEART GARDEN SHELF
4166,22831,WHITE BROCANTE SOAP DISH
4167,22858,EASTER TIN KEEPSAKE
4168,90142C,ROSE PINK PENDANT SHELL NECKLACE
4169,22966,GINGERBREAD MAN COOKIE CUTTER
4170,22832,SWEETHEART WIRE WALL TIDY
4171,22829,BROCANTE SHELF WITH HOOKS
4172,22722,SET OF 6 SPICE TINS PANTRY DESIGN
4173,84402B,PURPLE DRESS JEWELLERY STAND
4174,44228,CANNABIS LEAF BEAD CURTAIN
4175,22923,FRIDGE MAGNETS LES ENFANTS ASSORTED
4176,22914,BLUE COAT RACK PARIS FASHION
4177,22913,RED COAT RACK PARIS FASHION
4178,22912,YELLOW COAT RACK PARIS FASHION
4179,47590b,PINK HAPPY BIRTHDAY BUNTING
4180,22915,ASSORTED BOTTLE TOP  MAGNETS 
4181,22922,FRIDGE MAGNETS US DINER ASSORTED
4182,22924,FRIDGE MAGNETS LA VIE EN ROSE
4183,22926,IVORY GIANT GARDEN THERMOMETER
4184,22917,HERB MARKER ROSEMARY
4185,22969,HOMEMADE JAM SCENTED CANDLES
4186,22964,3 PIECE SPACEBOY COOKIE CUTTER SET
4187,90127A,PINK BEADS+HAND PHONE CHARM
4188,22965,3 TRADITIONAl BISCUIT CUTTERS  SET
4189,22927,GREEN GIANT GARDEN THERMOMETER
4190,22921,HERB MARKER CHIVES 
4191,22920,HERB MARKER BASIL
4192,22916,HERB MARKER THYME
4193,22918,HERB MARKER PARSLEY
4194,90142B,IVORY PENDANT SHELL NECKLACE
4195,22925,BLUE GIANT GARDEN THERMOMETER
4196,22919,HERB MARKER MINT
4197,22928,YELLOW GIANT GARDEN THERMOMETER
4198,37477C,"FLOWER FAIRY MUG+COASTER,ROSE"
4199,22988,SOLDIERS EGG CUP 
4200,90135,ORANGE/WHT/FUSCHIA STONES NECKLACE
4201,90136,PALE PINK/AMETHYST STONE NECKLACE
4202,22973,CHILDRENS CIRCUS PARADE MUG
4203,85035c,ROSE 3 WICK MORRIS BOX CANDLE
4204,85035a,GARDENIA 3 WICK MORRIS BOXED CANDLE
4205,22929,SCHOOL DESK AND CHAIR 
4206,90142D,MOP PENDANT SHELL NECKLACE
4207,22972,CHILDREN'S SPACEBOY MUG
4208,22975,SPACEBOY CHILDRENS EGG CUP
4209,22974,CHILDRENS DOLLY GIRL MUG
4210,22976,CIRCUS PARADE CHILDRENS EGG CUP 
4211,22977,DOLLY GIRL CHILDRENS EGG CUP
4212,35809a,ENAMEL PINK TEA CONTAINER
4213,84596g,SMALL CHOCOLATES PINK BOWL
4214,22962,JAM JAR WITH PINK LID
4215,22960,JAM MAKING SET WITH JARS
4216,90182A,AMBER 3 BEAD DROP EARRINGS
4217,85049g,CHOCOLATE BOX RIBBONS 
4218,72803b,OCEAN SCENT CANDLE JEWELLED DRAWER
4219,79151B,"SILICON CUBE 25W, BLUE"
4220,22930,BAKING MOULD HEART MILK CHOCOLATE
4221,22931,BAKING MOULD HEART WHITE CHOCOLATE
4222,22932,BAKING MOULD TOFFEE CUP CHOCOLATE
4223,22937,BAKING MOULD CHOCOLATE CUPCAKES
4224,22936,BAKING MOULD ROSE WHITE CHOCOLATE
4225,22935,BAKING MOULD ROSE MILK CHOCOLATE
4226,22933,BAKING MOULD EASTER EGG MILK CHOC
4227,21120,*Boombox Ipod Classic
4228,22934,BAKING MOULD EASTER EGG WHITE CHOC
4229,22826,LOVE SEAT ANTIQUE WHITE METAL
4230,22861,EASTER TIN CHICKS IN GARDEN
4231,22723,SET OF 6 HERB TINS SKETCHBOOK
4232,22720,SET OF 3 CAKE TINS PANTRY DESIGN 
4233,22721,SET OF 3 CAKE TINS SKETCHBOOK
4234,22970,LONDON BUS COFFEE MUG
4235,22971,QUEENS GUARD COFFEE MUG
4236,23231,WRAP DOILEY DESIGN
4237,23230,WRAP ALPHABET DESIGN
4238,85231g,ORANGE SCENTED SET/9 T-LIGHTS
4239,22967,SET 3 SONG BIRD PAPER EGGS ASSORTED
4240,22957,SET 3 PAPER VINTAGE CHICK PAPER EGG
4241,23233,WRAP POPPIES  DESIGN
4242,23232,WRAP VINTAGE PETALS  DESIGN
4243,23166,MEDIUM CERAMIC TOP STORAGE JAR
4244,17028J,INCENSE BAZAAR PEACH
4245,84509b,SET OF 4 FAIRY CAKE PLACEMATS
4246,22989,SET 2 PANTRY DESIGN TEA TOWELS
4247,22990,COTTON APRON PANTRY DESIGN
4248,37413,ICON MUG REVOLUTIONARY
4249,79063D,"RETRO PILL BOX , REVOLUTIONARY"
4250,22980,PANTRY SCRUBBING BRUSH
4251,22993,SET OF 4 PANTRY JELLY MOULDS
4252,23006,TRAVEL CARD WALLET FLOWER MEADOW
4253,23004,TRAVEL CARD WALLET PANTRY
4254,23002,TRAVEL CARD WALLET SKULLS
4255,23003,TRAVEL CARD WALLET VINTAGE ROSE 
4256,23000,TRAVEL CARD WALLET TRANSPORT
4257,22994,TRAVEL CARD WALLET RETROSPOT
4258,22998,TRAVEL CARD WALLET KEEP CALM
4259,22991,GIRAFFE WOODEN RULER
4260,22992,REVOLVER WOODEN RULER 
4261,22999,TRAVEL CARD WALLET RETRO PETALS
4262,22995,TRAVEL CARD WALLET SUKI
4263,22996,TRAVEL CARD WALLET VINTAGE TICKET
4264,22978,PANTRY ROLLING PIN
4265,22997,TRAVEL CARD WALLET UNION JACK
4266,23005,TRAVEL CARD WALLET I LOVE LONDON
4267,79062D,"RETRO TIN ASHTRAY,REVOLUTIONARY"
4268,23182,TOILET SIGN OCCUPIED OR VACANT
4269,22979,PANTRY WASHING UP BRUSH
4270,23177,TREASURE ISLAND BOOK BOX
4271,23193,BUFFALO BILL TREASURE BOOK BOX
4272,23194,GYMKHANNA TREASURE BOOK BOX
4273,23176,ABC TREASURE BOOK BOX 
4274,22982,PANTRY PASTRY BRUSH
4275,23126,DOLLCRAFT GIRL AMELIE KIT
4276,23127,DOLLCRAFT GIRL NICOLE
4277,23128,FELTCRAFT BOY JEAN-PAUL KIT
4278,23183,MOTHER'S KITCHEN SPOON REST 
4279,23179,CLOCK MAGNET MUM'S KITCHEN
4280,23178,JAM CLOCK MAGNET
4281,22981,PANTRY APPLE CORER
4282,23180,MUM'S KITCHEN CLOCK
4283,23049,RECYCLED ACAPULCO MAT RED
4284,23053,RECYCLED ACAPULCO MAT PINK
4285,23054,RECYCLED ACAPULCO MAT LAVENDER
4286,23050,RECYCLED ACAPULCO MAT GREEN
4287,23052,RECYCLED ACAPULCO MAT TURQUOISE
4288,23051,RECYCLED ACAPULCO MAT BLUE
4289,23185,FRENCH STYLE STORAGE JAR JAM
4290,23184,BULL DOG BOTTLE OPENER
4291,23181,BULL DOG BOTTLE TOP WALL CLOCK
4292,23187,FRENCH STYLE STORAGE JAR BONBONS
4293,23186,FRENCH STYLE STORAGE JAR CAFE 
4294,79063C,"RETRO PILL BOX KEY CHAIN,THE KING"
4295,23010,CIRCUS PARADE BABY GIFT SET
4296,23007, SPACEBOY BABY GIFT SET
4297,23009,I LOVE LONDON BABY GIFT SET
4298,23008,DOLLY GIRL BABY GIFT SET
4299,23077,DOUGHNUT LIP GLOSS 
4300,23076,ICE CREAM SUNDAE LIP GLOSS
4301,23078,ICE CREAM PEN LIP GLOSS 
4302,23159,SET OF 5 PANCAKE DAY MAGNETS
4303,23154,SET OF 4 JAM JAR MAGNETS
4304,23156,SET OF 5 MINI GROCERY MAGNETS
4305,23155,KNICKERBOCKERGLORY MAGNET ASSORTED 
4306,23158,SET OF 5 LUCKY CAT MAGNETS 
4307,85049d,BRIGHT BLUES RIBBONS 
4308,23157,SET OF 6 NATIVITY MAGNETS 
4309,23254,CHILDRENS CUTLERY DOLLY GIRL 
4310,23256,CHILDRENS CUTLERY SPACEBOY 
4311,23255,CHILDRENS CUTLERY CIRCUS PARADE
4312,90025A,BAROQUE BUTTERFLY EARRINGS BLACK
4313,37487B,YELLOW/ORANGE FLOWER DESIGN PLATE
4314,23205,CHARLOTTE BAG VINTAGE ALPHABET 
4315,23201,JUMBO BAG ALPHABET
4316,23207,LUNCH BAG ALPHABET DESIGN
4317,23199,JUMBO BAG APPLES
4318,23206,LUNCH BAG APPLE DESIGN
4319,23204,CHARLOTTE BAG APPLES DESIGN
4320,23208,LUNCH BAG VINTAGE LEAF DESIGN
4321,23065,LARGE DECO JEWELLERY STAND
4322,23060,HEART BEADED TRELLIS DECORATION
4323,23057,GEMSTONE CHANDELIER T-LIGHT HOLDER
4324,23253,16 PIECE CUTLERY SET PANTRY DESIGN
4325,23348,CHILDRENS TOY COOKING UTENSIL SET
4326,23066,SMALL DECO JEWELLERY STAND
4327,23068,ALUMINIUM STAMPED HEART
4328,23075,DOUBLE CERAMIC PARLOUR HOOK
4329,23153,ZINC SWEETHEART WIRE LETTER RACK
4330,23073,GEORGIAN TRINKET BOX
4331,23146,TRIPLE HOOK ANTIQUE IVORY ROSE
4332,23061,VINTAGE EMBOSSED HEART
4333,23055,IVORY CHANDELIER T-LIGHT HOLDER
4334,23056,FLOWERS CHANDELIER T-LIGHT HOLDER
4335,23140,TRIPLE WIRE HOOK IVORY HEART
4336,23141,TRIPLE WIRE HOOK PINK HEART
4337,23135,SMALL ZINC HEART WALL ORGANISER
4338,23132,SMALL IVORY HEART WALL ORGANISER
4339,23071,MARIE ANTOIENETT TRINKET BOX GOLD
4340,23152,IVORY SWEETHEART WIRE LETTER RACK 
4341,23134,LARGE ZINC HEART WALL ORGANISER
4342,23133,LARGE IVORY HEART WALL ORGANISER
4343,23147,SINGLE ANTIQUE ROSE HOOK IVORY
4344,23148,MINIATURE ANTIQUE ROSE HOOK IVORY
4345,23144,ZINC T-LIGHT HOLDER STARS SMALL
4346,23142,IVORY WIRE KITCHEN ORGANISER
4347,23136,IVORY WIRE SWEETHEART LETTER TRAY
4348,23139,SINGLE WIRE HOOK PINK HEART
4349,23138,SINGLE WIRE HOOK IVORY HEART
4350,23150,IVORY SWEETHEART SOAP DISH
4351,23145,ZINC T-LIGHT HOLDER STAR LARGE
4352,23137,ZINC WIRE SWEETHEART LETTER TRAY
4353,23069,EDWARDIAN PHOTO FRAME
4354,23131,MISTLETOE HEART WREATH CREAM
4355,23067,HANGING ENGRAVED METAL HEART
4356,23163,REGENCY SUGAR TONGS
4357,23284,DOORMAT KEEP CALM AND COME IN
4358,23283,DOORMAT VINTAGE LEAVES DESIGN 
4359,23162,REGENCY TEA STRAINER
4360,23048,SET OF 10 LANTERNS FAIRY LIGHT STAR
4361,23042,PAPER LANTERN 7 POINT SNOW STAR
4362,23041,PAPER LANTERN 9 POINT SNOW STAR
4363,23040,PAPER LANTERN 9 POINT SNOW STAR 
4364,23064,CINDERELLA CHANDELIER 
4365,23130,MISTLETOE HEART WREATH GREEN
4366,23160,REGENCY TEA SPOON
4367,23161,REGENCY CAKE FORK
4368,23164,REGENCY CAKE SLICE
4369,23149,ANTIQUE IVORY WIRE BOWL SMALL
4370,23143,ZINC WIRE KITCHEN ORGANISER
4371,23299,FOOD COVER WITH BEADS SET 2 
4372,23298,SPOTTY BUNTING
4373,23070,EDWARDIAN HEART PHOTO FRAME
4374,23151,ZINC SWEETHEART SOAP DISH
4375,23043,PAPER LANTERN 9 POINT HOLLY STAR 40
4376,23045,PAPER LANTERN 5 POINT STAR MOON 30
4377,23202,JUMBO BAG VINTAGE LEAF
4378,23200,JUMBO BAG PEARS
4379,23203,JUMBO BAG DOILEY PATTERNS
4380,23209,LUNCH BAG DOILEY PATTERN 
4381,23072,MARIE ANTOINETTE TRINKET BOX SILVER
4382,23046,PAPER LANTERN 9 POINT DELUXE STAR
4383,23047,PAPER LANTERN 5 POINT SEQUIN STAR
4384,23044,PAPER LANTERN 9 POINT HOLLY STAR S
4385,23282,FOLDING BUTTERFLY MIRROR IVORY 
4386,23280,FOLDING BUTTERFLY MIRROR HOT PINK 
4387,23190,BUNDLE OF 3 SCHOOL EXERCISE BOOKS  
4388,23191,BUNDLE OF 3 RETRO NOTE BOOKS
4389,23192,BUNDLE OF 3 ALPHABET EXERCISE BOOKS
4390,23175,REGENCY MILK JUG PINK 
4391,23174,REGENCY SUGAR BOWL GREEN
4392,23173,REGENCY TEAPOT ROSES 
4393,23172,REGENCY TEA PLATE PINK
4394,23171,REGENCY TEA PLATE GREEN 
4395,23170,REGENCY TEA PLATE ROSES 
4396,23081,GREEN METAL BOX ARMY SUPPLIES
4397,23084,RABBIT NIGHT LIGHT
4398,23281,FOLDING BUTTERFLY MIRROR RED  
4399,84509g,SET OF 4 FAIRY CAKE PLACEMATS 
4400,23118,PARISIENNE JEWELLERY DRAWER 
4401,23096,PETIT TRAY CHIC
4402,23091,ZINC HERB GARDEN CONTAINER
4403,23094,LE GRAND TRAY CHIC SET
4404,23108,SET OF 10 LED DOLLY LIGHTS
4405,23080,RED METAL BOX TOP SECRET
4406,23110,PARISIENNE KEY CABINET 
4407,23100,SILVER BELLS TABLE DECORATION
4408,23102,SILVER HEARTS TABLE DECORATION
4409,23082,SET 6 PAPER TABLE LANTERN HEARTS 
4410,23093,SMALL PARISIENNE HEART PHOTO FRAME 
4411,23109,LED TEA LIGHTS
4412,23103,BELL HEART DECORATION
4413,23112,PARISIENNE CURIO CABINET
4414,23111,PARISIENNE SEWING BOX
4415,23079,TOADSTOOL BEDSIDE LIGHT 
4416,23167,SMALL CERAMIC TOP STORAGE JAR 
4417,23104,IVORY PANTRY HANGING LAMP 
4418,23168,CLASSIC SUGAR DISPENSER
4419,23169,CLASSIC GLASS SWEET JAR
4420,23165,LARGE CERAMIC TOP STORAGE JAR
4421,23101,SILVER STARS TABLE DECORATION
4422,23089,GLASS BON BON JAR
4423,23107,WHITE WIRE PLANT POT HOLDER
4424,23088,ZINC HEART FLOWER T-LIGHT HOLDER
4425,23106,ZINC HEARTS PLANT POT HOLDER
4426,23087,ZINC  HEART T-LIGHT HOLDER
4427,23083,SET 6 PAPER TABLE LANTERN STARS 
4428,23301,GARDENERS KNEELING PAD KEEP CALM 
4429,23300,GARDENERS KNEELING PAD CUP OF TEA 
4430,23302,KNEELING MAT HOUSEWORK  DESIGN
4431,23090,VINTAGE GLASS T-LIGHT HOLDER
4432,23092,LARGE ANTIQUE WHITE PHOTO FRAME
4433,23085,ANTIQUE SILVER BAUBLE LAMP  
4434,23099,FRENCH CARRIAGE LANTERN
4435,23086,ZINC  STAR T-LIGHT HOLDER 
4436,23129,HEART SHAPED HOLLY WREATH
4437,85034a,3 GARDENIA MORRIS BOXED CANDLES
4438,23228,FILIGREE HEART BIRD WHITE 
4439,84596l,BISCUITS SMALL BOWL LIGHT BLUE
4440,23227,FILIGREE HEART BUTTERFLY WHITE 
4441,23444,Next Day Carriage
4442,23226,FILIGREE HEART DAISY WHITE
4443,23221,REINDEER HEART DECORATION SILVER
4444,23214,JINGLE BELL HEART ANTIQUE GOLD
4445,23215,JINGLE BELL HEART ANTIQUE SILVER
4446,23210,WHITE ROCKING HORSE HAND PAINTED
4447,23213,STAR WREATH DECORATION WITH BELL
4448,23212,HEART WREATH DECORATION WITH BELL
4449,23219,LAUREL STAR ANTIQUE SILVER 
4450,23224,CHERUB HEART DECORATION GOLD
4451,23211,RED ROCKING HORSE HAND PAINTED
4452,23216,LAUREL HEART ANTIQUE GOLD
4453,23217,LAUREL HEART ANTIQUE SILVER
4454,23225,CHERUB HEART DECORATION SILVER 
4455,23275,SET OF 3 HANGING OWLS OLLIE BEAK
4456,23263,SET OF 3 WOODEN HEART DECORATIONS
4457,23309,SET OF 60 I LOVE LONDON CAKE CASES 
4458,23270,SET OF 2 CERAMIC PAINTED HEARTS 
4459,23307,SET OF 60 PANTRY DESIGN CAKE CASES 
4460,23306,SET OF 36 DOILIES PANTRY DESIGN
4461,23308,SET OF 60 VINTAGE LEAF CAKE CASES 
4462,23273,HEART T-LIGHT HOLDER WILLIE WINKIE
4463,23274,STAR T-LIGHT HOLDER WILLIE WINKIE
4464,23240,SET OF 4 KNICK KNACK TINS DOILEY 
4465,23238,SET OF 4 KNICK KNACK TINS LONDON 
4466,23243,SET OF TEA COFFEE SUGAR TINS PANTRY
4467,23245,SET OF 3 REGENCY CAKE TINS
4468,23239,SET OF 4 KNICK KNACK TINS POPPIES
4469,23236,DOILEY STORAGE TIN
4470,23235,STORAGE TIN VINTAGE LEAF
4471,23241,TREASURE TIN GYMKHANA DESIGN
4472,23242,TREASURE TIN BUFFALO BILL 
4473,23247,BISCUIT TIN 50'S CHRISTMAS
4474,23244,ROUND STORAGE TIN VINTAGE LEAF
4475,23237,SET OF 4 KNICK KNACK TINS LEAVES 
4476,23310,BUBBLEGUM RING ASSORTED
4477,23321,SMALL WHITE HEART OF WICKER
4478,23220,REINDEER HEART DECORATION GOLD
4479,23264,SET OF 3 WOODEN SLEIGH DECORATIONS
4480,23265,SET OF 3 WOODEN TREE DECORATIONS
4481,23266,SET OF 3 WOODEN STOCKING DECORATION
4482,23269,SET OF 2 CERAMIC CHRISTMAS TREES
4483,23268,SET OF 2 CERAMIC CHRISTMAS REINDEER
4484,23252,VINTAGE RED ENAMEL TRIM JUG 
4485,23322,LARGE WHITE HEART OF WICKER
4486,23286,BLUE VINTAGE SPOT BEAKER
4487,23338,EGG FRYING PAN RED 
4488,23285,PINK VINTAGE SPOT BEAKER
4489,23288,GREEN VINTAGE SPOT BEAKER
4490,23343,JUMBO BAG VINTAGE CHRISTMAS 
4491,23271,CHRISTMAS TABLE CANDLE SILVER SPIKE
4492,23335,EGG FRYING PAN IVORY 
4493,23339,EGG FRYING PAN BLUE 
4494,23336,EGG FRYING PAN PINK 
4495,23337,EGG FRYING PAN MINT 
4496,23292,SPACE BOY CHILDRENS CUP
4497,23291,DOLLY GIRL CHILDRENS CUP
4498,23289,DOLLY GIRL CHILDRENS BOWL
4499,23290,SPACEBOY CHILDRENS BOWL
4500,23287,RED VINTAGE SPOT BEAKER
4501,23188,VINTAGE  2 METER FOLDING RULER
4502,23251,VINTAGE RED ENAMEL TRIM MUG 
4503,23249,VINTAGE RED ENAMEL TRIM PLATE
4504,23250,VINTAGE RED TRIM ENAMEL BOWL 
4505,23229,VINTAGE DONKEY TAIL GAME 
4506,23234,BISCUIT TIN VINTAGE CHRISTMAS
4507,23012,GLASS APOTHECARY BOTTLE PERFUME
4508,23014,GLASS APOTHECARY BOTTLE ELIXIR
4509,23035,DRAWER KNOB CERAMIC IVORY
4510,23020,GLASS  SONGBIRD STORAGE JAR
4511,23032,DRAWER KNOB CRACKLE GLAZE IVORY
4512,23028,DRAWER KNOB CRACKLE GLAZE BLUE
4513,23031,DRAWER KNOB CRACKLE GLAZE PINK
4514,23029,DRAWER KNOB CRACKLE GLAZE GREEN
4515,23033,DRAWER KNOB CERAMIC RED
4516,23034,DRAWER KNOB CERAMIC BLACK
4517,23013,GLASS APOTHECARY BOTTLE TONIC
4518,23344,JUMBO BAG 50'S CHRISTMAS 
4519,23022,SMALL BONNE JAM JAR  T-LIGHT HOLDER
4520,23016,GLASS TWIST BON BON JAR
4521,23026,DRAWER KNOB VINTAGE GLASS STAR
4522,23119,PACK OF 6 LARGE FRUIT STRAWS 
4523,23015,CORDIAL GLASS JUG
4524,23123,COCKTAIL SWORDS 50 PIECES
4525,23122,PARTY CHARMS 50 PIECES
4526,23120,PACK OF 6 SMALL FRUIT STRAWS
4527,23121,PACK OF 6 COCKTAIL PARASOL STRAWS
4528,23124,18PC WOODEN CUTLERY SET DISPOSABLE
4529,23125,6PC WOOD PLATE SET DISPOSABLE
4530,23039,T-LIGHT HOLDER SILVER HEART HANDLE
4531,23021,GLASS BONNE JAM JAR
4532,23023,RIDGED BONNE JAM JAR T-LIGHT HOLDER
4533,23019,SMALL APOTHECARY MEASURING JAR 
4534,23272,TREE T-LIGHT HOLDER WILLIE WINKIE
4535,23036,T-LIGHT HOLDER SILVER PETIT FOUR 
4536,23198,PANTRY MAGNETIC  SHOPPING LIST
4537,23027,DRAWER KNOB VINTAGE GLASS HEXAGON
4538,23024,LARGE BONNE JAM JAR  T-LIGHT HOLDER
4539,23223,CHRISTMAS TREE HANGING SILVER 
4540,23222,CHRISTMAS TREE HANGING GOLD
4541,23197,SKETCHBOOK MAGNETIC SHOPPING LIST
4542,23196,RETRO LEAVES MAGNETIC NOTEPAD
4543,23267,SET OF 4 SANTA PLACE SETTINGS
4544,23323,WHITE WICKER STAR 
4545,23315,IVORY REFECTORY CLOCK
4546,23316,RED REFECTORY CLOCK 
4547,23342,MINT DINER WALL CLOCK
4548,23341,PINK DINER WALL CLOCK
4549,23037,CANDLE HOLDER SILVER MADELINE
4550,23317,BLUE REFECTORY CLOCK 
4551,23017,APOTHECARY MEASURING JAR
4552,23018,LARGE APOTHECARY MEASURING JAR 
4553,23025,DRAWER KNOB VINTAGE GLASS BALL
4554,23318,BOX OF 6 MINI VINTAGE CRACKERS
4555,23320,GIANT 50'S CHRISTMAS CRACKER
4556,23574,PACKING CHARGE
4557,23319,BOX OF 6 MINI 50'S CRACKERS
4558,23038,T-LIGHT HOLDER SILVER SAUCER
4559,85036a,GARDENIA 1 WICK MORRIS BOXED CANDLE
4560,23313,VINTAGE CHRISTMAS BUNTING
4561,23296,SET OF 6 TEA TIME BAKING CASES
4562,23294,SET OF 6 SNACK LOAF BAKING CASES
4563,23293,SET OF 12 FAIRY CAKE BAKING CASES
4564,23295,SET OF 12 MINI LOAF BAKING CASES
4565,23297,SET 40 HEART SHAPE PETIT FOUR CASES
4566,23311,VINTAGE CHRISTMAS STOCKING 
4567,23314,VINTAGE CHRISTMAS TABLECLOTH
4568,23312,VINTAGE CHRISTMAS GIFT SACK
4569,23550,WRAP ALPHABET POSTER  
4570,23218,LAUREL STAR ANTIQUE GOLD
4571,23549,WRAP BIRD GARDEN 
4572,23546,WRAP PAISLEY PARK 
4573,84857B,BLUE MONTE CARLO HANDBAG
4574,23545,WRAP RED DOILEY
4575,23547,WRAP FLOWER SHOP  
4576,23548,WRAP MAGIC FOREST 
4577,84387A,BIRD ON BRANCH CANVAS SCREEN
4578,16169E,WRAP 50'S  CHRISTMAS
4579,23346,SPACEBOY BEAKER
4580,23345, DOLLY GIRL BEAKER
4581,23347,I LOVE LONDON BEAKER
4582,23340,VINTAGE CHRISTMAS CAKE FRILL
4583,23360,SET 8 CANDLES VINTAGE DOILEY
4584,23359,SET OF 12 T-LIGHTS VINTAGE DOILEY
4585,23373,VINTAGE CHRISTMAS PAPER GIFT BAG
4586,23436,GIFT BAG LARGE VINTAGE CHRISTMAS
4587,23353,6 GIFT TAGS VINTAGE CHRISTMAS 
4588,23354,6 GIFT TAGS 50'S CHRISTMAS 
4589,23374,RED SPOT PAPER GIFT BAG
4590,22016,Dotcomgiftshop Gift Voucher Â£100.00
4591,23438, RED SPOT GIFT BAG LARGE
4592,23189,SET OF 12 FORK CANDLES
4593,23349,ROLL WRAP VINTAGE CHRISTMAS
4594,23350,ROLL WRAP VINTAGE SPOT 
4595,23352,ROLL WRAP 50'S RED CHRISTMAS 
4596,23351,ROLL WRAP 50'S CHRISTMAS
4597,23324,RUSTIC STRAWBERRY JAMPOT LARGE 
4598,23332,IVORY WICKER HEART LARGE
4599,23329,DECORATIVE WICKER HEART LARGE
4600,23330,DECORATIVE WICKER HEART MEDIUM
4601,23334,IVORY WICKER HEART SMALL
4602,23333,IVORY WICKER HEART MEDIUM
4603,23328,SET 6 SCHOOL MILK BOTTLES IN CRATE
4604,23331,DECORATIVE WICKER HEART SMALL
4605,23327,HANGING CLEAR MINI BOTTLE
4606,23326,HANGING MINI COLOURED BOTTLES
4607,23325,RUSTIC STRAWBERRY JAMPOT SMALL
4608,23357,HOT WATER BOTTLE SEX BOMB
4609,23358,HOT STUFF HOT WATER BOTTLE
4610,23375,50'S CHRISTMAS PAPER GIFT BAG
4611,23356,LOVE HOT WATER BOTTLE
4612,23355,HOT WATER BOTTLE KEEP CALM
4613,90176E,DIAMANTE NECKLACE GREEN
4614,23437, 50'S CHRISTMAS GIFT BAG LARGE
4615,23445,ICE CREAM BUBBLES
4616,23439,HAND WARMER RED LOVE HEART
4617,23431,NATURAL HANGING QUILTED HEARTS 
4618,23433,HANGING QUILTED PATCHWORK APPLES
4619,23432,PRETTY HANGING QUILTED HEARTS
4620,23376,PACK OF 12 VINTAGE CHRISTMAS TISSUE
4621,23378,PACK OF 12 50'S CHRISTMAS TISSUES
4622,23551,PACK OF 12 PAISLEY PARK TISSUES 
4623,23620,SET 10 CARDS PERFECT POST 17090
4624,23623,SET 10 CARD CHRISTMAS WELCOME 17112
4625,23634,SET 10 CARDS XMAS CHOIR 17068
4626,23396,BUTTERFLY CUSHION COVER
4627,23395,BELLE JARDINIERE CUSHION COVER
4628,23394,POSTE FRANCE CUSHION COVER
4629,23407,SET OF 2 TRAYS HOME SWEET HOME
4630,23393,HOME SWEET HOME CUSHION COVER 
4631,23427,STOOL HOME SWEET HOME 
4632,23397,FOOT STOOL HOME SWEET HOME 
4633,23377,PACK OF 12 DOLLY GIRL TISSUES
4634,23399,HOME SWEET HOME HANGING HEART
4635,23411, TRELLIS COAT RACK
4636,23398,HANGING HEART BONHEUR
4637,23425,STORAGE TIN HOME SWEET HOME
4638,23414,ZINC BOX SIGN HOME
4639,23424,GINGHAM RECIPE BOOK BOX
4640,23404,HOME SWEET HOME BLACKBOARD
4641,23406,HOME SWEET HOME KEY HOLDER
4642,23405,HOME SWEET HOME 2 DRAWER CABINET
4643,23379,PACK OF 12 RED APPLE TISSUES
4644,23381,PACK OF 12 VINTAGE LEAF TISSUES 
4645,23380,PACK OF 12 VINTAGE DOILY TISSUES
4646,23402,HOME SWEEET HOME 3 PEG HANGER 
4647,23403,LETTER HOLDER HOME SWEET HOME
4648,23426,METAL SIGN DROP YOUR PANTS
4649,23412,HEART MIRROR ANTIQUE WHITE
4650,23392,SPACEBOY ROCKET LOLLY MAKERS
4651,23400,SHELF WITH 4 HOOKS HOME SWEET HOME
4652,23614,SET 10 CARDS 12 DAYS WRAP  17058
4653,23637,SET 10 CARDS OUT OF ORDER 17216
4654,23415,HOME SWEET HOME HOOK
4655,23417,BATHROOM HOOK
4656,23413,VINTAGE COFFEE GRINDER BOX
4657,23409,PHOTO FRAME LINEN AND LACE LARGE
4658,23640,SET 10 CARDS SCOTTIE DOG 17211
4659,23408,PHOTO FRAME LINEN AND LACE SMALL
4660,23401,RUSTIC MIRROR WITH LACE HEART
4661,23422,PANTRY HOOK BALLOON WHISK 
4662,23613,SET 10 XMAS CARDS & BADGES 17070
4663,23646,SET 10 CARDS JINGLE BELLS 16957
4664,23410,CURIO CABINET LINEN AND LACE 
4665,23559,WOODLAND BUNNIES LOLLY MAKERS
4666,23423,PANTRY 3 HOOK ROLLING PIN HANGER
4667,23421,PANTRY HOOK SPATULA
4668,23435,3 RAFFIA RIBBONS VINTAGE CHRISTMAS
4669,23418,LAVENDER TOILETTE BOTTLE
4670,23419,HOME SWEET HOME BOTTLE 
4671,23434,3 RAFFIA RIBBONS 50'S CHRISTMAS 
4672,23391, I LOVE LONDON MINI BACKPACK
4673,23390,DOLLY GIRL MINI BACKPACK
4674,23389,SPACEBOY MINI BACKPACK
4675,23074,EMBOSSED HEART TRINKET BOX
4676,23388,WOODLAND MINI BACKPACK
4677,23416,CHAMBRE HOOK
4678,23611,SET 10 CARDS RED RIDING HOOD 17214
4679,23607,SET 10 CARDS HATS & STOCKINGS 17081
4680,23058,CHRISTMAS HANGING SNOWFLAKE
4681,23420,PANTRY HOOK TEA STRAINER 
4682,23625,SET 6 CARDS SPARKLY REINDEER 17262
4683,23639,SET 10 CARDS MAGICAL TREE 17086
4684,23113,PANTRY CHOPPING BOARD
4685,35819P,"ACRYLIC HANGING JEWEL,PINK"
4686,23629,SET 10 CARDS DRESSING UP 17077
4687,23630,SET 10 CARDS HANGING BAUBLES 17080
4688,23503,PLAYING CARDS KEEP CALM & CARRY ON
4689,23366,SET 12 COLOURING PENCILS DOILY
4690,23367,SET 12 COLOUR PENCILS SPACEBOY 
4691,23504,PLAYING CARDS JUBILEE UNION JACK
4692,23371,SET 36 COLOUR PENCILS SPACEBOY 
4693,23506,MINI PLAYING CARDS SPACEBOY 
4694,23502,PLAYING CARDS VINTAGE DOILEY 
4695,23370,SET 36 COLOUR PENCILS DOILEY
4696,23493,VINTAGE DOILY TRAVEL SEWING KIT
4697,23365,SET 12 COLOUR PENCILS LOVE LONDON
4698,23369,SET 36 COLOUR PENCILS LOVE LONDON
4699,23520,EMBROIDERED RIBBON REEL RUBY 
4700,23511,EMBROIDERED RIBBON REEL EMILY 
4701,23517,EMBROIDERED RIBBON REEL REBECCA 
4702,23368,SET 12 COLOUR PENCILS DOLLY GIRL 
4703,23505,PLAYING CARDS I LOVE LONDON 
4704,23372,SET 36 COLOUR PENCILS DOLLY GIRL
4705,23512,EMBROIDERED RIBBON REEL ROSIE
4706,23515,EMBROIDERED RIBBON REEL DAISY 
4707,23514,EMBROIDERED RIBBON REEL SALLY 
4708,23518,EMBROIDERED RIBBON REEL RACHEL 
4709,23510,MINI PLAYING CARDS GYMKHANA
4710,23508,MINI PLAYING CARDS DOLLY GIRL 
4711,23509,MINI PLAYING CARDS FUN FAIR 
4712,23507,MINI PLAYING CARDS BUFFALO BILL 
4713,23513,EMBROIDERED RIBBON REEL SUSIE 
4714,23624,SET 10 CARD PERFECT NATIVITY 17089
4715,20678,LARGE BLACK DIAMANTE HAIRSLIDE
4716,23610,SET 10 CARDS CHRISTMAS ROBIN 17095
4717,23601,SET 10 CARDS SNOWY SNOWDROPS  17100
4718,23632,SET 10 CARDS CHEERFUL ROBIN 17065
4719,23516,EMBROIDERED RIBBON REEL SOPHIE  
4720,23519,EMBROIDERED RIBBON REEL CLAIRE
4721,23494,VINTAGE DOILY DELUXE SEWING KIT 
4722,23638,SET 10 CARDS ROBIN WATERPUMP  17096
4723,23650,SET 10 CARDS FILIGREE BAUBLE 16961
4724,23461,SWEETHEART BIRD HOUSE
4725,23466,TUSCAN VILLA DOVECOTE
4726,23469,CARD HOLDER LOVE BIRD SMALL
4727,23484,HEART TRELLISTRIPLE T-LIGHT HOLDER
4728,23114,VINTAGE LEAF CHOPPING BOARD  
4729,23117,POPPY FIELDS CHOPPING BOARD
4730,23115,RED APPLES CHOPPING BOARD   
4731,23471,SIX DRAWER OFFICE TIDY
4732,23116,VEGETABLE GARDEN CHOPPING BOARD
4733,23644,SET 10 CARDS CHRISTMAS TREE 16955
4734,23472, NINE DRAWER OFFICE TIDY
4735,23470,CARD HOLDER LOVE BIRD LARGE 
4736,23524,HORSE & PONY WALL ART
4737,23535,BICYCLE SAFTEY WALL ART
4738,23534,STOP FOR TEA WALL ART
4739,23541,WALL ART CLASSIC PUDDINGS 
4740,23525,BUFFALO BILL WALL ART 
4741,23532,WALL ART WORK REST AND PLAY  
4742,23539,WALL ART LOVES' SECRET 
4743,23522,DOG AND BALL WALL ART
4744,23526,DOG LICENCE WALL ART
4745,23533,WALL ART GARDEN HAVEN 
4746,23542,70'S ALPHABET WALL ART
4747,23528,SPACEBOY WALL ART
4748,23543,KEEP CALM WALL ART 
4749,23530,WALL ART ONLY ONE PERSON 
4750,23538,WALL ART VINTAGE HEART
4751,23521,CAT AND BIRD WALL ART
4752,23523,TREASURE AHOY WALL ART
4753,23531,WALL ART BIG LOVE 
4754,23527,ANIMALS AND NATURE WALL ART
4755,23483,HANGING  BUTTERFLY T-LIGHT HOLDER
4756,23529,DOLLY GIRL WALL ART
4757,23536,VILLAGE SHOW WALL ART
4758,23544,WALL ART MID CENTURY MODERN 
4759,23540,WALL ART THE MAGIC FOREST 
4760,23537,I LOVE LONDON WALL ART
4761,23604,SET 10 MINI SANTA & SNOWMAN  17087
4762,23626,SET 10 CARDS DINKY TREE 17076
4763,23500,KEY RING BASEBALL BOOT ASSORTED 
4764,23465,TUSCAN VILLA FEEDING STATION
4765,23501,KEY RING BASEBALL BOOT UNION JACK
4766,23605,SET 10 CARDS 12 DAYS OF XMAS 17059
4767,23619,SET 10 CARDS POINSETTIA 17093
4768,23635,SET 10 CARDS CHRISTMAS HOLLY  17259
4769,23612,SET 10 MINICARDS CUTE SNOWMAN 17071
4770,23468,TUSCAN VILLA BIRD TABLE 
4771,79157V,UBO-LIGHT TRIOBASE PURPLE
4772,23448,CREAM BUNNY EASTER EGG BASKET
4773,23447,PINK BUNNY EASTER EGG BASKET
4774,23446,BLUE BUNNY EASTER EGG BASKET
4775,23382,BOX OF 6 CHRISTMAS CAKE DECORATIONS
4776,23660,HENRIETTA HEN MUG 
4777,23661,MILK MAIDS MUG 
4778,23564,EGG CUP MILKMAID INGRID
4779,23567,EGG CUP HENRIETTA HEN PINK
4780,23487,SWEET HEART CAKE CARRIER
4781,23490,T-LIGHT HOLDER HANGING LOVE BIRD
4782,23453,OVAL  MINI PORTRAIT FRAME
4783,23452,HEART MINI PORTRAIT FRAME
4784,23451,SQUARE MINI PORTRAIT FRAME
4785,23482,PEARLISED IVORY HEART LARGE 
4786,23603,SET 10 CARD KRAFT REINDEER 17084
4787,23459,DOLLY CABINET 2 DRAWERS 
4788,23565,EGG CUP MILKMAID HELGA 
4789,23456,MEDIUM PARLOUR PICTURE FRAME 
4790,23463,VINTAGE ZINC WATERING CAN
4791,23464,VINTAGE ZINC WATERING CAN SMALL
4792,23457,LARGE PARLOUR PICTURE FRAME
4793,23455,SMALL PARLOUR PICTURE FRAME
4794,23568,EGG CUP HENRIETTA HEN CREAM 
4795,84661b,BLACK SQUARE TABLE CLOCK
4796,23566,EGG CUP MILKMAID HEIDI
4797,23467,VINTAGE ZINC PLANTER  
4798,23479,WIRE EGG BASKET 
4799,23481,PEARLISED IVORY HEART SMALL 
4800,23458,DOLLY CABINET 3 DRAWERS 
4801,23579,SNACK TRAY I LOVE LONDON
4802,23702,High Resolution Image
4803,23558,LANDMARK FRAME LONDON BRIDGE 
4804,23556,LANDMARK FRAME COVENT GARDEN 
4805,23554,LANDMARK FRAME OXFORD STREET
4806,23557,LANDMARK FRAME BAKER STREET 
4807,23555,LANDMARK FRAME NOTTING HILL 
4808,23480,MINI LIGHTS WOODLAND MUSHROOMS
4809,23553,LANDMARK FRAME CAMDEN TOWN 
4810,23489,"GARLAND, VINTAGE BELLS"
4811,23491,VINTAGE JINGLE BELLS HEART
4812,23492,VINTAGE JINGLE BELLS WREATH
4813,23477,WOODLAND LARGE BLUE FELT HEART
4814,23478,WOODLAND LARGE PINK FELT HEART
4815,23476,WOODLAND LARGE RED FELT HEART
4816,23486,ANTIQUE HEART SHELF UNIT
4817,23473,WOODLAND SMALL RED FELT HEART
4818,23460,SWEETHEART WALL TIDY 
4819,23462,ROCOCO WALL MIRROR WHITE
4820,23499,SET 12 VINTAGE DOILY CHALK 
4821,23485,BOTANICAL GARDENS WALL CLOCK 
4822,23570,TRADITIONAL PICK UP STICKS GAME 
4823,23454,SET OF 3 MINI HANGING PORTRAITS
4824,23571,TRADITIONAL NAUGHTS & CROSSES
4825,23569,TRADTIONAL ALPHABET STAMP SET
4826,23305,SET 4 PICNIC CUTLERY BLUEBERRY
4827,23474,WOODLAND SMALL BLUE FELT HEART
4828,23636,SET 10 CARDS WISHING TREE 17116
4829,23582,VINTAGE DOILY JUMBO BAG RED 
4830,23583,LUNCH BAG PAISLEY PARK  
4831,23581,JUMBO BAG PAISLEY PARK
4832,23303,SET 4 PICNIC CUTLERY FONDANT
4833,23475,WOODLAND SMALL PINK FELT HEART
4834,23615,SET 10 CARDS PRINTED GRAPHIC 17219
4835,23645,SET 10 CHRISTMAS CARDS HOHOHO 16956
4836,23654,SET 10 CARD SNOWMAN 16965
4837,23497,CLASSIC CHROME BICYCLE BELL 
4838,23304,SET 4 PICNIC CUTLERY CHERRY 
4839,23495,SET OF 3 PANTRY WOODEN SPOONS
4840,23496,PANTRY KITCHEN THERMOMETER 
4841,23628,SET 10 CARDS TRIANGLE ICONS  17220
4842,23633,SET 10 CARDS WORLD CHILDREN 17067
4843,23643,SET 10 CARDS CHRISTMAS BAUBLE 16954
4844,46776a,WOVEN BUBBLE GUM CUSHION COVER
4845,46776b,WOVEN BERRIES CUSHION COVER 
4846,46776e,WOVEN CANDY CUSHION COVER 
4847,46776f,WOVEN ROSE GARDEN CUSHION COVER 
4848,47593b,SCOTTIE DOGS BABY BIB
4849,51014c,"FEATHER PEN,COAL BLACK"
4850,84031a,CHARLIE+LOLA RED HOT WATER BOTTLE 
4851,84031b,CHARLIE LOLA BLUE HOT WATER BOTTLE 
4852,90183c,BLACK DROP EARRINGS W LONG BEADS
4853,90184c,BLACK CHUNKY BEAD BRACELET W STRAP
4854,23691,KEEP CALM BIRTHDAY WRAP
4855,23608,SET 10 CARDS RUDOLPHS NOSE 17097
4856,23681,LUNCH BAG RED VINTAGE DOILY
4857,23692,WRAP A PRETTY THANK YOU
4858,23695,DOILY THANK YOU CARD
4859,23697,A PRETTY THANK YOU CARD
4860,23616,SET 10 CARDS JINGLE BELLS 17217
4861,23598,PAPER BUNTING VINTAGE PARTY
4862,23597,PAPER BUNTING PAISLEY PARK
4863,23621,SET 10 CARDS DAVID'S MADONNA 17074
4864,23627,SET 10 CARDS XMAS GRAPHIC  17218
4865,23602,SET 10 CARDS 3 WISE MEN 17107
4866,23664,FLOWER SHOP DESIGN MUG
4867,23694,PAISLEY PARK CARD
4868,23649,SET 10 CARDS DECK THE HALLS 16960
4869,23442,12 HANGING EGGS HAND PAINTED
4870,23449,SET OF 6 EASTER RAINBOW CHICKS
4871,23428,IVORY RETRO KITCHEN WALL CLOCK
4872,23652,SET 10 CARD CHRISTMAS STAMPS 16963
4873,23430,BLUE RETRO KITCHEN WALL CLOCK
4874,23429,RED RETRO KITCHEN WALL CLOCK
4875,23441,HAND PAINTED HANGING EASTER EGG
4876,72802c,VANILLA SCENT CANDLE JEWELLED BOX
4877,85049c,ROMANTIC PINKS RIBBONS 
4878,23440,PAINT YOUR OWN EGGS IN CRATE
4879,23552,BICYCLE PUNCTURE REPAIR KIT 
4880,23498,CLASSIC BICYCLE CLIPS 
4881,84971l,LARGE HEART FLOWERS HOOK   
4882,85034b,3 WHITE CHOC MORRIS BOXED CANDLES
4883,23578,SNACK TRAY RED GINGHAM
4884,23580,SNACK TRAY HAPPY FOREST  
4885,23575,SNACK TRAY PAISLEY PARK
4886,23560,SET OF 6 RIBBONS COUNTRY STYLE
4887,23576,SNACK TRAY RED VINTAGE DOILY
4888,23562,SET OF 6 RIBBONS PERFECTLY PRETTY  
4889,23561,SET OF 6 RIBBONS PARTY
4890,23609,SET 10 CARDS SNOWY ROBIN 17099
4891,23617,SET 10 CARDS SWIRLY XMAS TREE 17104
4892,23843,"PAPER CRAFT , LITTLE BIRDIE"
