CustomerKey,CustomerID,Country
0,,Unknown
1,13085,United Kingdom
2,13078,United Kingdom
3,15362,United Kingdom
4,18102,United Kingdom
5,12682,France
6,18087,United Kingdom
7,13635,United Kingdom
8,14110,United Kingdom
9,17519,United Kingdom
10,13758,United Kingdom
11,15413,United Kingdom
12,16321,Australia
13,17592,United Kingdom
14,16167,United Kingdom
15,17865,United Kingdom
16,13767,United Kingdom
17,13293,United Kingdom
18,17238,United Kingdom
19,16011,United Kingdom
20,13916,United Kingdom
21,15712,United Kingdom
22,15311,United Kingdom
23,16329,United Kingdom
24,15461,United Kingdom
25,17700,United Kingdom
26,14911,EIRE
27,15998,United Kingdom
28,12931,United Kingdom
29,15614,United Kingdom
30,12533,Germany
31,16128,United Kingdom
32,16714,United Kingdom
33,17984,United Kingdom
34,14748,United Kingdom
35,14871,United Kingdom
36,13394,United Kingdom
37,12615,France
38,16393,United Kingdom
39,14040,United Kingdom
40,15796,United Kingdom
41,12913,United Kingdom
42,15091,United Kingdom
43,15061,United Kingdom
44,14292,United Kingdom
45,14341,United Kingdom
46,17804,United Kingdom
47,14156,EIRE
48,13599,United Kingdom
49,13768,United Kingdom
50,17641,United Kingdom
51,17063,United Kingdom
52,13545,United Kingdom
53,16955,United Kingdom
54,15719,United Kingdom
55,12490,France
56,15793,United Kingdom
57,17056,United Kingdom
58,13526,United Kingdom
59,14654,United Kingdom
60,17998,United Kingdom
61,17742,United Kingdom
62,15326,United Kingdom
63,14478,United Kingdom
64,15005,United Kingdom
65,15967,United Kingdom
66,17611,United Kingdom
67,15051,United Kingdom
68,13097,United Kingdom
69,13590,United Kingdom
70,14030,United Kingdom
71,15984,United Kingdom
72,17091,United Kingdom
73,16887,United Kingdom
74,12921,United Kingdom
75,14621,United Kingdom
76,14543,United Kingdom
77,15945,United Kingdom
78,18037,United Kingdom
79,15662,United Kingdom
80,15380,United Kingdom
81,16422,United Kingdom
82,13711,United Kingdom
83,16150,United Kingdom
84,13110,United Kingdom
85,12836,United Kingdom
86,18287,United Kingdom
87,15254,United Kingdom
88,16620,United Kingdom
89,12758,Portugal
90,14558,United Kingdom
91,17961,United Kingdom
92,17485,United Kingdom
93,15601,United Kingdom
94,13585,United Kingdom
95,13442,United Kingdom
96,13381,United Kingdom
97,16763,United Kingdom
98,17345,United Kingdom
99,17243,United Kingdom
100,14865,United Kingdom
101,13819,United Kingdom
102,15750,United Kingdom
103,15808,United Kingdom
104,17191,United Kingdom
105,13748,United Kingdom
106,15265,United Kingdom
107,17428,United Kingdom
108,15485,United Kingdom
109,17246,United Kingdom
110,14061,United Kingdom
111,14108,United Kingdom
112,13648,United Kingdom
113,16563,United Kingdom
114,16701,United Kingdom
115,12842,United Kingdom
116,14302,United Kingdom
117,14135,United Kingdom
118,14831,United Kingdom
119,15602,United Kingdom
120,13777,United Kingdom
121,14000,United Kingdom
122,16823,United Kingdom
123,16163,United Kingdom
124,17193,United Kingdom
125,15759,United Kingdom
126,16131,United Kingdom
127,14560,United Kingdom
128,12523,France
129,17019,United Kingdom
130,17087,United Kingdom
131,14894,United Kingdom
132,15353,United Kingdom
133,16202,United Kingdom
134,16700,United Kingdom
135,17511,United Kingdom
136,12755,Japan
137,14299,United Kingdom
138,17949,United Kingdom
139,14799,United Kingdom
140,16550,United Kingdom
141,12980,United Kingdom
142,14425,United Kingdom
143,17818,United Kingdom
144,13623,United Kingdom
145,13654,United Kingdom
146,17189,United Kingdom
147,13269,United Kingdom
148,14653,United Kingdom
149,15542,United Kingdom
150,13564,United Kingdom
151,16467,United Kingdom
152,15833,United Kingdom
153,14527,United Kingdom
154,17476,United Kingdom
155,15287,United Kingdom
156,14440,United Kingdom
157,15680,United Kingdom
158,15581,United Kingdom
159,13740,United Kingdom
160,13070,United Kingdom
161,17768,United Kingdom
162,12948,United Kingdom
163,16797,United Kingdom
164,14667,United Kingdom
165,17377,United Kingdom
166,14467,United Kingdom
167,13457,United Kingdom
168,18108,United Kingdom
169,16210,United Kingdom
170,17867,United Kingdom
171,14669,United Kingdom
172,17909,United Kingdom
173,16086,United Kingdom
174,16711,United Kingdom
175,14739,United Kingdom
176,16233,United Kingdom
177,14204,United Kingdom
178,17606,United Kingdom
179,16126,United Kingdom
180,17412,United Kingdom
181,16525,United Kingdom
182,13313,United Kingdom
183,12435,Denmark
184,14549,United Kingdom
185,14106,United Kingdom
186,14980,United Kingdom
187,14396,United Kingdom
188,14122,United Kingdom
189,16987,United Kingdom
190,12471,Germany
191,17809,United Kingdom
192,15917,United Kingdom
193,14987,United Kingdom
194,14080,United Kingdom
195,16200,United Kingdom
196,15794,United Kingdom
197,15523,United Kingdom
198,15615,United Kingdom
199,18001,United Kingdom
200,17841,United Kingdom
201,13089,United Kingdom
202,15989,United Kingdom
203,17660,United Kingdom
204,12437,France
205,14841,United Kingdom
206,14646,Netherlands
207,15482,United Kingdom
208,16156,United Kingdom
209,17716,United Kingdom
210,12779,Poland
211,13611,United Kingdom
212,15255,United Kingdom
213,14771,United Kingdom
214,14838,United Kingdom
215,13979,United Kingdom
216,13800,United Kingdom
217,14483,United Kingdom
218,14915,United Kingdom
219,13753,United Kingdom
220,16301,United Kingdom
221,13931,United Kingdom
222,12705,Germany
223,17035,United Kingdom
224,15194,United Kingdom
225,14347,United Kingdom
226,12934,United Kingdom
227,12484,Spain
228,14895,United Kingdom
229,15291,United Kingdom
230,17209,United Kingdom
231,15658,United Kingdom
232,17314,United Kingdom
233,17155,United Kingdom
234,15965,United Kingdom
235,17322,United Kingdom
236,16159,United Kingdom
237,14051,United Kingdom
238,13993,United Kingdom
239,17411,United Kingdom
240,15768,United Kingdom
241,12835,United Kingdom
242,15179,United Kingdom
243,17069,United Kingdom
244,16918,United Kingdom
245,15466,United Kingdom
246,14159,United Kingdom
247,17940,United Kingdom
248,17581,United Kingdom
249,16168,United Kingdom
250,14606,United Kingdom
251,17287,United Kingdom
252,17913,United Kingdom
253,13416,United Kingdom
254,16779,United Kingdom
255,13895,United Kingdom
256,14057,United Kingdom
257,17017,United Kingdom
258,13208,United Kingdom
259,17465,United Kingdom
260,13468,United Kingdom
261,13485,United Kingdom
262,17271,United Kingdom
263,16139,United Kingdom
264,15953,United Kingdom
265,15856,United Kingdom
266,14967,United Kingdom
267,16497,United Kingdom
268,17764,United Kingdom
269,14905,United Kingdom
270,18229,United Kingdom
271,13001,United Kingdom
272,17293,United Kingdom
273,17853,United Kingdom
274,15550,United Kingdom
275,13531,United Kingdom
276,13786,United Kingdom
277,14952,United Kingdom
278,14031,United Kingdom
279,12937,United Kingdom
280,16612,United Kingdom
281,12949,United Kingdom
282,14958,United Kingdom
283,17329,United Kingdom
284,17576,United Kingdom
285,16736,United Kingdom
286,14644,United Kingdom
287,14898,United Kingdom
288,14662,United Kingdom
289,17414,United Kingdom
290,14755,United Kingdom
291,13037,United Kingdom
292,14710,United Kingdom
293,18168,United Kingdom
294,17679,United Kingdom
295,16570,United Kingdom
296,17851,United Kingdom
297,14277,France
298,14750,United Kingdom
299,16549,United Kingdom
300,16791,United Kingdom
301,16558,United Kingdom
302,15884,United Kingdom
303,17663,United Kingdom
304,17343,United Kingdom
305,17372,United Kingdom
306,16003,United Kingdom
307,17432,United Kingdom
308,14713,United Kingdom
309,16722,United Kingdom
310,12577,France
311,12872,United Kingdom
312,15755,United Kingdom
313,14258,United Kingdom
314,14286,United Kingdom
315,13154,United Kingdom
316,14564,Channel Islands
317,13408,United Kingdom
318,16961,United Kingdom
319,16645,United Kingdom
320,12714,France
321,12525,France
322,16335,United Kingdom
323,14221,United Kingdom
324,13093,United Kingdom
325,12759,Netherlands
326,13666,United Kingdom
327,17160,United Kingdom
328,13946,United Kingdom
329,14723,United Kingdom
330,14961,United Kingdom
331,14735,United Kingdom
332,18061,United Kingdom
333,15078,United Kingdom
334,17389,United Kingdom
335,16883,United Kingdom
336,13175,United Kingdom
337,17076,United Kingdom
338,13948,United Kingdom
339,18223,United Kingdom
340,16192,United Kingdom
341,16541,United Kingdom
342,15999,United Kingdom
343,15109,United Kingdom
344,14680,United Kingdom
345,18092,United Kingdom
346,16891,United Kingdom
347,13481,United Kingdom
348,13807,United Kingdom
349,12349,Italy
350,14979,United Kingdom
351,16656,United Kingdom
352,16746,United Kingdom
353,17157,United Kingdom
354,15309,United Kingdom
355,16325,United Kingdom
356,16723,United Kingdom
357,16699,United Kingdom
358,16710,United Kingdom
359,12510,Spain
360,13162,United Kingdom
361,15382,United Kingdom
362,13680,United Kingdom
363,12970,United Kingdom
364,17935,United Kingdom
365,17593,United Kingdom
366,15767,United Kingdom
367,17151,United Kingdom
368,16451,United Kingdom
369,17127,United Kingdom
370,13694,United Kingdom
371,14087,United Kingdom
372,13733,United Kingdom
373,18181,United Kingdom
374,13174,United Kingdom
375,13329,United Kingdom
376,17421,United Kingdom
377,16351,United Kingdom
378,15684,United Kingdom
379,17884,United Kingdom
380,15514,United Kingdom
381,18225,United Kingdom
382,13679,United Kingdom
383,12748,United Kingdom
384,13199,United Kingdom
385,13487,United Kingdom
386,17018,United Kingdom
387,18071,United Kingdom
388,16593,United Kingdom
389,14238,United Kingdom
390,15223,United Kingdom
391,13021,United Kingdom
392,17115,United Kingdom
393,17850,United Kingdom
394,14239,United Kingdom
395,13999,United Kingdom
396,13958,United Kingdom
397,13641,United Kingdom
398,15420,United Kingdom
399,12359,Cyprus
400,12820,United Kingdom
401,16410,United Kingdom
402,15240,United Kingdom
403,16158,United Kingdom
404,15484,United Kingdom
405,14709,United Kingdom
406,15057,United Kingdom
407,14867,United Kingdom
408,17642,United Kingdom
409,13813,Germany
410,13589,United Kingdom
411,12417,Belgium
412,17920,United Kingdom
413,12975,United Kingdom
414,16104,United Kingdom
415,17150,United Kingdom
416,15059,United Kingdom
417,16277,United Kingdom
418,17244,United Kingdom
419,15260,United Kingdom
420,12583,France
421,15555,United Kingdom
422,13736,United Kingdom
423,14133,United Kingdom
424,15571,United Kingdom
425,13448,United Kingdom
426,17085,United Kingdom
427,14468,United Kingdom
428,16395,United Kingdom
429,16485,United Kingdom
430,15878,United Kingdom
431,15860,United Kingdom
432,13373,United Kingdom
433,14608,United Kingdom
434,14896,United Kingdom
435,14717,United Kingdom
436,16964,United Kingdom
437,15983,United Kingdom
438,13782,United Kingdom
439,14454,United Kingdom
440,16718,United Kingdom
441,15751,United Kingdom
442,14546,United Kingdom
443,17848,United Kingdom
444,17561,United Kingdom
445,15547,United Kingdom
446,17969,United Kingdom
447,17406,United Kingdom
448,14479,United Kingdom
449,14548,United Kingdom
450,17916,United Kingdom
451,15822,United Kingdom
452,13211,United Kingdom
453,13319,United Kingdom
454,17610,United Kingdom
455,16773,United Kingdom
456,15479,United Kingdom
457,13890,United Kingdom
458,15641,United Kingdom
459,14123,United Kingdom
460,13019,United Kingdom
461,17858,United Kingdom
462,14940,United Kingdom
463,16686,United Kingdom
464,15691,United Kingdom
465,16436,United Kingdom
466,17530,United Kingdom
467,13491,United Kingdom
468,14003,United Kingdom
469,12839,United Kingdom
470,17557,United Kingdom
471,14738,United Kingdom
472,16124,United Kingdom
473,14113,United Kingdom
474,17739,United Kingdom
475,16556,United Kingdom
476,14695,United Kingdom
477,14828,United Kingdom
478,15115,United Kingdom
479,13693,United Kingdom
480,14955,United Kingdom
481,14037,United Kingdom
482,18077,United Kingdom
483,13905,United Kingdom
484,17508,Greece
485,16768,United Kingdom
486,13984,United Kingdom
487,13495,United Kingdom
488,13190,United Kingdom
489,14408,United Kingdom
490,15358,United Kingdom
491,17707,United Kingdom
492,17044,United Kingdom
493,14471,United Kingdom
494,17436,United Kingdom
495,13234,United Kingdom
496,16404,United Kingdom
497,14574,United Kingdom
498,15716,United Kingdom
499,16684,United Kingdom
500,14540,United Kingdom
501,14307,United Kingdom
502,18219,United Kingdom
503,12747,United Kingdom
504,18162,United Kingdom
505,17441,United Kingdom
506,17988,United Kingdom
507,12600,Germany
508,13206,United Kingdom
509,14512,United Kingdom
510,16353,United Kingdom
511,16018,United Kingdom
512,14670,United Kingdom
513,14590,United Kingdom
514,12677,France
515,12424,Australia
516,17457,United Kingdom
517,15421,United Kingdom
518,17990,United Kingdom
519,13148,United Kingdom
520,17364,United Kingdom
521,13042,United Kingdom
522,12443,Norway
523,15694,United Kingdom
524,16717,United Kingdom
525,17231,United Kingdom
526,16702,United Kingdom
527,13267,United Kingdom
528,12540,Spain
529,17270,United Kingdom
530,14209,United Kingdom
531,14763,United Kingdom
532,14013,United Kingdom
533,13393,United Kingdom
534,15369,United Kingdom
535,12358,Austria
536,18259,United Kingdom
537,17047,United Kingdom
538,14136,United Kingdom
539,16735,United Kingdom
540,14215,United Kingdom
541,15971,United Kingdom
542,13382,United Kingdom
543,13025,United Kingdom
544,16013,United Kingdom
545,18002,United Kingdom
546,17854,United Kingdom
547,15079,United Kingdom
548,16029,United Kingdom
549,18271,United Kingdom
550,14290,United Kingdom
551,17268,United Kingdom
552,17067,United Kingdom
553,16560,United Kingdom
554,14861,United Kingdom
555,17371,United Kingdom
556,13091,United Kingdom
557,18145,United Kingdom
558,16400,United Kingdom
559,15093,United Kingdom
560,13643,United Kingdom
561,17852,United Kingdom
562,17213,United Kingdom
563,15456,United Kingdom
564,13571,United Kingdom
565,16732,United Kingdom
566,16940,United Kingdom
567,15162,United Kingdom
568,18203,United Kingdom
569,14494,United Kingdom
570,17978,United Kingdom
571,15031,United Kingdom
572,14085,United Kingdom
573,17230,United Kingdom
574,13915,United Kingdom
575,13410,United Kingdom
576,14925,United Kingdom
577,14063,United Kingdom
578,12785,Portugal
579,13081,United Kingdom
580,14605,United Kingdom
581,14337,United Kingdom
582,14285,United Kingdom
583,16892,United Kingdom
584,16523,United Kingdom
585,13204,United Kingdom
586,15924,United Kingdom
587,15823,United Kingdom
588,13576,United Kingdom
589,17178,United Kingdom
590,13798,United Kingdom
591,18275,United Kingdom
592,15317,United Kingdom
593,13855,United Kingdom
594,15298,United Kingdom
595,15903,United Kingdom
596,16822,United Kingdom
597,14864,United Kingdom
598,12746,United Kingdom
599,15674,United Kingdom
600,13414,United Kingdom
601,13902,Denmark
602,14679,United Kingdom
603,18070,United Kingdom
604,18252,United Kingdom
605,15935,United Kingdom
606,16253,United Kingdom
607,13136,United Kingdom
608,17531,United Kingdom
609,16853,United Kingdom
610,17340,United Kingdom
611,13112,United Kingdom
612,13557,United Kingdom
613,16204,United Kingdom
614,15633,United Kingdom
615,15203,United Kingdom
616,17612,United Kingdom
617,14907,United Kingdom
618,13107,United Kingdom
619,15137,United Kingdom
620,14817,United Kingdom
621,15181,United Kingdom
622,13872,United Kingdom
623,14267,United Kingdom
624,17188,United Kingdom
625,13455,United Kingdom
626,12487,Sweden
627,12896,United Kingdom
628,13114,United Kingdom
629,14291,United Kingdom
630,12712,Germany
631,12472,Germany
632,14732,United Kingdom
633,13202,United Kingdom
634,16945,United Kingdom
635,13672,United Kingdom
636,17929,United Kingdom
637,16771,United Kingdom
638,16782,United Kingdom
639,18051,United Kingdom
640,16912,United Kingdom
641,12924,United Kingdom
642,15403,United Kingdom
643,14173,United Kingdom
644,14211,United Kingdom
645,14593,United Kingdom
646,16802,United Kingdom
647,14295,United Kingdom
648,15302,United Kingdom
649,16709,United Kingdom
650,17954,United Kingdom
651,13727,United Kingdom
652,15911,United Kingdom
653,14990,United Kingdom
654,16705,United Kingdom
655,13141,United Kingdom
656,12709,Germany
657,14171,United Kingdom
658,13983,United Kingdom
659,17296,United Kingdom
660,17631,United Kingdom
661,17449,United Kingdom
662,17184,United Kingdom
663,14107,United Kingdom
664,12917,United Kingdom
665,16755,United Kingdom
666,13825,United Kingdom
667,13770,United Kingdom
668,14505,United Kingdom
669,15441,United Kingdom
670,16933,United Kingdom
671,13426,United Kingdom
672,17043,United Kingdom
673,13498,United Kingdom
674,16186,United Kingdom
675,18065,United Kingdom
676,17880,United Kingdom
677,13848,United Kingdom
678,15077,United Kingdom
679,13728,United Kingdom
680,15209,United Kingdom
681,15841,United Kingdom
682,14134,United Kingdom
683,15465,United Kingdom
684,17603,United Kingdom
685,16143,United Kingdom
686,14942,United Kingdom
687,17861,United Kingdom
688,14293,United Kingdom
689,12978,United Kingdom
690,15039,United Kingdom
691,16843,United Kingdom
692,15858,United Kingdom
693,17388,United Kingdom
694,15085,United Kingdom
695,15642,United Kingdom
696,14099,United Kingdom
697,15854,United Kingdom
698,17027,United Kingdom
699,15889,United Kingdom
700,16748,United Kingdom
701,16057,United Kingdom
702,16459,United Kingdom
703,13173,United Kingdom
704,15805,United Kingdom
705,15912,United Kingdom
706,16596,United Kingdom
707,16663,United Kingdom
708,12989,United Kingdom
709,16985,United Kingdom
710,14648,United Kingdom
711,15573,United Kingdom
712,15367,United Kingdom
713,14062,United Kingdom
714,14043,United Kingdom
715,15157,United Kingdom
716,15623,United Kingdom
717,13831,United Kingdom
718,14626,United Kingdom
719,15916,United Kingdom
720,15032,United Kingdom
721,16670,United Kingdom
722,15882,United Kingdom
723,17032,United Kingdom
724,12979,United Arab Emirates
725,15738,United Kingdom
726,17239,United Kingdom
727,17675,United Kingdom
728,16901,United Kingdom
729,12933,United Kingdom
730,14507,United Kingdom
731,17696,United Kingdom
732,18276,United Kingdom
733,14081,United Kingdom
734,17351,United Kingdom
735,16450,United Kingdom
736,17627,United Kingdom
737,14389,United Kingdom
738,14194,United Kingdom
739,16798,United Kingdom
740,17512,United Kingdom
741,13542,United Kingdom
742,16905,United Kingdom
743,15494,United Kingdom
744,14702,United Kingdom
745,17165,United Kingdom
746,16293,United Kingdom
747,15769,United Kingdom
748,18172,United Kingdom
749,18268,United Kingdom
750,14519,United Kingdom
751,14191,United Kingdom
752,13077,United Kingdom
753,17344,United Kingdom
754,14643,United Kingdom
755,14319,United Kingdom
756,12957,United Kingdom
757,14577,United Kingdom
758,17409,United Kingdom
759,16470,United Kingdom
760,16191,United Kingdom
761,16580,United Kingdom
762,16365,United Kingdom
763,13418,United Kingdom
764,12854,United Kingdom
765,15197,United Kingdom
766,13953,United Kingdom
767,16917,United Kingdom
768,17681,United Kingdom
769,17677,United Kingdom
770,13874,United Kingdom
771,17645,United Kingdom
772,16094,United Kingdom
773,16220,United Kingdom
774,17083,United Kingdom
775,14298,United Kingdom
776,16952,United Kingdom
777,18094,United Kingdom
778,14627,United Kingdom
779,14625,United Kingdom
780,13415,United Kingdom
781,13668,United Kingdom
782,16512,United Kingdom
783,14790,United Kingdom
784,17487,United Kingdom
785,17958,United Kingdom
786,17754,United Kingdom
787,15898,United Kingdom
788,14130,United Kingdom
789,17860,United Kingdom
790,12664,Finland
791,14685,United Kingdom
792,16719,United Kingdom
793,16442,United Kingdom
794,13317,United Kingdom
795,15196,United Kingdom
796,15956,United Kingdom
797,15169,United Kingdom
798,15503,United Kingdom
799,13026,United Kingdom
800,15144,United Kingdom
801,12843,United Kingdom
802,14161,United Kingdom
803,17172,United Kingdom
804,16830,United Kingdom
805,16127,United Kingdom
806,17539,United Kingdom
807,15944,United Kingdom
808,17211,United Kingdom
809,14514,United Kingdom
810,17066,United Kingdom
811,15850,United Kingdom
812,17290,United Kingdom
813,13735,United Kingdom
814,12681,France
815,17802,United Kingdom
816,15628,United Kingdom
817,15446,United Kingdom
818,14525,United Kingdom
819,14751,United Kingdom
820,12683,France
821,13087,United Kingdom
822,15562,United Kingdom
823,17819,United Kingdom
824,16409,United Kingdom
825,14466,United Kingdom
826,16725,United Kingdom
827,17799,United Kingdom
828,17910,United Kingdom
829,16551,United Kingdom
830,15577,United Kingdom
831,12439,Cyprus
832,13462,United Kingdom
833,13013,United Kingdom
834,14977,United Kingdom
835,17886,United Kingdom
836,16769,United Kingdom
837,17075,United Kingdom
838,16190,United Kingdom
839,14032,United Kingdom
840,17825,United Kingdom
841,15329,United Kingdom
842,17908,United Kingdom
843,15534,United Kingdom
844,16327,United Kingdom
845,15920,United Kingdom
846,12613,Germany
847,17318,United Kingdom
848,17965,United Kingdom
849,14401,United Kingdom
850,15188,United Kingdom
851,14372,United Kingdom
852,15015,United Kingdom
853,16206,United Kingdom
854,13510,United Kingdom
855,16019,United Kingdom
856,12926,United Kingdom
857,17623,United Kingdom
858,14796,United Kingdom
859,14042,United Kingdom
860,15867,United Kingdom
861,16805,United Kingdom
862,16125,United Kingdom
863,13591,United Kingdom
864,16280,United Kingdom
865,12920,United Kingdom
866,17866,United Kingdom
867,13577,United Kingdom
868,16064,United Kingdom
869,17416,United Kingdom
870,15640,United Kingdom
871,12992,United Kingdom
872,15672,United Kingdom
873,13000,United Kingdom
874,17012,United Kingdom
875,16098,United Kingdom
876,16554,United Kingdom
877,13004,United Kingdom
878,15838,United Kingdom
879,17572,United Kingdom
880,17251,United Kingdom
881,16858,United Kingdom
882,17082,United Kingdom
883,14607,United Kingdom
884,17262,United Kingdom
885,18220,United Kingdom
886,17625,United Kingdom
887,17233,United Kingdom
888,17095,United Kingdom
889,16713,United Kingdom
890,12941,United Kingdom
891,17596,United Kingdom
892,15812,United Kingdom
893,14966,United Kingdom
894,15070,United Kingdom
895,18260,United Kingdom
896,16749,United Kingdom
897,13405,United Kingdom
898,17797,United Kingdom
899,13823,United Kingdom
900,15566,United Kingdom
901,13050,United Kingdom
902,13756,United Kingdom
903,17816,United Kingdom
904,16308,United Kingdom
905,15785,United Kingdom
906,14897,United Kingdom
907,15527,United Kingdom
908,17368,United Kingdom
909,15637,United Kingdom
910,15393,United Kingdom
911,18177,United Kingdom
912,13473,United Kingdom
913,16605,United Kingdom
914,12956,United Kingdom
915,12971,United Kingdom
916,15394,United Kingdom
917,14460,United Kingdom
918,14769,United Kingdom
919,15312,United Kingdom
920,17646,United Kingdom
921,13952,United Kingdom
922,15713,United Kingdom
923,16366,United Kingdom
924,18286,United Kingdom
925,13047,United Kingdom
926,14869,United Kingdom
927,16197,United Kingdom
928,13074,United Kingdom
929,13289,United Kingdom
930,16119,United Kingdom
931,13769,United Kingdom
932,15184,United Kingdom
933,15499,United Kingdom
934,12586,Italy
935,18012,United Kingdom
936,13403,United Kingdom
937,17833,United Kingdom
938,15222,United Kingdom
939,13178,United Kingdom
940,14415,United Kingdom
941,16195,United Kingdom
942,17776,United Kingdom
943,16569,United Kingdom
944,17469,United Kingdom
945,14055,United Kingdom
946,17873,United Kingdom
947,15044,United Kingdom
948,14329,United Kingdom
949,16694,United Kingdom
950,15055,United Kingdom
951,18144,United Kingdom
952,13008,United Kingdom
953,13941,United Kingdom
954,14092,United Kingdom
955,12867,United Kingdom
956,16742,United Kingdom
957,15498,United Kingdom
958,17402,United Kingdom
959,18201,United Kingdom
960,13225,United Kingdom
961,17662,United Kingdom
962,15863,United Kingdom
963,18186,United Kingdom
964,13875,United Kingdom
965,12557,Spain
966,13266,United Kingdom
967,14484,United Kingdom
968,18097,United Kingdom
969,13520,Switzerland
970,15862,United Kingdom
971,14422,United Kingdom
972,18006,United Kingdom
973,14095,United Kingdom
974,16908,United Kingdom
975,13427,United Kingdom
976,17103,United Kingdom
977,13203,United Kingdom
978,16439,United Kingdom
979,15270,United Kingdom
980,16661,United Kingdom
981,17400,United Kingdom
982,12997,United Kingdom
983,17526,United Kingdom
984,13039,United Kingdom
985,15428,United Kingdom
986,13834,United Kingdom
987,15782,United Kingdom
988,16720,United Kingdom
989,14112,United Kingdom
990,15321,United Kingdom
991,16148,United Kingdom
992,15879,United Kingdom
993,17638,United Kingdom
994,12708,Germany
995,12826,United Kingdom
996,16772,United Kingdom
997,17927,United Kingdom
998,14083,United Kingdom
999,14555,United Kingdom
1000,16296,United Kingdom
1001,18036,United Kingdom
1002,13921,United Kingdom
1003,12455,Cyprus
1004,13995,United Kingdom
1005,12422,Australia
1006,16600,United Kingdom
1007,17028,United Kingdom
1008,16222,United Kingdom
1009,15497,United Kingdom
1010,14949,United Kingdom
1011,17324,United Kingdom
1012,15409,United Kingdom
1013,13327,United Kingdom
1014,13781,United Kingdom
1015,16592,United Kingdom
1016,14105,United Kingdom
1017,13847,United Kingdom
1018,15518,United Kingdom
1019,17624,United Kingdom
1020,13871,United Kingdom
1021,12609,Germany
1022,14404,United Kingdom
1023,13111,United Kingdom
1024,16282,United Kingdom
1025,14119,United Kingdom
1026,17182,United Kingdom
1027,14819,United Kingdom
1028,14480,United Kingdom
1029,17888,United Kingdom
1030,15810,United Kingdom
1031,17632,United Kingdom
1032,18251,United Kingdom
1033,12440,Austria
1034,18190,United Kingdom
1035,13082,United Kingdom
1036,15064,United Kingdom
1037,13883,United Kingdom
1038,14477,United Kingdom
1039,14151,United Kingdom
1040,12539,Spain
1041,13287,United Kingdom
1042,13821,United Kingdom
1043,16792,United Kingdom
1044,17807,United Kingdom
1045,14839,United Kingdom
1046,17950,United Kingdom
1047,16875,United Kingdom
1048,13901,United Kingdom
1049,14198,United Kingdom
1050,15521,United Kingdom
1051,18171,United Kingdom
1052,16017,United Kingdom
1053,13253,United Kingdom
1054,13338,United Kingdom
1055,14969,United Kingdom
1056,15865,United Kingdom
1057,13610,United Kingdom
1058,13965,United Kingdom
1059,14954,United Kingdom
1060,14210,United Kingdom
1061,17362,United Kingdom
1062,18008,United Kingdom
1063,17753,United Kingdom
1064,17941,United Kingdom
1065,17404,Sweden
1066,14541,United Kingdom
1067,15266,United Kingdom
1068,16641,United Kingdom
1069,16862,United Kingdom
1070,16888,United Kingdom
1071,15622,United Kingdom
1072,13594,United Kingdom
1073,15874,United Kingdom
1074,15100,United Kingdom
1075,15324,United Kingdom
1076,14465,United Kingdom
1077,15152,United Kingdom
1078,12678,France
1079,13749,United Kingdom
1080,12648,Germany
1081,15586,United Kingdom
1082,14045,United Kingdom
1083,13360,United Kingdom
1084,15827,United Kingdom
1085,13854,United Kingdom
1086,16103,United Kingdom
1087,15607,United Kingdom
1088,16027,United Kingdom
1089,14327,United Kingdom
1090,18170,United Kingdom
1091,14016,EIRE
1092,13044,United Kingdom
1093,14573,United Kingdom
1094,13259,United Kingdom
1095,16109,United Kingdom
1096,16787,United Kingdom
1097,14849,United Kingdom
1098,14532,United Kingdom
1099,17323,United Kingdom
1100,14160,United Kingdom
1101,13762,United Kingdom
1102,18231,United Kingdom
1103,12951,United Kingdom
1104,14091,United Kingdom
1105,13634,United Kingdom
1106,17222,United Kingdom
1107,18242,United Kingdom
1108,17147,United Kingdom
1109,17113,United Kingdom
1110,13709,United Kingdom
1111,17139,United Kingdom
1112,18115,United Kingdom
1113,17529,United Kingdom
1114,12549,USA
1115,12875,United Kingdom
1116,17740,United Kingdom
1117,15549,United Kingdom
1118,14984,United Kingdom
1119,12406,Denmark
1120,17023,United Kingdom
1121,13433,United Kingdom
1122,15186,United Kingdom
1123,12939,United Kingdom
1124,16841,United Kingdom
1125,17945,United Kingdom
1126,15299,United Kingdom
1127,15002,United Kingdom
1128,12623,Germany
1129,13622,United Kingdom
1130,14225,United Kingdom
1131,14241,United Kingdom
1132,17352,United Kingdom
1133,12649,Germany
1134,13696,United Kingdom
1135,14137,United Kingdom
1136,14154,United Kingdom
1137,14826,United Kingdom
1138,16585,United Kingdom
1139,15513,United Kingdom
1140,12647,Germany
1141,17962,United Kingdom
1142,17757,United Kingdom
1143,14146,United Kingdom
1144,13929,United Kingdom
1145,16304,United Kingdom
1146,13152,United Kingdom
1147,18041,United Kingdom
1148,13787,United Kingdom
1149,16414,United Kingdom
1150,14256,United Kingdom
1151,16660,United Kingdom
1152,14423,United Kingdom
1153,18134,United Kingdom
1154,12644,Germany
1155,17496,United Kingdom
1156,15605,United Kingdom
1157,13233,United Kingdom
1158,15046,United Kingdom
1159,13562,United Kingdom
1160,12431,Belgium
1161,15359,United Kingdom
1162,18106,United Kingdom
1163,12789,Netherlands
1164,15771,United Kingdom
1165,16452,United Kingdom
1166,14324,United Kingdom
1167,17871,United Kingdom
1168,12631,Finland
1169,17227,United Kingdom
1170,12860,United Kingdom
1171,17454,United Kingdom
1172,15224,United Kingdom
1173,12813,Netherlands
1174,15489,United Kingdom
1175,14451,United Kingdom
1176,14421,United Kingdom
1177,17801,United Kingdom
1178,16595,United Kingdom
1179,13907,United Kingdom
1180,16510,United Kingdom
1181,14420,United Kingdom
1182,16524,United Kingdom
1183,16166,United Kingdom
1184,16434,United Kingdom
1185,13869,United Kingdom
1186,13616,United Kingdom
1187,17591,United Kingdom
1188,14892,United Kingdom
1189,12877,United Kingdom
1190,14441,United Kingdom
1191,14754,United Kingdom
1192,15747,United Kingdom
1193,15795,United Kingdom
1194,18057,United Kingdom
1195,14461,United Kingdom
1196,14442,Channel Islands
1197,17966,United Kingdom
1198,15164,United Kingdom
1199,17048,United Kingdom
1200,17773,United Kingdom
1201,16954,United Kingdom
1202,15375,United Kingdom
1203,14343,United Kingdom
1204,15697,United Kingdom
1205,16867,United Kingdom
1206,16287,United Kingdom
1207,15198,United Kingdom
1208,13877,United Kingdom
1209,12470,Unspecified
1210,17769,United Kingdom
1211,17706,United Kingdom
1212,12468,Germany
1213,14715,United Kingdom
1214,12589,France
1215,16087,United Kingdom
1216,14472,United Kingdom
1217,13555,United Kingdom
1218,12733,USA
1219,14413,United Kingdom
1220,13315,United Kingdom
1221,17245,United Kingdom
1222,17307,United Kingdom
1223,17963,United Kingdom
1224,14983,United Kingdom
1225,13397,United Kingdom
1226,12987,United Kingdom
1227,13027,United Kingdom
1228,16727,United Kingdom
1229,14556,United Kingdom
1230,14388,United Kingdom
1231,17220,United Kingdom
1232,17356,United Kingdom
1233,17794,United Kingdom
1234,15191,United Kingdom
1235,14649,United Kingdom
1236,14595,United Kingdom
1237,16085,United Kingdom
1238,13982,United Kingdom
1239,17875,United Kingdom
1240,16634,United Kingdom
1241,14207,United Kingdom
1242,15095,United Kingdom
1243,12986,United Kingdom
1244,14431,United Kingdom
1245,14714,United Kingdom
1246,14530,United Kingdom
1247,14320,United Kingdom
1248,15910,United Kingdom
1249,13527,United Kingdom
1250,15885,United Kingdom
1251,14064,United Kingdom
1252,15296,United Kingdom
1253,14439,Greece
1254,13543,United Kingdom
1255,15682,United Kingdom
1256,17320,United Kingdom
1257,15126,United Kingdom
1258,17180,United Kingdom
1259,13413,United Kingdom
1260,13192,United Kingdom
1261,14854,United Kingdom
1262,16229,United Kingdom
1263,14274,United Kingdom
1264,17460,United Kingdom
1265,12531,Germany
1266,13889,United Kingdom
1267,14640,United Kingdom
1268,14837,United Kingdom
1269,17242,United Kingdom
1270,17618,United Kingdom
1271,17335,United Kingdom
1272,17780,United Kingdom
1273,16950,United Kingdom
1274,12916,United Kingdom
1275,13036,United Kingdom
1276,14879,United Kingdom
1277,12703,Germany
1278,13249,United Kingdom
1279,15727,United Kingdom
1280,15711,United Kingdom
1281,14701,United Kingdom
1282,16255,United Kingdom
1283,14070,United Kingdom
1284,17071,United Kingdom
1285,14522,United Kingdom
1286,17141,United Kingdom
1287,13209,United Kingdom
1288,15696,United Kingdom
1289,13729,United Kingdom
1290,14044,United Kingdom
1291,17142,United Kingdom
1292,15434,United Kingdom
1293,15483,United Kingdom
1294,14986,United Kingdom
1295,17584,United Kingdom
1296,14870,United Kingdom
1297,15303,United Kingdom
1298,13488,United Kingdom
1299,17810,United Kingdom
1300,18199,United Kingdom
1301,13477,United Kingdom
1302,16795,United Kingdom
1303,17419,United Kingdom
1304,16004,United Kingdom
1305,14628,United Kingdom
1306,15611,United Kingdom
1307,14376,United Kingdom
1308,12857,United Kingdom
1309,14538,United Kingdom
1310,17218,United Kingdom
1311,13650,United Kingdom
1312,15259,United Kingdom
1313,13971,United Kingdom
1314,15218,United Kingdom
1315,15950,United Kingdom
1316,17353,United Kingdom
1317,17536,United Kingdom
1318,15003,United Kingdom
1319,16481,United Kingdom
1320,13459,United Kingdom
1321,16281,United Kingdom
1322,12905,United Kingdom
1323,12361,Belgium
1324,17059,United Kingdom
1325,15845,United Kingdom
1326,17050,United Kingdom
1327,17726,United Kingdom
1328,13514,United Kingdom
1329,15766,United Kingdom
1330,15959,United Kingdom
1331,15073,United Kingdom
1332,13698,United Kingdom
1333,16051,United Kingdom
1334,14365,United Kingdom
1335,12873,United Kingdom
1336,15695,United Kingdom
1337,15638,United Kingdom
1338,15798,United Kingdom
1339,14551,United Kingdom
1340,12869,United Kingdom
1341,17604,United Kingdom
1342,15389,United Kingdom
1343,16430,United Kingdom
1344,13048,United Kingdom
1345,15797,United Kingdom
1346,16320,Unspecified
1347,13101,United Kingdom
1348,18016,United Kingdom
1349,14167,United Kingdom
1350,14279,United Kingdom
1351,17695,United Kingdom
1352,17982,United Kingdom
1353,14672,United Kingdom
1354,15563,United Kingdom
1355,13820,United Kingdom
1356,14613,United Kingdom
1357,16326,United Kingdom
1358,15544,United Kingdom
1359,16137,United Kingdom
1360,18194,United Kingdom
1361,13615,United Kingdom
1362,16262,United Kingdom
1363,17905,United Kingdom
1364,15861,United Kingdom
1365,15192,United Kingdom
1366,14469,United Kingdom
1367,13851,United Kingdom
1368,15487,United Kingdom
1369,13480,United Kingdom
1370,15251,United Kingdom
1371,12823,United Kingdom
1372,13583,United Kingdom
1373,14249,United Kingdom
1374,16673,United Kingdom
1375,15182,United Kingdom
1376,16390,United Kingdom
1377,14068,United Kingdom
1378,15943,United Kingdom
1379,16923,United Kingdom
1380,15013,United Kingdom
1381,15588,United Kingdom
1382,17137,United Kingdom
1383,14481,United Kingdom
1384,16014,United Kingdom
1385,14820,United Kingdom
1386,15385,United Kingdom
1387,12483,Sweden
1388,13443,United Kingdom
1389,13392,United Kingdom
1390,14306,United Kingdom
1391,13897,United Kingdom
1392,15338,United Kingdom
1393,18212,United Kingdom
1394,16655,United Kingdom
1395,12668,Germany
1396,17107,United Kingdom
1397,17176,United Kingdom
1398,13478,United Kingdom
1399,14637,United Kingdom
1400,15022,United Kingdom
1401,14370,United Kingdom
1402,12810,Japan
1403,14047,United Kingdom
1404,17365,United Kingdom
1405,12800,Portugal
1406,12711,Germany
1407,15416,United Kingdom
1408,13511,United Kingdom
1409,16415,United Kingdom
1410,15512,United Kingdom
1411,14821,United Kingdom
1412,13156,United Kingdom
1413,17361,United Kingdom
1414,13628,United Kingdom
1415,15480,Malta
1416,18064,United Kingdom
1417,17350,United Kingdom
1418,15564,United Kingdom
1419,15803,United Kingdom
1420,13584,United Kingdom
1421,17146,United Kingdom
1422,15279,United Kingdom
1423,18175,United Kingdom
1424,17163,United Kingdom
1425,13975,United Kingdom
1426,16300,United Kingdom
1427,12848,United Kingdom
1428,13538,United Kingdom
1429,17876,United Kingdom
1430,17092,United Kingdom
1431,16067,United Kingdom
1432,12805,Netherlands
1433,13553,United Kingdom
1434,16928,United Kingdom
1435,13757,United Kingdom
1436,17311,United Kingdom
1437,16840,United Kingdom
1438,16081,United Kingdom
1439,14399,United Kingdom
1440,12396,RSA
1441,15448,United Kingdom
1442,18101,United Kingdom
1443,13619,United Kingdom
1444,16834,United Kingdom
1445,17690,United Kingdom
1446,12840,United Kingdom
1447,14545,United Kingdom
1448,15023,United Kingdom
1449,14038,United Kingdom
1450,15591,United Kingdom
1451,14497,United Kingdom
1452,15732,United Kingdom
1453,12373,Austria
1454,16583,United Kingdom
1455,17281,United Kingdom
1456,16383,United Kingdom
1457,16412,United Kingdom
1458,13783,United Kingdom
1459,15167,United Kingdom
1460,17138,United Kingdom
1461,16986,United Kingdom
1462,12500,Germany
1463,17309,United Kingdom
1464,16266,United Kingdom
1465,15365,United Kingdom
1466,17328,United Kingdom
1467,18267,United Kingdom
1468,12853,United Kingdom
1469,13009,United Kingdom
1470,16147,United Kingdom
1471,13658,United Kingdom
1472,16704,United Kingdom
1473,15784,United Kingdom
1474,14682,United Kingdom
1475,15660,United Kingdom
1476,13700,United Kingdom
1477,15580,United Kingdom
1478,15422,United Kingdom
1479,15584,United Kingdom
1480,16788,United Kingdom
1481,16225,United Kingdom
1482,12402,Belgium
1483,14562,United Kingdom
1484,17550,United Kingdom
1485,16082,United Kingdom
1486,16212,United Kingdom
1487,17342,United Kingdom
1488,17504,United Kingdom
1489,14227,United Kingdom
1490,13497,United Kingdom
1491,16161,United Kingdom
1492,13870,United Kingdom
1493,16246,United Kingdom
1494,13417,United Kingdom
1495,13304,United Kingdom
1496,14884,United Kingdom
1497,16078,United Kingdom
1498,15339,United Kingdom
1499,16781,United Kingdom
1500,17514,United Kingdom
1501,17294,United Kingdom
1502,17647,United Kingdom
1503,12524,Germany
1504,12665,Germany
1505,17319,United Kingdom
1506,17774,United Kingdom
1507,15892,United Kingdom
1508,13119,United Kingdom
1509,12370,Austria
1510,13131,United Kingdom
1511,14609,United Kingdom
1512,17577,United Kingdom
1513,15082,United Kingdom
1514,12645,Germany
1515,12621,Germany
1516,16344,United Kingdom
1517,17731,United Kingdom
1518,13976,United Kingdom
1519,13242,United Kingdom
1520,16419,United Kingdom
1521,13985,United Kingdom
1522,16873,United Kingdom
1523,12663,Germany
1524,16530,United Kingdom
1525,13092,United Kingdom
1526,12932,United Kingdom
1527,18058,United Kingdom
1528,15176,United Kingdom
1529,13164,United Kingdom
1530,12776,Portugal
1531,17201,United Kingdom
1532,17575,United Kingdom
1533,12474,Germany
1534,16577,United Kingdom
1535,12670,France
1536,15765,United Kingdom
1537,12567,France
1538,14115,United Kingdom
1539,14072,United Kingdom
1540,16992,United Kingdom
1541,14301,United Kingdom
1542,17685,United Kingdom
1543,14190,United Kingdom
1544,15244,United Kingdom
1545,13288,United Kingdom
1546,13551,United Kingdom
1547,16839,United Kingdom
1548,15807,United Kingdom
1549,16978,United Kingdom
1550,13629,United Kingdom
1551,13291,United Kingdom
1552,16553,United Kingdom
1553,13815,Germany
1554,16895,United Kingdom
1555,15293,United Kingdom
1556,15504,United Kingdom
1557,12695,France
1558,13223,United Kingdom
1559,17226,United Kingdom
1560,17547,United Kingdom
1561,15278,United Kingdom
1562,15288,United Kingdom
1563,12976,United Kingdom
1564,17258,United Kingdom
1565,17955,United Kingdom
1566,17029,United Kingdom
1567,15372,United Kingdom
1568,13446,United Kingdom
1569,16608,United Kingdom
1570,15561,United Kingdom
1571,17108,United Kingdom
1572,15425,United Kingdom
1573,15538,United Kingdom
1574,16136,United Kingdom
1575,13421,United Kingdom
1576,13587,United Kingdom
1577,14970,United Kingdom
1578,15272,United Kingdom
1579,17285,United Kingdom
1580,16838,United Kingdom
1581,15964,United Kingdom
1582,14909,United Kingdom
1583,18179,United Kingdom
1584,14943,United Kingdom
1585,12426,Germany
1586,12391,Cyprus
1587,14282,United Kingdom
1588,12380,Belgium
1589,16330,United Kingdom
1590,17136,United Kingdom
1591,15371,United Kingdom
1592,16544,United Kingdom
1593,16860,United Kingdom
1594,17241,United Kingdom
1595,17442,United Kingdom
1596,17644,United Kingdom
1597,15323,United Kingdom
1598,13802,United Kingdom
1599,14369,United Kingdom
1600,16359,United Kingdom
1601,14989,United Kingdom
1602,16584,United Kingdom
1603,13407,United Kingdom
1604,17171,United Kingdom
1605,14639,United Kingdom
1606,17778,United Kingdom
1607,17789,United Kingdom
1608,15325,United Kingdom
1609,12960,United Kingdom
1610,13503,United Kingdom
1611,12972,United Kingdom
1612,17931,United Kingdom
1613,13842,United Kingdom
1614,16911,United Kingdom
1615,16774,United Kingdom
1616,14944,United Kingdom
1617,13659,United Kingdom
1618,18285,United Kingdom
1619,14244,United Kingdom
1620,17560,United Kingdom
1621,13613,United Kingdom
1622,13115,United Kingdom
1623,14276,United Kingdom
1624,17426,United Kingdom
1625,14584,United Kingdom
1626,16447,United Kingdom
1627,16938,United Kingdom
1628,18218,United Kingdom
1629,14322,United Kingdom
1630,14495,United Kingdom
1631,14890,United Kingdom
1632,13773,United Kingdom
1633,13020,United Kingdom
1634,12993,United Kingdom
1635,13431,United Kingdom
1636,12898,United Kingdom
1637,16170,United Kingdom
1638,13579,United Kingdom
1639,14152,United Kingdom
1640,18178,United Kingdom
1641,17763,United Kingdom
1642,12891,United Kingdom
1643,15693,United Kingdom
1644,17721,United Kingdom
1645,14686,United Kingdom
1646,18153,United Kingdom
1647,14783,United Kingdom
1648,18257,United Kingdom
1649,15306,United Kingdom
1650,16487,United Kingdom
1651,13333,United Kingdom
1652,13957,United Kingdom
1653,16574,United Kingdom
1654,13604,United Kingdom
1655,17145,United Kingdom
1656,13662,United Kingdom
1657,13552,United Kingdom
1658,13191,United Kingdom
1659,18283,United Kingdom
1660,12416,Australia
1661,13761,United Kingdom
1662,14878,United Kingdom
1663,15988,United Kingdom
1664,16693,United Kingdom
1665,15774,United Kingdom
1666,16948,United Kingdom
1667,13980,United Kingdom
1668,17332,United Kingdom
1669,15928,United Kingdom
1670,12945,United Kingdom
1671,14602,United Kingdom
1672,16273,United Kingdom
1673,13163,United Kingdom
1674,13540,United Kingdom
1675,12360,Austria
1676,13434,United Kingdom
1677,12389,Australia
1678,16619,United Kingdom
1679,14997,United Kingdom
1680,17439,United Kingdom
1681,13217,United Kingdom
1682,17195,United Kingdom
1683,17081,United Kingdom
1684,15754,United Kingdom
1685,17259,United Kingdom
1686,15673,United Kingdom
1687,16071,United Kingdom
1688,13340,United Kingdom
1689,17829,United Arab Emirates
1690,13513,United Kingdom
1691,12727,France
1692,17667,United Kingdom
1693,13330,United Kingdom
1694,15493,United Kingdom
1695,16416,United Kingdom
1696,13052,United Kingdom
1697,14726,United Kingdom
1698,15295,United Kingdom
1699,13772,United Kingdom
1700,15241,United Kingdom
1701,13490,United Kingdom
1702,15955,United Kingdom
1703,14681,United Kingdom
1704,15290,United Kingdom
1705,16388,United Kingdom
1706,12482,Sweden
1707,16406,United Kingdom
1708,12998,United Kingdom
1709,12907,United Kingdom
1710,15439,United Kingdom
1711,14284,United Kingdom
1712,12909,United Kingdom
1713,15659,United Kingdom
1714,13765,United Kingdom
1715,15058,United Kingdom
1716,16208,United Kingdom
1717,13944,United Kingdom
1718,14535,United Kingdom
1719,13469,United Kingdom
1720,13104,United Kingdom
1721,17358,United Kingdom
1722,16118,United Kingdom
1723,14006,United Kingdom
1724,16471,United Kingdom
1725,13334,United Kingdom
1726,14740,United Kingdom
1727,18009,United Kingdom
1728,17863,United Kingdom
1729,13771,United Kingdom
1730,13240,United Kingdom
1731,14402,United Kingdom
1732,17200,United Kingdom
1733,13935,United Kingdom
1734,16677,United Kingdom
1735,17534,United Kingdom
1736,13652,United Kingdom
1737,14770,United Kingdom
1738,17207,United Kingdom
1739,17883,United Kingdom
1740,17011,United Kingdom
1741,15366,United Kingdom
1742,16631,United Kingdom
1743,15124,United Kingdom
1744,13598,United Kingdom
1745,14177,United Kingdom
1746,16913,United Kingdom
1747,14459,United Kingdom
1748,16807,United Kingdom
1749,15477,United Kingdom
1750,15569,United Kingdom
1751,15149,United Kingdom
1752,14807,United Kingdom
1753,18046,United Kingdom
1754,17760,United Kingdom
1755,15990,United Kingdom
1756,15664,United Kingdom
1757,16939,United Kingdom
1758,13561,United Kingdom
1759,16283,United Kingdom
1760,17373,United Kingdom
1761,18069,United Kingdom
1762,14798,United Kingdom
1763,12598,France
1764,13010,United Kingdom
1765,15219,United Kingdom
1766,14131,United Kingdom
1767,16511,United Kingdom
1768,16037,United Kingdom
1769,13018,United Kingdom
1770,17305,United Kingdom
1771,16521,United Kingdom
1772,16519,United Kingdom
1773,17359,United Kingdom
1774,16731,United Kingdom
1775,14257,United Kingdom
1776,15603,United Kingdom
1777,17116,United Kingdom
1778,13911,United Kingdom
1779,17330,United Kingdom
1780,12731,France
1781,16946,United Kingdom
1782,17477,United Kingdom
1783,13797,United Kingdom
1784,13126,United Kingdom
1785,14818,United Kingdom
1786,12346,United Kingdom
1787,15927,United Kingdom
1788,16960,United Kingdom
1789,16177,United Kingdom
1790,12809,Portugal
1791,15606,United Kingdom
1792,13593,United Kingdom
1793,16520,United Kingdom
1794,13793,United Kingdom
1795,13663,United Kingdom
1796,16947,United Kingdom
1797,16099,United Kingdom
1798,18148,United Kingdom
1799,17020,United Kingdom
1800,13873,United Kingdom
1801,13294,United Kingdom
1802,12594,Italy
1803,16461,United Kingdom
1804,16636,United Kingdom
1805,13214,United Kingdom
1806,13722,United Kingdom
1807,13595,United Kingdom
1808,14142,United Kingdom
1809,18152,United Kingdom
1810,16285,United Kingdom
1811,14157,United Kingdom
1812,15875,United Kingdom
1813,13835,United Kingdom
1814,13377,United Kingdom
1815,17049,United Kingdom
1816,17930,United Kingdom
1817,15084,United Kingdom
1818,14097,United Kingdom
1819,18151,United Kingdom
1820,13879,United Kingdom
1821,16859,United Kingdom
1822,18272,United Kingdom
1823,17847,United Kingdom
1824,14018,United Kingdom
1825,14426,United Kingdom
1826,13881,United Kingdom
1827,17159,United Kingdom
1828,16096,United Kingdom
1829,15030,United Kingdom
1830,17448,United Kingdom
1831,12371,Switzerland
1832,17718,United Kingdom
1833,12399,Belgium
1834,13280,United Kingdom
1835,12568,Germany
1836,13476,United Kingdom
1837,12497,Germany
1838,18226,United Kingdom
1839,14957,United Kingdom
1840,14186,United Kingdom
1841,13544,United Kingdom
1842,13515,United Kingdom
1843,15094,United Kingdom
1844,17190,United Kingdom
1845,17006,United Kingdom
1846,15630,United Kingdom
1847,15978,United Kingdom
1848,14852,United Kingdom
1849,15929,United Kingdom
1850,14233,United Kingdom
1851,13799,United Kingdom
1852,16331,United Kingdom
1853,14172,United Kingdom
1854,13201,United Kingdom
1855,13508,United Kingdom
1856,16271,United Kingdom
1857,15443,United Kingdom
1858,14205,United Kingdom
1859,14877,United Kingdom
1860,18253,United Kingdom
1861,13764,United Kingdom
1862,17236,United Kingdom
1863,17589,United Kingdom
1864,17734,United Kingdom
1865,13276,United Kingdom
1866,16466,United Kingdom
1867,12530,Germany
1868,15631,United Kingdom
1869,18029,United Kingdom
1870,16984,United Kingdom
1871,16310,United Kingdom
1872,16534,United Kingdom
1873,17158,United Kingdom
1874,12369,Austria
1875,14493,United Kingdom
1876,15847,United Kingdom
1877,17298,United Kingdom
1878,15791,United Kingdom
1879,12765,Netherlands
1880,17682,United Kingdom
1881,12825,United Kingdom
1882,17325,United Kingdom
1883,16754,United Kingdom
1884,13157,United Kingdom
1885,17542,United Kingdom
1886,17857,United Kingdom
1887,12514,Italy
1888,17960,United Kingdom
1889,16628,United Kingdom
1890,17289,United Kingdom
1891,17672,United Kingdom
1892,17025,United Kingdom
1893,16537,United Kingdom
1894,17488,United Kingdom
1895,16681,United Kingdom
1896,13454,United Kingdom
1897,16275,United Kingdom
1898,16568,United Kingdom
1899,18245,United Kingdom
1900,17002,United Kingdom
1901,17661,United Kingdom
1902,17438,United Kingdom
1903,15250,United Kingdom
1904,16182,United Kingdom
1905,17266,United Kingdom
1906,15437,United Kingdom
1907,12495,Sweden
1908,15921,United Kingdom
1909,18039,United Kingdom
1910,17907,United Kingdom
1911,14147,United Kingdom
1912,15722,United Kingdom
1913,13627,United Kingdom
1914,16854,United Kingdom
1915,13283,United Kingdom
1916,16707,United Kingdom
1917,16756,United Kingdom
1918,12542,Spain
1919,14676,United Kingdom
1920,13316,United Kingdom
1921,12638,Sweden
1922,13484,United Kingdom
1923,16846,United Kingdom
1924,17348,United Kingdom
1925,13566,United Kingdom
1926,14924,United Kingdom
1927,14403,United Kingdom
1928,16258,United Kingdom
1929,13305,United Kingdom
1930,15558,United Kingdom
1931,16611,United Kingdom
1932,17338,United Kingdom
1933,14060,United Kingdom
1934,12954,United Kingdom
1935,16387,United Kingdom
1936,13715,United Kingdom
1937,14745,United Kingdom
1938,15221,United Kingdom
1939,15008,United Kingdom
1940,17065,United Kingdom
1941,17228,United Kingdom
1942,17588,United Kingdom
1943,16347,United Kingdom
1944,13795,United Kingdom
1945,14824,United Kingdom
1946,12692,France
1947,15941,United Kingdom
1948,13824,United Kingdom
1949,13724,United Kingdom
1950,13573,United Kingdom
1951,16586,United Kingdom
1952,15994,United Kingdom
1953,13183,United Kingdom
1954,18149,United Kingdom
1955,13688,United Kingdom
1956,15665,United Kingdom
1957,17849,United Kingdom
1958,14857,United Kingdom
1959,14645,United Kingdom
1960,14315,United Kingdom
1961,18135,United Kingdom
1962,15117,United Kingdom
1963,13530,United Kingdom
1964,14534,United Kingdom
1965,16242,United Kingdom
1966,14195,United Kingdom
1967,13600,United Kingdom
1968,15227,United Kingdom
1969,15123,United Kingdom
1970,12366,Cyprus
1971,15946,United Kingdom
1972,14873,United Kingdom
1973,14604,United Kingdom
1974,18063,United Kingdom
1975,14496,United Kingdom
1976,12701,Germany
1977,17478,United Kingdom
1978,14872,United Kingdom
1979,17568,United Kingdom
1980,17479,United Kingdom
1981,16652,United Kingdom
1982,13612,United Kingdom
1983,16777,United Kingdom
1984,13275,United Kingdom
1985,18196,United Kingdom
1986,17933,United Kingdom
1987,13371,United Kingdom
1988,16254,United Kingdom
1989,13406,United Kingdom
1990,15775,United Kingdom
1991,16336,United Kingdom
1992,18131,United Kingdom
1993,16571,United Kingdom
1994,18187,United Kingdom
1995,14427,United Kingdom
1996,16977,United Kingdom
1997,15819,United Kingdom
1998,14651,United Kingdom
1999,15918,United Kingdom
2000,14400,United Kingdom
2001,13057,United Kingdom
2002,16385,United Kingdom
2003,13243,United Kingdom
2004,15496,United Kingdom
2005,16303,United Kingdom
2006,16108,United Kingdom
2007,17349,United Kingdom
2008,13128,United Kingdom
2009,18247,United Kingdom
2010,16668,United Kingdom
2011,16199,United Kingdom
2012,13230,United Kingdom
2013,13150,United Kingdom
2014,17838,United Kingdom
2015,17738,United Kingdom
2016,16716,United Kingdom
2017,16008,United Kingdom
2018,14851,United Kingdom
2019,17673,United Kingdom
2020,13464,United Kingdom
2021,16508,United Kingdom
2022,12418,Switzerland
2023,14316,United Kingdom
2024,12908,United Kingdom
2025,15650,United Kingdom
2026,18085,United Kingdom
2027,17133,United Kingdom
2028,17472,United Kingdom
2029,13466,United Kingdom
2030,17587,United Kingdom
2031,17051,United Kingdom
2032,16039,United Kingdom
2033,16397,United Kingdom
2034,12796,Netherlands
2035,18078,United Kingdom
2036,12368,Cyprus
2037,13451,United Kingdom
2038,12639,Sweden
2039,14928,United Kingdom
2040,17552,United Kingdom
2041,13151,United Kingdom
2042,16132,United Kingdom
2043,13482,United Kingdom
2044,14175,United Kingdom
2045,13357,United Kingdom
2046,14355,United Kingdom
2047,14464,United Kingdom
2048,16441,United Kingdom
2049,17640,United Kingdom
2050,13706,United Kingdom
2051,14596,United Kingdom
2052,15105,United Kingdom
2053,16970,United Kingdom
2054,14166,United Kingdom
2055,16578,United Kingdom
2056,16615,United Kingdom
2057,13445,United Kingdom
2058,14762,United Kingdom
2059,14344,United Kingdom
2060,15869,United Kingdom
2061,13896,United Kingdom
2062,18189,United Kingdom
2063,13252,United Kingdom
2064,16077,United Kingdom
2065,13988,United Kingdom
2066,12742,United Arab Emirates
2067,16002,United Kingdom
2068,14729,United Kingdom
2069,15086,United Kingdom
2070,16444,United Kingdom
2071,14026,United Kingdom
2072,15447,United Kingdom
2073,16741,United Kingdom
2074,17072,United Kingdom
2075,14202,United Kingdom
2076,14947,United Kingdom
2077,15374,United Kingdom
2078,13849,United Kingdom
2079,17001,United Kingdom
2080,16090,United Kingdom
2081,13969,United Kingdom
2082,17301,United Kingdom
2083,13900,United Kingdom
2084,13285,United Kingdom
2085,12870,United Kingdom
2086,15027,United Kingdom
2087,16794,United Kingdom
2088,17484,United Kingdom
2089,12726,France
2090,13187,United Kingdom
2091,13705,United Kingdom
2092,14704,United Kingdom
2093,12791,Netherlands
2094,15698,United Kingdom
2095,14330,United Kingdom
2096,16286,United Kingdom
2097,15789,United Kingdom
2098,18188,United Kingdom
2099,17582,United Kingdom
2100,18166,United Kingdom
2101,14994,United Kingdom
2102,18215,United Kingdom
2103,16493,United Kingdom
2104,16601,United Kingdom
2105,14537,United Kingdom
2106,13117,United Kingdom
2107,14074,United Kingdom
2108,12477,Germany
2109,15249,United Kingdom
2110,14253,United Kingdom
2111,16833,United Kingdom
2112,15552,United Kingdom
2113,15848,United Kingdom
2114,13053,United Kingdom
2115,15289,United Kingdom
2116,17827,United Kingdom
2117,14378,United Kingdom
2118,14805,United Kingdom
2119,16934,United Kingdom
2120,16784,United Kingdom
2121,12910,United Kingdom
2122,15068,United Kingdom
2123,17518,United Kingdom
2124,14101,United Kingdom
2125,15423,United Kingdom
2126,14572,United Kingdom
2127,15570,United Kingdom
2128,17068,United Kingdom
2129,13684,United Kingdom
2130,14078,United Kingdom
2131,15231,United Kingdom
2132,16666,United Kingdom
2133,14583,United Kingdom
2134,14809,United Kingdom
2135,15141,United Kingdom
2136,13113,United Kingdom
2137,15981,United Kingdom
2138,16532,United Kingdom
2139,17994,United Kingdom
2140,16456,United Kingdom
2141,16502,United Kingdom
2142,17046,United Kingdom
2143,12496,Spain
2144,16036,United Kingdom
2145,16176,United Kingdom
2146,13412,United Kingdom
2147,17664,United Kingdom
2148,16455,United Kingdom
2149,17676,United Kingdom
2150,13051,United Kingdom
2151,12990,United Kingdom
2152,12861,United Kingdom
2153,14935,Channel Islands
2154,15029,United Kingdom
2155,15715,United Kingdom
2156,15575,United Kingdom
2157,17586,United Kingdom
2158,17464,United Kingdom
2159,17217,United Kingdom
2160,14235,United Kingdom
2161,15122,United Kingdom
2162,14492,United Kingdom
2163,14882,United Kingdom
2164,15742,United Kingdom
2165,13856,United Kingdom
2166,16658,United Kingdom
2167,13676,United Kingdom
2168,17602,United Kingdom
2169,18025,United Kingdom
2170,15792,United Kingdom
2171,15216,United Kingdom
2172,13803,United Kingdom
2173,18093,United Kingdom
2174,17889,United Kingdom
2175,14706,United Kingdom
2176,13179,United Kingdom
2177,15741,United Kingdom
2178,16133,United Kingdom
2179,13059,United Kingdom
2180,18056,United Kingdom
2181,16845,United Kingdom
2182,15454,United Kingdom
2183,15800,United Kingdom
2184,15125,United Kingdom
2185,16847,United Kingdom
2186,13219,United Kingdom
2187,13361,United Kingdom
2188,14893,United Kingdom
2189,12662,Germany
2190,15689,United Kingdom
2191,16377,United Kingdom
2192,14916,United Kingdom
2193,13582,United Kingdom
2194,18241,United Kingdom
2195,15173,United Kingdom
2196,13196,United Kingdom
2197,14200,United Kingdom
2198,15997,United Kingdom
2199,16130,United Kingdom
2200,14692,United Kingdom
2201,17993,United Kingdom
2202,13750,United Kingdom
2203,14049,United Kingdom
2204,16054,United Kingdom
2205,17669,United Kingdom
2206,14835,United Kingdom
2207,14694,United Kingdom
2208,14489,United Kingdom
2209,18173,United Kingdom
2210,15215,United Kingdom
2211,15770,United Kingdom
2212,14035,United Kingdom
2213,13939,United Kingdom
2214,13710,United Kingdom
2215,16654,United Kingdom
2216,13071,United Kingdom
2217,14825,United Kingdom
2218,14265,Unspecified
2219,13432,United Kingdom
2220,13207,United Kingdom
2221,17563,United Kingdom
2222,15252,United Kingdom
2223,12770,Japan
2224,13632,United Kingdom
2225,16941,United Kingdom
2226,14264,United Kingdom
2227,12643,France
2228,15112,United Kingdom
2229,13723,United Kingdom
2230,15201,United Kingdom
2231,12821,United Kingdom
2232,13640,United Kingdom
2233,16454,United Kingdom
2234,16369,United Kingdom
2235,17497,United Kingdom
2236,14758,United Kingdom
2237,13852,United Kingdom
2238,17553,United Kingdom
2239,14145,United Kingdom
2240,14855,United Kingdom
2241,16053,United Kingdom
2242,13712,United Kingdom
2243,14918,United Kingdom
2244,14813,United Kingdom
2245,13278,United Kingdom
2246,14450,United Kingdom
2247,14533,United Kingdom
2248,15613,United Kingdom
2249,17746,United Kingdom
2250,17110,United Kingdom
2251,17805,United Kingdom
2252,15062,United Kingdom
2253,15129,United Kingdom
2254,13197,United Kingdom
2255,16040,United Kingdom
2256,18246,United Kingdom
2257,16341,United Kingdom
2258,16944,United Kingdom
2259,12786,Netherlands
2260,13080,United Kingdom
2261,15331,United Kingdom
2262,17609,United Kingdom
2263,16276,United Kingdom
2264,14275,United Kingdom
2265,16814,United Kingdom
2266,12481,Germany
2267,17608,United Kingdom
2268,13180,United Kingdom
2269,14011,United Kingdom
2270,16372,United Kingdom
2271,17221,United Kingdom
2272,15067,United Kingdom
2273,14430,United Kingdom
2274,12935,United Kingdom
2275,12590,Germany
2276,15524,United Kingdom
2277,15590,United Kingdom
2278,14791,United Kingdom
2279,14114,United Kingdom
2280,14930,Channel Islands
2281,15546,United Kingdom
2282,14844,United Kingdom
2283,12982,United Kingdom
2284,12671,Germany
2285,14853,United Kingdom
2286,14914,United Kingdom
2287,12943,United Kingdom
2288,15268,United Kingdom
2289,15639,United Kingdom
2290,12459,Spain
2291,16809,United Kingdom
2292,15982,United Kingdom
2293,14998,United Kingdom
2294,17505,United Kingdom
2295,16259,United Kingdom
2296,15890,United Kingdom
2297,17594,United Kingdom
2298,14624,United Kingdom
2299,17039,United Kingdom
2300,16105,United Kingdom
2301,16292,United Kingdom
2302,13878,United Kingdom
2303,15572,United Kingdom
2304,13388,United Kingdom
2305,14569,United Kingdom
2306,14656,United Kingdom
2307,18174,United Kingdom
2308,13647,United Kingdom
2309,18236,United Kingdom
2310,17678,United Kingdom
2311,15814,United Kingdom
2312,17709,United Kingdom
2313,13661,United Kingdom
2314,16174,United Kingdom
2315,13015,United Kingdom
2316,13450,United Kingdom
2317,13734,United Kingdom
2318,18262,United Kingdom
2319,12778,Netherlands
2320,12395,Belgium
2321,12969,United Kingdom
2322,15979,United Kingdom
2323,17626,United Kingdom
2324,14988,United Kingdom
2325,17842,United Kingdom
2326,14623,United Kingdom
2327,13262,United Kingdom
2328,17346,United Kingdom
2329,14395,United Kingdom
2330,17256,United Kingdom
2331,15972,United Kingdom
2332,17041,United Kingdom
2333,16921,United Kingdom
2334,13286,United Kingdom
2335,14506,United Kingdom
2336,15410,United Kingdom
2337,17540,United Kingdom
2338,14845,United Kingdom
2339,17474,United Kingdom
2340,13145,United Kingdom
2341,15273,United Kingdom
2342,15451,United Kingdom
2343,18095,United Kingdom
2344,12516,Germany
2345,16548,United Kingdom
2346,12780,Netherlands
2347,14926,United Kingdom
2348,14611,United Kingdom
2349,15970,United Kingdom
2350,16864,United Kingdom
2351,14812,United Kingdom
2352,12983,United Kingdom
2353,17622,United Kingdom
2354,17185,United Kingdom
2355,15886,United Kingdom
2356,18062,United Kingdom
2357,16256,United Kingdom
2358,16472,United Kingdom
2359,16231,United Kingdom
2360,12588,Finland
2361,15455,United Kingdom
2362,13461,United Kingdom
2363,13963,United Kingdom
2364,13308,United Kingdom
2365,14917,United Kingdom
2366,12504,Germany
2367,13625,United Kingdom
2368,12625,Germany
2369,13346,United Kingdom
2370,16743,United Kingdom
2371,15651,United Kingdom
2372,16279,United Kingdom
2373,14655,United Kingdom
2374,17729,United Kingdom
2375,14182,United Kingdom
2376,17240,United Kingdom
2377,14788,United Kingdom
2378,17057,United Kingdom
2379,12672,France
2380,15474,United Kingdom
2381,17181,United Kingdom
2382,16028,United Kingdom
2383,15548,United Kingdom
2384,13656,United Kingdom
2385,15042,United Kingdom
2386,15245,United Kingdom
2387,16538,United Kingdom
2388,16868,United Kingdom
2389,15600,United Kingdom
2390,12844,United Kingdom
2391,16068,United Kingdom
2392,13863,United Kingdom
2393,13760,United Kingdom
2394,18091,United Kingdom
2395,13609,United Kingdom
2396,14677,United Kingdom
2397,12838,United Kingdom
2398,17093,United Kingdom
2399,14743,United Kingdom
2400,14773,United Kingdom
2401,12925,United Kingdom
2402,15717,United Kingdom
2403,14999,United Kingdom
2404,14665,United Kingdom
2405,14021,United Kingdom
2406,17715,United Kingdom
2407,15384,United Kingdom
2408,14563,United Kingdom
2409,15111,United Kingdom
2410,13307,United Kingdom
2411,14552,United Kingdom
2412,16623,United Kingdom
2413,17959,United Kingdom
2414,13012,United Kingdom
2415,13655,United Kingdom
2416,13064,United Kingdom
2417,16088,United Kingdom
2418,13281,United Kingdom
2419,16543,United Kingdom
2420,16117,United Kingdom
2421,15402,United Kingdom
2422,17991,United Kingdom
2423,16354,United Kingdom
2424,12849,United Kingdom
2425,12392,Australia
2426,16408,United Kingdom
2427,16267,United Kingdom
2428,12744,Singapore
2429,14912,Italy
2430,16138,United Kingdom
2431,14237,United Kingdom
2432,14978,United Kingdom
2433,17635,United Kingdom
2434,17491,United Kingdom
2435,13539,United Kingdom
2436,13775,United Kingdom
2437,18273,United Kingdom
2438,18049,United Kingdom
2439,14724,United Kingdom
2440,12876,Belgium
2441,16384,United Kingdom
2442,12717,Greece
2443,17605,United Kingdom
2444,16648,United Kingdom
2445,15445,United Kingdom
2446,15101,United Kingdom
2447,13238,United Kingdom
2448,12698,Germany
2449,16767,United Kingdom
2450,13041,United Kingdom
2451,17730,United Kingdom
2452,18111,United Kingdom
2453,17771,United Kingdom
2454,15954,United Kingdom
2455,16332,United Kingdom
2456,12863,United Kingdom
2457,16607,United Kingdom
2458,15180,United Kingdom
2459,18141,United Kingdom
2460,12377,Switzerland
2461,17463,United Kingdom
2462,15709,United Kingdom
2463,16827,United Kingdom
2464,12915,United Kingdom
2465,17021,United Kingdom
2466,14650,United Kingdom
2467,12806,Netherlands
2468,17005,United Kingdom
2469,15818,United Kingdom
2470,14201,United Kingdom
2471,16374,United Kingdom
2472,12374,Austria
2473,14683,United Kingdom
2474,15253,United Kingdom
2475,15418,United Kingdom
2476,16651,United Kingdom
2477,17565,United Kingdom
2478,15373,United Kingdom
2479,15229,United Kingdom
2480,15426,United Kingdom
2481,13465,United Kingdom
2482,17555,United Kingdom
2483,12507,Spain
2484,14634,United Kingdom
2485,16317,United Kingdom
2486,15183,United Kingdom
2487,13143,United Kingdom
2488,16145,United Kingdom
2489,12725,Italy
2490,12503,Spain
2491,18163,United Kingdom
2492,14962,United Kingdom
2493,15391,United Kingdom
2494,16526,United Kingdom
2495,15396,United Kingdom
2496,16135,United Kingdom
2497,14025,United Kingdom
2498,17759,United Kingdom
2499,14437,United Kingdom
2500,14936,Channel Islands
2501,15488,United Kingdom
2502,13512,United Kingdom
2503,18028,United Kingdom
2504,15868,United Kingdom
2505,15097,United Kingdom
2506,15381,United Kingdom
2507,15704,United Kingdom
2508,17597,United Kingdom
2509,12958,United Kingdom
2510,13713,United Kingdom
2511,13400,United Kingdom
2512,16844,United Kingdom
2513,12388,Australia
2514,13102,United Kingdom
2515,17199,United Kingdom
2516,14272,United Kingdom
2517,13024,United Kingdom
2518,13891,United Kingdom
2519,16890,United Kingdom
2520,13342,United Kingdom
2521,13974,United Kingdom
2522,17225,United Kingdom
2523,17798,United Kingdom
2524,13830,United Kingdom
2525,14814,United Kingdom
2526,18254,United Kingdom
2527,17031,United Kingdom
2528,17808,United Kingdom
2529,16632,United Kingdom
2530,13007,United Kingdom
2531,13838,United Kingdom
2532,14474,United Kingdom
2533,17926,United Kingdom
2534,14678,United Kingdom
2535,13425,United Kingdom
2536,17292,United Kingdom
2537,14129,United Kingdom
2538,17135,United Kingdom
2539,16092,United Kingdom
2540,15661,United Kingdom
2541,17720,United Kingdom
2542,17003,United Kingdom
2543,14941,United Kingdom
2544,14361,United Kingdom
2545,17169,United Kingdom
2546,17482,United Kingdom
2547,17579,United Kingdom
2548,14588,United Kingdom
2549,16614,United Kingdom
2550,17077,United Kingdom
2551,12675,Italy
2552,16323,United Kingdom
2553,16737,United Kingdom
2554,12582,Finland
2555,17545,United Kingdom
2556,12599,France
2557,18281,United Kingdom
2558,13695,United Kingdom
2559,13943,United Kingdom
2560,17321,United Kingdom
2561,15034,United Kingdom
2562,13222,United Kingdom
2563,13296,United Kingdom
2564,16307,United Kingdom
2565,13103,United Kingdom
2566,14014,United Kingdom
2567,13295,United Kingdom
2568,14391,United Kingdom
2569,17705,United Kingdom
2570,14707,United Kingdom
2571,12580,Germany
2572,15012,United Kingdom
2573,16898,United Kingdom
2574,17016,United Kingdom
2575,17845,United Kingdom
2576,13998,United Kingdom
2577,12494,France
2578,16993,United Kingdom
2579,15405,United Kingdom
2580,17897,United Kingdom
2581,15470,United Kingdom
2582,15199,United Kingdom
2583,14039,United Kingdom
2584,13892,United Kingdom
2585,13220,United Kingdom
2586,18197,United Kingdom
2587,13888,United Kingdom
2588,15597,United Kingdom
2589,16906,United Kingdom
2590,15210,United Kingdom
2591,12894,United Kingdom
2592,12923,United Kingdom
2593,15478,United Kingdom
2594,12880,United Kingdom
2595,16115,United Kingdom
2596,16836,United Kingdom
2597,15723,United Kingdom
2598,16588,United Kingdom
2599,14296,United Kingdom
2600,13300,United Kingdom
2601,12745,United Kingdom
2602,16922,United Kingdom
2603,18258,United Kingdom
2604,17123,United Kingdom
2605,16507,United Kingdom
2606,14982,United Kingdom
2607,18157,United Kingdom
2608,16932,United Kingdom
2609,15280,United Kingdom
2610,13857,United Kingdom
2611,13719,United Kingdom
2612,14017,United Kingdom
2613,17928,United Kingdom
2614,13605,United Kingdom
2615,17617,United Kingdom
2616,14304,United Kingdom
2617,16884,United Kingdom
2618,15071,United Kingdom
2619,13501,Switzerland
2620,14744,United Kingdom
2621,13541,United Kingdom
2622,15282,United Kingdom
2623,16835,United Kingdom
2624,14325,United Kingdom
2625,17413,United Kingdom
2626,17382,United Kingdom
2627,15636,United Kingdom
2628,14283,United Kingdom
2629,17490,United Kingdom
2630,16059,United Kingdom
2631,14598,United Kingdom
2632,14220,United Kingdom
2633,16915,United Kingdom
2634,16564,United Kingdom
2635,12837,United Kingdom
2636,16664,United Kingdom
2637,14334,United Kingdom
2638,15777,United Kingdom
2639,15401,United Kingdom
2640,17758,United Kingdom
2641,15025,United Kingdom
2642,14850,United Kingdom
2643,15559,United Kingdom
2644,13213,United Kingdom
2645,16604,United Kingdom
2646,15826,United Kingdom
2647,14513,United Kingdom
2648,14671,United Kingdom
2649,14311,United Kingdom
2650,12355,Bahrain
2651,18011,United Kingdom
2652,14409,United Kingdom
2653,17898,United Kingdom
2654,16889,United Kingdom
2655,16121,United Kingdom
2656,12974,United Kingdom
2657,16290,United Kingdom
2658,18208,United Kingdom
2659,14010,United Kingdom
2660,17785,United Kingdom
2661,13778,United Kingdom
2662,17278,United Kingdom
2663,12409,Switzerland
2664,14920,United Kingdom
2665,18060,United Kingdom
2666,12632,Germany
2667,16831,United Kingdom
2668,14394,United Kingdom
2669,16974,United Kingdom
2670,13402,United Kingdom
2671,16185,United Kingdom
2672,18052,United Kingdom
2673,14168,United Kingdom
2674,14847,United Kingdom
2675,15681,United Kingdom
2676,17205,United Kingdom
2677,16075,United Kingdom
2678,12773,Portugal
2679,18000,United Kingdom
2680,12802,Netherlands
2681,13324,United Kingdom
2682,16175,United Kingdom
2683,13989,United Kingdom
2684,14993,United Kingdom
2685,15217,United Kingdom
2686,16328,United Kingdom
2687,17862,United Kingdom
2688,17694,United Kingdom
2689,12656,France
2690,17327,United Kingdom
2691,17179,United Kingdom
2692,15900,United Kingdom
2693,17074,United Kingdom
2694,14181,United Kingdom
2695,16715,United Kingdom
2696,16153,United Kingdom
2697,16046,United Kingdom
2698,14938,Channel Islands
2699,12378,Switzerland
2700,13880,United Kingdom
2701,16458,United Kingdom
2702,13920,United Kingdom
2703,13169,United Kingdom
2704,17499,United Kingdom
2705,15340,United Kingdom
2706,16234,United Kingdom
2707,16392,United Kingdom
2708,16391,United Kingdom
2709,15256,United Kingdom
2710,17699,United Kingdom
2711,16695,United Kingdom
2712,14069,United Kingdom
2713,16101,United Kingdom
2714,14876,United Kingdom
2715,16691,United Kingdom
2716,15985,United Kingdom
2717,16218,United Kingdom
2718,15341,United Kingdom
2719,15400,United Kingdom
2720,13602,United Kingdom
2721,17741,United Kingdom
2722,17822,United Kingdom
2723,12619,Germany
2724,17583,United Kingdom
2725,16035,United Kingdom
2726,12499,Germany
2727,18044,United Kingdom
2728,14104,United Kingdom
2729,15938,United Kingdom
2730,16518,United Kingdom
2731,15135,United Kingdom
2732,15980,United Kingdom
2733,15670,United Kingdom
2734,18038,United Kingdom
2735,17745,United Kingdom
2736,13472,United Kingdom
2737,15246,United Kingdom
2738,15887,United Kingdom
2739,15714,United Kingdom
2740,16565,United Kingdom
2741,16401,United Kingdom
2742,15305,United Kingdom
2743,17096,United Kingdom
2744,14033,United Kingdom
2745,16896,United Kingdom
2746,14859,United Kingdom
2747,15502,United Kingdom
2748,12874,Belgium
2749,17216,United Kingdom
2750,13031,United Kingdom
2751,17683,United Kingdom
2752,18214,United Kingdom
2753,15731,United Kingdom
2754,14486,United Kingdom
2755,14436,United Kingdom
2756,14902,United Kingdom
2757,18206,United Kingdom
2758,17235,United Kingdom
2759,14687,United Kingdom
2760,14766,United Kingdom
2761,18234,United Kingdom
2762,16356,United Kingdom
2763,12911,United Kingdom
2764,18112,United Kingdom
2765,13109,United Kingdom
2766,14208,United Kingdom
2767,17915,United Kingdom
2768,16340,United Kingdom
2769,13614,United Kingdom
2770,18137,United Kingdom
2771,15976,United Kingdom
2772,14128,United Kingdom
2773,13056,United Kingdom
2774,14247,United Kingdom
2775,14734,United Kingdom
2776,17009,United Kingdom
2777,14309,United Kingdom
2778,15958,United Kingdom
2779,17987,United Kingdom
2780,14028,United Kingdom
2781,15471,United Kingdom
2782,14515,United Kingdom
2783,16382,United Kingdom
2784,13699,United Kingdom
2785,17515,United Kingdom
2786,14786,United Kingdom
2787,16232,United Kingdom
2788,18100,United Kingdom
2789,15872,United Kingdom
2790,12829,United Kingdom
2791,15551,United Kingdom
2792,17040,United Kingdom
2793,17101,United Kingdom
2794,15720,United Kingdom
2795,14498,United Kingdom
2796,17784,United Kingdom
2797,13997,United Kingdom
2798,12928,United Kingdom
2799,16048,United Kingdom
2800,17543,United Kingdom
2801,18103,United Kingdom
2802,17440,United Kingdom
2803,15532,United Kingdom
2804,16072,United Kingdom
2805,17713,United Kingdom
2806,14616,United Kingdom
2807,17417,United Kingdom
2808,13502,United Kingdom
2809,14260,United Kingdom
2810,15352,United Kingdom
2811,17282,United Kingdom
2812,17381,United Kingdom
2813,16453,United Kingdom
2814,14230,United Kingdom
2815,14615,United Kingdom
2816,17971,United Kingdom
2817,14180,United Kingdom
2818,12634,USA
2819,17204,United Kingdom
2820,13065,United Kingdom
2821,17869,United Kingdom
2822,15757,United Kingdom
2823,15734,United Kingdom
2824,15207,United Kingdom
2825,16679,United Kingdom
2826,13438,United Kingdom
2827,14618,United Kingdom
2828,15102,United Kingdom
2829,17996,United Kingdom
2830,17691,United Kingdom
2831,16209,United Kingdom
2832,16499,United Kingdom
2833,17902,United Kingdom
2834,14228,United Kingdom
2835,13794,United Kingdom
2836,16547,United Kingdom
2837,14727,United Kingdom
2838,13337,United Kingdom
2839,12429,Denmark
2840,18022,United Kingdom
2841,17749,United Kingdom
2842,13601,United Kingdom
2843,13745,United Kingdom
2844,16021,United Kingdom
2845,17790,United Kingdom
2846,14224,United Kingdom
2847,17923,United Kingdom
2848,14581,United Kingdom
2849,16647,United Kingdom
2850,16622,United Kingdom
2851,13383,United Kingdom
2852,13559,United Kingdom
2853,16625,United Kingdom
2854,12897,United Kingdom
2855,15150,United Kingdom
2856,18020,United Kingdom
2857,15901,United Kingdom
2858,15016,United Kingdom
2859,16007,United Kingdom
2860,15361,United Kingdom
2861,15817,United Kingdom
2862,12637,France
2863,13069,United Kingdom
2864,16500,United Kingdom
2865,15905,United Kingdom
2866,17922,United Kingdom
2867,14139,United Kingdom
2868,16001,United Kingdom
2869,16205,United Kingdom
2870,13297,United Kingdom
2871,17571,United Kingdom
2872,15816,United Kingdom
2873,13168,United Kingdom
2874,15625,United Kingdom
2875,15926,United Kingdom
2876,18042,United Kingdom
2877,15040,United Kingdom
2878,17952,United Kingdom
2879,13567,United Kingdom
2880,13586,United Kingdom
2881,14374,United Kingdom
2882,15432,United Kingdom
2883,14375,United Kingdom
2884,14619,United Kingdom
2885,17401,United Kingdom
2886,16492,United Kingdom
2887,13919,Denmark
2888,16134,United Kingdom
2889,17098,United Kingdom
2890,17692,United Kingdom
2891,16515,United Kingdom
2892,13608,United Kingdom
2893,14508,United Kingdom
2894,16925,United Kingdom
2895,17953,United Kingdom
2896,15718,United Kingdom
2897,17341,United Kingdom
2898,13277,United Kingdom
2899,16155,United Kingdom
2900,14919,United Kingdom
2901,12412,Denmark
2902,14840,United Kingdom
2903,16486,United Kingdom
2904,18128,United Kingdom
2905,15247,United Kingdom
2906,16739,United Kingdom
2907,15786,United Kingdom
2908,12469,Thailand
2909,14338,United Kingdom
2910,13707,United Kingdom
2911,16815,United Kingdom
2912,16062,United Kingdom
2913,16315,United Kingdom
2914,16503,United Kingdom
2915,17192,United Kingdom
2916,15081,United Kingdom
2917,12774,Netherlands
2918,16227,United Kingdom
2919,12724,France
2920,16894,United Kingdom
2921,15809,United Kingdom
2922,14874,United Kingdom
2923,14793,United Kingdom
2924,16680,United Kingdom
2925,17422,United Kingdom
2926,12792,Portugal
2927,17380,United Kingdom
2928,14725,United Kingdom
2929,17310,United Kingdom
2930,13942,United Kingdom
2931,12379,Belgium
2932,16825,United Kingdom
2933,16180,United Kingdom
2934,14509,United Kingdom
2935,15248,United Kingdom
2936,15991,United Kingdom
2937,17304,United Kingdom
2938,15913,United Kingdom
2939,17686,United Kingdom
2940,14566,Channel Islands
2941,16683,United Kingdom
2942,15043,United Kingdom
2943,12741,USA
2944,17099,United Kingdom
2945,15629,United Kingdom
2946,14326,United Kingdom
2947,15824,United Kingdom
2948,16539,United Kingdom
2949,15779,United Kingdom
2950,14058,United Kingdom
2951,13861,United Kingdom
2952,14199,United Kingdom
2953,17194,United Kingdom
2954,16529,United Kingdom
2955,15264,United Kingdom
2956,17812,United Kingdom
2957,16733,United Kingdom
2958,17437,United Kingdom
2959,16012,United Kingdom
2960,13129,United Kingdom
2961,17578,United Kingdom
2962,13123,United Kingdom
2963,12451,Switzerland
2964,12784,Portugal
2965,17326,United Kingdom
2966,12485,Sweden
2967,14020,United Kingdom
2968,13859,United Kingdom
2969,12527,Germany
2970,12799,Japan
2971,13023,United Kingdom
2972,13299,United Kingdom
2973,14774,United Kingdom
2974,12788,Netherlands
2975,12529,France
2976,13620,United Kingdom
2977,15430,United Kingdom
2978,12415,Australia
2979,15842,United Kingdom
2980,13752,United Kingdom
2981,13739,United Kingdom
2982,14398,United Kingdom
2983,17666,United Kingdom
2984,18053,United Kingdom
2985,14217,United Kingdom
2986,15486,United Kingdom
2987,17748,United Kingdom
2988,13814,Germany
2989,13649,United Kingdom
2990,12575,France
2991,12653,Israel
2992,15852,United Kingdom
2993,15888,United Kingdom
2994,18109,United Kingdom
2995,17651,United Kingdom
2996,13302,United Kingdom
2997,15851,United Kingdom
2998,16926,United Kingdom
2999,12576,Poland
3000,13292,United Kingdom
3001,13439,United Kingdom
3002,17187,United Kingdom
3003,18217,United Kingdom
3004,17080,United Kingdom
3005,16907,United Kingdom
3006,14693,United Kingdom
3007,18230,United Kingdom
3008,12633,Germany
3009,14699,United Kingdom
3010,14963,United Kingdom
3011,13246,United Kingdom
3012,14366,United Kingdom
3013,13125,United Kingdom
3014,14647,United Kingdom
3015,16032,United Kingdom
3016,13029,United Kingdom
3017,17376,United Kingdom
3018,15627,United Kingdom
3019,15678,United Kingdom
3020,16110,United Kingdom
3021,15969,United Kingdom
3022,12953,United Kingdom
3023,12693,Germany
3024,15076,United Kingdom
3025,14900,United Kingdom
3026,16576,United Kingdom
3027,17901,United Kingdom
3028,12403,Denmark
3029,12730,Germany
3030,14452,United Kingdom
3031,12749,United Kingdom
3032,13909,United Kingdom
3033,16443,United Kingdom
3034,15133,United Kingdom
3035,17129,United Kingdom
3036,13534,United Kingdom
3037,16649,United Kingdom
3038,15056,United Kingdom
3039,13677,United Kingdom
3040,15127,United Kingdom
3041,12782,Portugal
3042,12592,Germany
3043,16650,United Kingdom
3044,12963,United Kingdom
3045,18279,United Kingdom
3046,12841,United Kingdom
3047,13399,United Kingdom
3048,17492,United Kingdom
3049,14580,United Kingdom
3050,15283,United Kingdom
3051,16049,United Kingdom
3052,14516,United Kingdom
3053,13779,United Kingdom
3054,18238,United Kingdom
3055,17143,United Kingdom
3056,14248,United Kingdom
3057,16469,United Kingdom
3058,13428,United Kingdom
3059,16435,United Kingdom
3060,17408,United Kingdom
3061,14610,United Kingdom
3062,17714,United Kingdom
3063,18123,United Kingdom
3064,17034,United Kingdom
3065,15332,Lithuania
3066,18096,United Kingdom
3067,16172,United Kingdom
3068,14007,United Kingdom
3069,15530,United Kingdom
3070,17559,United Kingdom
3071,17783,United Kingdom
3072,13255,United Kingdom
3073,14084,United Kingdom
3074,16251,United Kingdom
3075,17968,United Kingdom
3076,18021,United Kingdom
3077,15908,United Kingdom
3078,17921,United Kingdom
3079,15452,United Kingdom
3080,13959,United Kingdom
3081,17680,United Kingdom
3082,12977,United Kingdom
3083,17541,United Kingdom
3084,17261,United Kingdom
3085,14553,United Kingdom
3086,15151,United Kingdom
3087,17339,United Kingdom
3088,15189,United Kingdom
3089,16496,United Kingdom
3090,14674,United Kingdom
3091,16089,United Kingdom
3092,14599,United Kingdom
3093,12696,Finland
3094,16861,United Kingdom
3095,15788,United Kingdom
3096,17395,United Kingdom
3097,17090,United Kingdom
3098,17470,United Kingdom
3099,12864,United Kingdom
3100,14922,United Kingdom
3101,13509,United Kingdom
3102,16129,United Kingdom
3103,15617,United Kingdom
3104,12480,Germany
3105,14797,United Kingdom
3106,12720,Germany
3107,13913,United Kingdom
3108,13444,United Kingdom
3109,18074,United Kingdom
3110,14858,United Kingdom
3111,16975,United Kingdom
3112,17643,United Kingdom
3113,16555,United Kingdom
3114,12421,Spain
3115,16165,United Kingdom
3116,17918,United Kingdom
3117,14236,United Kingdom
3118,17177,United Kingdom
3119,13788,United Kingdom
3120,18026,United Kingdom
3121,12595,Germany
3122,16203,United Kingdom
3123,13665,United Kingdom
3124,14312,United Kingdom
3125,18132,United Kingdom
3126,18244,United Kingdom
3127,17112,United Kingdom
3128,12866,Belgium
3129,15431,United Kingdom
3130,12410,Switzerland
3131,13239,United Kingdom
3132,13250,United Kingdom
3133,12889,United Kingdom
3134,13137,United Kingdom
3135,15378,United Kingdom
3136,12476,Germany
3137,15080,United Kingdom
3138,17494,United Kingdom
3139,14435,United Kingdom
3140,17224,United Kingdom
3141,15142,United Kingdom
3142,12801,Sweden
3143,14384,United Kingdom
3144,16219,United Kingdom
3145,15873,United Kingdom
3146,13384,United Kingdom
3147,13161,United Kingdom
3148,15284,United Kingdom
3149,12804,Netherlands
3150,12547,Spain
3151,13435,United Kingdom
3152,17122,United Kingdom
3153,15228,United Kingdom
3154,14463,United Kingdom
3155,15596,United Kingdom
3156,18207,United Kingdom
3157,13796,United Kingdom
3158,16278,United Kingdom
3159,16937,United Kingdom
3160,18264,United Kingdom
3161,14833,United Kingdom
3162,14901,United Kingdom
3163,18075,United Kingdom
3164,17168,United Kingdom
3165,16045,United Kingdom
3166,12408,Belgium
3167,15021,United Kingdom
3168,14346,United Kingdom
3169,16428,United Kingdom
3170,17109,United Kingdom
3171,17735,United Kingdom
3172,15459,United Kingdom
3173,14455,United Kingdom
3174,13766,United Kingdom
3175,13474,United Kingdom
3176,12862,United Kingdom
3177,13617,United Kingdom
3178,15666,United Kingdom
3179,15200,United Kingdom
3180,18277,United Kingdom
3181,13090,United Kingdom
3182,16060,United Kingdom
3183,16440,United Kingdom
3184,14001,United Kingdom
3185,18048,United Kingdom
3186,17665,United Kingdom
3187,16880,United Kingdom
3188,16316,United Kingdom
3189,14219,United Kingdom
3190,15363,United Kingdom
3191,16417,United Kingdom
3192,15387,United Kingdom
3193,16334,United Kingdom
3194,15587,United Kingdom
3195,13084,United Kingdom
3196,13155,United Kingdom
3197,17156,United Kingdom
3198,18079,United Kingdom
3199,15271,United Kingdom
3200,14521,United Kingdom
3201,13135,United Kingdom
3202,13140,United Kingdom
3203,18154,United Kingdom
3204,17975,United Kingdom
3205,16196,United Kingdom
3206,17132,United Kingdom
3207,14575,United Kingdom
3208,17393,United Kingdom
3209,15262,United Kingdom
3210,13653,United Kingdom
3211,17732,United Kingdom
3212,12458,Switzerland
3213,15595,United Kingdom
3214,14631,United Kingdom
3215,14794,United Kingdom
3216,17212,United Kingdom
3217,14022,United Kingdom
3218,14053,United Kingdom
3219,13045,United Kingdom
3220,14722,United Kingdom
3221,16221,United Kingdom
3222,13839,United Kingdom
3223,14144,United Kingdom
3224,14913,United Kingdom
3225,13717,United Kingdom
3226,15837,United Kingdom
3227,12771,Portugal
3228,14700,United Kingdom
3229,14822,United Kingdom
3230,17615,United Kingdom
3231,14736,United Kingdom
3232,15110,United Kingdom
3233,16033,United Kingdom
3234,15652,United Kingdom
3235,16477,United Kingdom
3236,14630,United Kingdom
3237,18227,United Kingdom
3238,12959,United Kingdom
3239,17639,United Kingdom
3240,14550,United Kingdom
3241,12676,Sweden
3242,14153,United Kingdom
3243,16345,United Kingdom
3244,17300,United Kingdom
3245,15893,United Kingdom
3246,16043,United Kingdom
3247,17248,United Kingdom
3248,16468,United Kingdom
3249,14996,United Kingdom
3250,14183,United Kingdom
3251,17299,United Kingdom
3252,15050,United Kingdom
3253,12687,Sweden
3254,13063,United Kingdom
3255,14379,United Kingdom
3256,13945,United Kingdom
3257,14531,United Kingdom
3258,17430,United Kingdom
3259,14749,United Kingdom
3260,17513,United Kingdom
3261,15072,United Kingdom
3262,13320,United Kingdom
3263,15310,United Kingdom
3264,17792,United Kingdom
3265,16675,United Kingdom
3266,16638,United Kingdom
3267,15764,United Kingdom
3268,17585,United Kingdom
3269,15154,United Kingdom
3270,15506,United Kingdom
3271,17599,United Kingdom
3272,12851,United Kingdom
3273,16919,United Kingdom
3274,13479,United Kingdom
3275,18191,United Kingdom
3276,16299,United Kingdom
3277,12519,Germany
3278,12433,Norway
3279,16562,United Kingdom
3280,16294,United Kingdom
3281,12865,Austria
3282,15322,United Kingdom
3283,14243,United Kingdom
3284,16396,United Kingdom
3285,15702,Nigeria
3286,15855,United Kingdom
3287,17471,United Kingdom
3288,12450,Spain
3289,17689,United Kingdom
3290,14767,United Kingdom
3291,16770,United Kingdom
3292,14565,United Kingdom
3293,18140,West Indies
3294,15683,United Kingdom
3295,14187,United Kingdom
3296,14321,United Kingdom
3297,13452,United Kingdom
3298,16314,United Kingdom
3299,17649,United Kingdom
3300,14342,United Kingdom
3301,17336,United Kingdom
3302,18124,United Kingdom
3303,12721,France
3304,14229,United Kingdom
3305,13548,United Kingdom
3306,14787,United Kingdom
3307,16448,United Kingdom
3308,14268,United Kingdom
3309,16235,United Kingdom
3310,14075,United Kingdom
3311,16375,United Kingdom
3312,14482,United Kingdom
3313,16288,United Kingdom
3314,14544,United Kingdom
3315,13884,United Kingdom
3316,14499,United Kingdom
3317,16421,United Kingdom
3318,16870,United Kingdom
3319,17894,United Kingdom
3320,15936,United Kingdom
3321,15074,United Kingdom
3322,15166,United Kingdom
3323,13922,United Kingdom
3324,17384,United Kingdom
3325,12423,Denmark
3326,14885,United Kingdom
3327,14433,United Kingdom
3328,17126,United Kingdom
3329,13714,United Kingdom
3330,12651,France
3331,12573,France
3332,16819,United Kingdom
3333,12761,Netherlands
3334,17215,United Kingdom
3335,15574,United Kingdom
3336,15677,United Kingdom
3337,12414,Austria
3338,16065,United Kingdom
3339,18182,United Kingdom
3340,12831,United Kingdom
3341,14908,United Kingdom
3342,13992,United Kingdom
3343,15424,United Kingdom
3344,16872,United Kingdom
3345,16239,United Kingdom
3346,12808,Portugal
3347,14086,United Kingdom
3348,16100,United Kingdom
3349,14009,United Kingdom
3350,15092,United Kingdom
3351,16289,United Kingdom
3352,14163,United Kingdom
3353,14753,United Kingdom
3354,13809,Cyprus
3355,13506,United Kingdom
3356,13032,United Kingdom
3357,14318,United Kingdom
3358,13785,United Kingdom
3359,15543,United Kingdom
3360,13133,United Kingdom
3361,12859,United Kingdom
3362,16832,United Kingdom
3363,14968,United Kingdom
3364,12605,Germany
3365,12819,United Kingdom
3366,13683,United Kingdom
3367,13076,United Kingdom
3368,12777,United Kingdom
3369,15752,United Kingdom
3370,13005,United Kingdom
3371,12635,Germany
3372,16972,United Kingdom
3373,14688,United Kingdom
3374,13046,United Kingdom
3375,12460,Belgium
3376,16886,United Kingdom
3377,17456,United Kingdom
3378,18255,United Kingdom
3379,16095,United Kingdom
3380,17762,United Kingdom
3381,14444,United Kingdom
3382,17473,United Kingdom
3383,17366,United Kingdom
3384,12760,Netherlands
3385,17369,United Kingdom
3386,14708,United Kingdom
3387,14445,United Kingdom
3388,14635,United Kingdom
3389,15992,United Kingdom
3390,16042,United Kingdom
3391,16799,United Kingdom
3392,15006,United Kingdom
3393,15406,United Kingdom
3394,17383,United Kingdom
3395,17728,United Kingdom
3396,17308,United Kingdom
3397,13440,United Kingdom
3398,13537,United Kingdom
3399,17616,United Kingdom
3400,15107,United Kingdom
3401,13312,United Kingdom
3402,14363,United Kingdom
3403,17149,United Kingdom
3404,16690,United Kingdom
3405,18136,United Kingdom
3406,14381,United Kingdom
3407,14231,United Kingdom
3408,15966,United Kingdom
3409,12768,Korea
3410,15906,United Kingdom
3411,13784,United Kingdom
3412,17403,United Kingdom
3413,16005,United Kingdom
3414,16522,United Kingdom
3415,15685,United Kingdom
3416,16080,United Kingdom
3417,16979,United Kingdom
3418,16589,United Kingdom
3419,15301,United Kingdom
3420,17392,United Kingdom
3421,13374,United Kingdom
3422,13424,United Kingdom
3423,16646,United Kingdom
3424,15962,United Kingdom
3425,15748,United Kingdom
3426,15535,United Kingdom
3427,13398,United Kingdom
3428,16146,United Kingdom
3429,16371,United Kingdom
3430,12554,Spain
3431,17765,United Kingdom
3432,15026,United Kingdom
3433,12425,Portugal
3434,17743,United Kingdom
3435,15876,United Kingdom
3436,12543,Spain
3437,18089,United Kingdom
3438,16983,United Kingdom
3439,13701,United Kingdom
3440,13554,United Kingdom
3441,13067,United Kingdom
3442,15519,United Kingdom
3443,14776,United Kingdom
3444,17255,United Kingdom
3445,16264,United Kingdom
3446,15870,United Kingdom
3447,15599,United Kingdom
3448,15462,United Kingdom
3449,17811,United Kingdom
3450,13702,United Kingdom
3451,14212,United Kingdom
3452,17055,United Kingdom
3453,12850,United Kingdom
3454,17167,United Kingdom
3455,14668,United Kingdom
3456,17834,United Kingdom
3457,13375,United Kingdom
3458,15473,United Kingdom
3459,13689,United Kingdom
3460,16465,United Kingdom
3461,14716,United Kingdom
3462,17480,United Kingdom
3463,12751,Brazil
3464,15041,United Kingdom
3465,14169,United Kingdom
3466,14761,United Kingdom
3467,16998,United Kingdom
3468,15728,United Kingdom
3469,14126,United Kingdom
3470,14866,United Kingdom
3471,17161,United Kingdom
3472,14933,Channel Islands
3473,12578,Italy
3474,17840,United Kingdom
3475,14570,United Kingdom
3476,13205,United Kingdom
3477,15761,United Kingdom
3478,16857,United Kingdom
3479,13519,United Kingdom
3480,13264,United Kingdom
3481,18107,United Kingdom
3482,15140,United Kingdom
3483,16856,United Kingdom
3484,18193,United Kingdom
3485,15476,United Kingdom
3486,16298,United Kingdom
3487,16546,United Kingdom
3488,16261,United Kingdom
3489,16775,United Kingdom
3490,14992,United Kingdom
3491,17134,United Kingdom
3492,16531,United Kingdom
3493,14875,United Kingdom
3494,17567,United Kingdom
3495,16692,United Kingdom
3496,16140,United Kingdom
3497,14934,Channel Islands
3498,17396,United Kingdom
3499,14226,United Kingdom
3500,12871,United Kingdom
3501,17062,United Kingdom
3502,14094,United Kingdom
3503,14269,United Kingdom
3504,13118,United Kingdom
3505,14806,United Kingdom
3506,12449,Denmark
3507,15469,United Kingdom
3508,17919,United Kingdom
3509,17315,United Kingdom
3510,15616,United Kingdom
3511,12348,Finland
3512,16211,United Kingdom
3513,17524,United Kingdom
3514,13687,United Kingdom
3515,17280,United Kingdom
3516,17450,United Kingdom
3517,13139,United Kingdom
3518,16362,United Kingdom
3519,13073,United Kingdom
3520,16269,United Kingdom
3521,13970,United Kingdom
3522,15347,United Kingdom
3523,13386,United Kingdom
3524,14597,United Kingdom
3525,17007,United Kingdom
3526,16198,United Kingdom
3527,15871,United Kingdom
3528,13754,United Kingdom
3529,14410,United Kingdom
3530,13927,United Kingdom
3531,16237,United Kingdom
3532,12964,United Kingdom
3533,13639,United Kingdom
3534,12946,United Kingdom
3535,13804,United Kingdom
3536,16783,United Kingdom
3537,14843,United Kingdom
3538,14891,United Kingdom
3539,17257,United Kingdom
3540,14829,United Kingdom
3541,14449,United Kingdom
3542,14510,United Kingdom
3543,13105,United Kingdom
3544,13257,United Kingdom
3545,16489,United Kingdom
3546,16490,United Kingdom
3547,12661,Sweden
3548,13556,United Kingdom
3549,14004,United Kingdom
3550,13962,United Kingdom
3551,16368,United Kingdom
3552,14953,United Kingdom
3553,13966,United Kingdom
3554,12562,France
3555,16214,United Kingdom
3556,14742,United Kingdom
3557,15736,United Kingdom
3558,16958,United Kingdom
3559,14800,United Kingdom
3560,15960,United Kingdom
3561,13108,United Kingdom
3562,14568,Channel Islands
3563,15243,United Kingdom
3564,13763,United Kingdom
3565,12457,Switzerland
3566,16044,United Kingdom
3567,16630,United Kingdom
3568,14657,United Kingdom
3569,12817,Austria
3570,17533,United Kingdom
3571,16306,United Kingdom
3572,14303,United Kingdom
3573,17521,United Kingdom
3574,13002,United Kingdom
3575,15261,United Kingdom
3576,17360,United Kingdom
3577,15276,United Kingdom
3578,15190,United Kingdom
3579,16606,United Kingdom
3580,13198,United Kingdom
3581,12652,Germany
3582,18266,United Kingdom
3583,13380,United Kingdom
3584,17022,United Kingdom
3585,13674,United Kingdom
3586,18270,United Kingdom
3587,16848,United Kingdom
3588,13014,United Kingdom
3589,14254,United Kingdom
3590,15351,United Kingdom
3591,13642,United Kingdom
3592,14310,United Kingdom
3593,15859,United Kingdom
3594,14392,United Kingdom
3595,14008,United Kingdom
3596,16407,United Kingdom
3597,15143,United Kingdom
3598,13245,United Kingdom
3599,14462,United Kingdom
3600,16312,United Kingdom
3601,14579,United Kingdom
3602,15579,United Kingdom
3603,13326,United Kingdom
3604,16817,United Kingdom
3605,17375,United Kingdom
3606,15159,United Kingdom
3607,17621,United Kingdom
3608,13367,United Kingdom
3609,16476,United Kingdom
3610,13441,United Kingdom
3611,18284,United Kingdom
3612,14065,United Kingdom
3613,12486,Sweden
3614,14353,United Kingdom
3615,15392,United Kingdom
3616,13144,United Kingdom
3617,15730,United Kingdom
3618,15778,United Kingdom
3619,18017,United Kingdom
3620,15346,United Kingdom
3621,16061,United Kingdom
3622,13035,United Kingdom
3623,14314,United Kingdom
3624,13177,United Kingdom
3625,13964,United Kingdom
3626,14470,United Kingdom
3627,14991,United Kingdom
3628,15490,United Kingdom
3629,14663,United Kingdom
3630,16348,United Kingdom
3631,17097,Spain
3632,17657,United Kingdom
3633,13306,United Kingdom
3634,14350,United Kingdom
3635,16760,United Kingdom
3636,15857,United Kingdom
3637,15128,United Kingdom
3638,14120,United Kingdom
3639,13055,United Kingdom
3640,13033,United Kingdom
3641,13022,Belgium
3642,15934,United Kingdom
3643,17429,United Kingdom
3644,16437,United Kingdom
3645,13818,United Kingdom
3646,14810,United Kingdom
3647,17045,United Kingdom
3648,17008,United Kingdom
3649,16149,United Kingdom
3650,15973,United Kingdom
3651,14339,United Kingdom
3652,13423,United Kingdom
3653,17525,United Kingdom
3654,12511,Greece
3655,17249,United Kingdom
3656,14490,United Kingdom
3657,14118,United Kingdom
3658,12903,United Kingdom
3659,13569,United Kingdom
3660,17354,United Kingdom
3661,14266,United Kingdom
3662,12393,Australia
3663,16980,United Kingdom
3664,16411,United Kingdom
3665,15314,United Kingdom
3666,16350,United Kingdom
3667,15931,United Kingdom
3668,14358,United Kingdom
3669,16111,United Kingdom
3670,15598,United Kingdom
3671,17196,United Kingdom
3672,17864,United Kingdom
3673,15281,United Kingdom
3674,12811,Portugal
3675,14904,United Kingdom
3676,14846,United Kingdom
3677,15708,United Kingdom
3678,14127,United Kingdom
3679,16579,United Kingdom
3680,17152,United Kingdom
3681,15177,United Kingdom
3682,15645,United Kingdom
3683,13083,United Kingdom
3684,14390,United Kingdom
3685,15038,United Kingdom
3686,14571,United Kingdom
3687,17111,United Kingdom
3688,16122,United Kingdom
3689,13362,United Kingdom
3690,15277,United Kingdom
3691,13747,United Kingdom
3692,12356,Portugal
3693,14756,United Kingdom
3694,15948,United Kingdom
3695,14412,United Kingdom
3696,17264,United Kingdom
3697,12797,Portugal
3698,16527,United Kingdom
3699,15834,United Kingdom
3700,17004,United Kingdom
3701,17755,United Kingdom
3702,17273,United Kingdom
3703,15024,United Kingdom
3704,13546,United Kingdom
3705,17710,United Kingdom
3706,13912,United Kingdom
3707,12655,France
3708,13368,United Kingdom
3709,17094,United Kingdom
3710,14981,United Kingdom
3711,14746,United Kingdom
3712,17708,United Kingdom
3713,15208,United Kingdom
3714,17104,United Kingdom
3715,14240,United Kingdom
3716,13968,United Kingdom
3717,12553,France
3718,14263,United Kingdom
3719,16263,United Kingdom
3720,12467,USA
3721,17944,United Kingdom
3722,12629,Sweden
3723,16643,United Kingdom
3724,18239,United Kingdom
3725,13792,United Kingdom
3726,16990,United Kingdom
3727,16418,United Kingdom
3728,16238,United Kingdom
3729,15134,United Kingdom
3730,15356,United Kingdom
3731,17814,United Kingdom
3732,17580,United Kingdom
3733,13832,United Kingdom
3734,16120,United Kingdom
3735,17817,United Kingdom
3736,12900,United Kingdom
3737,15242,United Kingdom
3738,15304,United Kingdom
3739,14696,United Kingdom
3740,13194,United Kingdom
3741,14929,United Kingdom
3742,12798,Japan
3743,18090,United Kingdom
3744,17717,United Kingdom
3745,13395,United Kingdom
3746,16935,United Kingdom
3747,17629,United Kingdom
3748,17796,United Kingdom
3749,15735,United Kingdom
3750,17751,United Kingdom
3751,16991,United Kingdom
3752,14975,United Kingdom
3753,15160,United Kingdom
3754,17823,United Kingdom
3755,14956,United Kingdom
3756,15114,United Kingdom
3757,15626,United Kingdom
3758,12454,Spain
3759,13829,United Kingdom
3760,12694,France
3761,14088,United Kingdom
3762,17510,United Kingdom
3763,18018,United Kingdom
3764,17202,United Kingdom
3765,17390,United Kingdom
3766,12691,France
3767,15957,United Kingdom
3768,12445,Spain
3769,17687,United Kingdom
3770,13692,United Kingdom
3771,15686,United Kingdom
3772,17938,United Kingdom
3773,17316,United Kingdom
3774,14868,United Kingdom
3775,16810,United Kingdom
3776,15688,United Kingdom
3777,16381,United Kingdom
3778,16676,United Kingdom
3779,15772,United Kingdom
3780,15799,United Kingdom
3781,14712,United Kingdom
3782,17703,United Kingdom
3783,12376,Switzerland
3784,13516,United Kingdom
3785,14741,United Kingdom
3786,16069,United Kingdom
3787,12699,Germany
3788,16996,United Kingdom
3789,13387,United Kingdom
3790,16141,United Kingdom
3791,13079,United Kingdom
3792,17026,United Kingdom
3793,13088,United Kingdom
3794,15710,United Kingdom
3795,17655,United Kingdom
3796,17219,United Kingdom
3797,14524,United Kingdom
3798,15011,United Kingdom
3799,14585,United Kingdom
3800,14332,United Kingdom
3801,17967,United Kingdom
3802,17397,United Kingdom
3803,13134,United Kingdom
3804,13840,United Kingdom
3805,13981,United Kingdom
3806,15608,United Kingdom
3807,14617,United Kingdom
3808,18066,United Kingdom
3809,15377,United Kingdom
3810,16201,United Kingdom
3811,16776,United Kingdom
3812,15501,United Kingdom
3813,16916,United Kingdom
3814,13703,United Kingdom
3815,16642,United Kingdom
3816,16903,United Kingdom
3817,15647,United Kingdom
3818,14612,United Kingdom
3819,17038,United Kingdom
3820,12387,Australia
3821,16590,United Kingdom
3822,17924,United Kingdom
3823,17483,United Kingdom
3824,13195,United Kingdom
3825,13836,United Kingdom
3826,12400,Australia
3827,15995,United Kingdom
3828,15257,United Kingdom
3829,14148,United Kingdom
3830,13936,United Kingdom
3831,18243,United Kingdom
3832,13166,United Kingdom
3833,14216,United Kingdom
3834,13581,United Kingdom
3835,16540,United Kingdom
3836,12899,United Kingdom
3837,12973,United Kingdom
3838,12419,Spain
3839,16226,United Kingdom
3840,14945,United Kingdom
3841,13746,United Kingdom
3842,13106,United Kingdom
3843,18055,United Kingdom
3844,12787,Netherlands
3845,16491,United Kingdom
3846,14728,United Kingdom
3847,13165,United Kingdom
3848,13263,United Kingdom
3849,16010,United Kingdom
3850,17843,United Kingdom
3851,13241,United Kingdom
3852,16024,United Kingdom
3853,17407,United Kingdom
3854,16445,United Kingdom
3855,16373,United Kingdom
3856,17260,United Kingdom
3857,13574,United Kingdom
3858,17435,United Kingdom
3859,16920,United Kingdom
3860,13977,United Kingdom
3861,18110,United Kingdom
3862,18116,United Kingdom
3863,15337,United Kingdom
3864,13898,United Kingdom
3865,13565,United Kingdom
3866,16904,United Kingdom
3867,16726,United Kingdom
3868,15065,United Kingdom
3869,15174,United Kingdom
3870,14197,United Kingdom
3871,16193,United Kingdom
3872,17981,United Kingdom
3873,15294,United Kingdom
3874,15370,United Kingdom
3875,14690,United Kingdom
3876,12790,Netherlands
3877,15646,United Kingdom
3878,14718,United Kingdom
3879,16241,United Kingdom
3880,17070,United Kingdom
3881,17767,United Kingdom
3882,12475,Germany
3883,12411,Australia
3884,16863,United Kingdom
3885,14673,United Kingdom
3886,16785,United Kingdom
3887,13363,United Kingdom
3888,15620,United Kingdom
3889,16962,United Kingdom
3890,14278,United Kingdom
3891,16034,United Kingdom
3892,13578,United Kingdom
3893,13274,United Kingdom
3894,12775,Netherlands
3895,13906,United Kingdom
3896,16757,United Kingdom
3897,15773,United Kingdom
3898,15536,United Kingdom
3899,14271,United Kingdom
3900,15390,Canada
3901,15940,United Kingdom
3902,16639,United Kingdom
3903,12537,Sweden
3904,12505,Italy
3905,14475,United Kingdom
3906,12563,Italy
3907,12591,Italy
3908,16188,United Kingdom
3909,16433,United Kingdom
3910,12353,Bahrain
3911,13547,United Kingdom
3912,17000,United Kingdom
3913,14281,United Kingdom
3914,15328,United Kingdom
3915,12766,Portugal
3916,15285,United Kingdom
3917,16343,United Kingdom
3918,16183,United Kingdom
3919,13669,United Kingdom
3920,16265,United Kingdom
3921,14294,United Kingdom
3922,14834,United Kingdom
3923,16780,United Kingdom
3924,13780,United Kingdom
3925,17974,United Kingdom
3926,16635,United Kingdom
3927,15170,United Kingdom
3928,17334,United Kingdom
3929,17934,United Kingdom
3930,17821,United Kingdom
3931,13282,United Kingdom
3932,13580,United Kingdom
3933,16058,United Kingdom
3934,14213,United Kingdom
3935,12608,United Kingdom
3936,12601,Germany
3937,16724,United Kingdom
3938,18278,United Kingdom
3939,14848,United Kingdom
3940,13833,United Kingdom
3941,15675,United Kingdom
3942,12347,Iceland
3943,17951,United Kingdom
3944,14429,United Kingdom
3945,17306,United Kingdom
3946,16876,United Kingdom
3947,14777,United Kingdom
3948,15729,United Kingdom
3949,18127,United Kingdom
3950,12492,Germany
3951,13359,United Kingdom
3952,13597,United Kingdom
3953,14206,United Kingdom
3954,17121,United Kingdom
3955,13607,United Kingdom
3956,13535,United Kingdom
3957,13937,United Kingdom
3958,13251,United Kingdom
3959,13453,United Kingdom
3960,12413,Spain
3961,16016,United Kingdom
3962,13523,United Kingdom
3963,14733,United Kingdom
3964,17276,United Kingdom
3965,13310,United Kingdom
3966,17363,United Kingdom
3967,17170,United Kingdom
3968,12855,United Kingdom
3969,13215,United Kingdom
3970,15458,United Kingdom
3971,13331,United Kingdom
3972,12673,Germany
3973,15915,United Kingdom
3974,16865,United Kingdom
3975,15336,United Kingdom
3976,12793,Portugal
3977,17420,United Kingdom
3978,13500,United Kingdom
3979,15233,United Kingdom
3980,13686,United Kingdom
3981,15158,United Kingdom
3982,17254,United Kingdom
3983,16542,United Kingdom
3984,16178,United Kingdom
3985,15481,Norway
3986,13034,United Kingdom
3987,13049,United Kingdom
3988,16712,United Kingdom
3989,16050,United Kingdom
3990,13987,United Kingdom
3991,15724,United Kingdom
3992,14737,United Kingdom
3993,15379,United Kingdom
3994,17702,United Kingdom
3995,12914,United Kingdom
3996,13258,United Kingdom
3997,14447,United Kingdom
3998,17286,United Kingdom
3999,17977,United Kingdom
4000,13303,United Kingdom
4001,13172,United Kingdom
4002,13660,United Kingdom
4003,13903,United Kingdom
4004,16228,United Kingdom
4005,13846,United Kingdom
4006,13646,United Kingdom
4007,13996,United Kingdom
4008,15560,United Kingdom
4009,16640,United Kingdom
4010,18083,United Kingdom
4011,17033,United Kingdom
4012,16931,United Kingdom
4013,14203,United Kingdom
4014,16559,United Kingdom
4015,16899,United Kingdom
4016,15996,United Kingdom
4017,12892,United Kingdom
4018,13138,United Kingdom
4019,17084,United Kingdom
4020,14927,United Kingdom
4021,14193,United Kingdom
4022,13967,United Kingdom
4023,16420,United Kingdom
4024,13738,United Kingdom
4025,17548,United Kingdom
4026,18098,United Kingdom
4027,13691,United Kingdom
4028,15635,United Kingdom
4029,17274,United Kingdom
4030,16223,United Kingdom
4031,17208,United Kingdom
4032,17467,United Kingdom
4033,17983,United Kingdom
4034,16740,United Kingdom
4035,17878,United Kingdom
4036,14170,United Kingdom
4037,14899,United Kingdom
4038,14077,United Kingdom
4039,17374,United Kingdom
4040,13721,United Kingdom
4041,12927,United Kingdom
4042,13671,United Kingdom
4043,16358,United Kingdom
4044,15131,United Kingdom
4045,17756,United Kingdom
4046,15001,United Kingdom
4047,13096,United Kingdom
4048,15529,United Kingdom
4049,12739,United Arab Emirates
4050,15028,United Kingdom
4051,17288,United Kingdom
4052,17903,United Kingdom
4053,18280,United Kingdom
4054,15368,United Kingdom
4055,12666,Israel
4056,16662,United Kingdom
4057,16786,United Kingdom
4058,15138,United Kingdom
4059,17688,United Kingdom
4060,16824,United Kingdom
4061,17423,United Kingdom
4062,16284,United Kingdom
4063,13226,United Kingdom
4064,17558,United Kingdom
4065,17815,United Kingdom
4066,17980,United Kingdom
4067,12803,Netherlands
4068,18050,United Kingdom
4069,14600,United Kingdom
4070,13365,United Kingdom
4071,18054,United Kingdom
4072,15468,United Kingdom
4073,12868,United Kingdom
4074,12352,Norway
4075,18007,United Kingdom
4076,17772,United Kingdom
4077,14082,United Kingdom
4078,13309,United Kingdom
4079,17210,United Kingdom
4080,12734,France
4081,17803,United Kingdom
4082,13961,United Kingdom
4083,14024,United Kingdom
4084,14052,United Kingdom
4085,16687,United Kingdom
4086,17495,United Kingdom
4087,15269,United Kingdom
4088,13167,United Kingdom
4089,16074,United Kingdom
4090,14684,United Kingdom
4091,17544,United Kingdom
4092,18221,United Kingdom
4093,14559,United Kingdom
4094,15726,United Kingdom
4095,14382,United Kingdom
4096,14784,United Kingdom
4097,17992,United Kingdom
4098,14526,United Kingdom
4099,12991,United Kingdom
4100,13862,United Kingdom
4101,17106,United Kingdom
4102,13094,United Kingdom
4103,17633,United Kingdom
4104,16399,United Kingdom
4105,17284,United Kingdom
4106,18084,United Kingdom
4107,16602,United Kingdom
4108,14189,United Kingdom
4109,12357,Switzerland
4110,13353,United Kingdom
4111,12616,France
4112,16083,United Kingdom
4113,14675,United Kingdom
4114,15235,United Kingdom
4115,17203,United Kingdom
4116,15968,United Kingdom
4117,13624,United Kingdom
4118,13458,United Kingdom
4119,13789,United Kingdom
4120,15161,United Kingdom
4121,15811,United Kingdom
4122,13158,United Kingdom
4123,14192,United Kingdom
4124,16829,United Kingdom
4125,18256,United Kingdom
4126,13237,United Kingdom
4127,14417,United Kingdom
4128,16386,United Kingdom
4129,16006,United Kingdom
4130,13549,United Kingdom
4131,12847,United Kingdom
4132,14811,United Kingdom
4133,16224,United Kingdom
4134,15515,United Kingdom
4135,17418,United Kingdom
4136,12890,United Kingdom
4137,18195,United Kingdom
4138,15649,United Kingdom
4139,17995,United Kingdom
4140,16250,United Kingdom
4141,14405,United Kingdom
4142,14446,United Kingdom
4143,13864,United Kingdom
4144,14614,United Kingdom
4145,17355,United Kingdom
4146,12807,Sweden
4147,16973,United Kingdom
4148,17659,United Kingdom
4149,17089,United Kingdom
4150,18160,United Kingdom
4151,17868,United Kingdom
4152,17532,United Kingdom
4153,14932,Channel Islands
4154,17269,United Kingdom
4155,16936,United Kingdom
4156,16599,United Kingdom
4157,16885,United Kingdom
4158,16535,United Kingdom
4159,17433,United Kingdom
4160,17386,United Kingdom
4161,18035,United Kingdom
4162,15846,United Kingdom
4163,13124,United Kingdom
4164,16346,United Kingdom
4165,17648,United Kingdom
4166,17493,United Kingdom
4167,12967,United Kingdom
4168,12887,United Kingdom
4169,12728,France
4170,12858,United Kingdom
4171,15155,United Kingdom
4172,16367,United Kingdom
4173,17275,United Kingdom
4174,16501,United Kingdom
4175,17036,United Kingdom
4176,15350,United Kingdom
4177,13550,United Kingdom
4178,15634,United Kingdom
4179,18210,United Kingdom
4180,17782,United Kingdom
4181,13086,United Kingdom
4182,14419,United Kingdom
4183,16424,United Kingdom
4184,16252,United Kingdom
4185,15525,United Kingdom
4186,16765,United Kingdom
4187,14048,United Kingdom
4188,16812,United Kingdom
4189,13651,United Kingdom
4190,15986,United Kingdom
4191,16821,United Kingdom
4192,17870,United Kingdom
4193,17458,United Kingdom
4194,17237,United Kingdom
4195,17872,United Kingdom
4196,18047,United Kingdom
4197,14176,United Kingdom
4198,14252,United Kingdom
4199,18118,United Kingdom
4200,12434,Australia
4201,17766,United Kingdom
4202,15864,United Kingdom
4203,13181,United Kingdom
4204,14972,United Kingdom
4205,17598,United Kingdom
4206,13843,United Kingdom
4207,15951,United Kingdom
4208,16357,United Kingdom
4209,17744,United Kingdom
4210,14458,United Kingdom
4211,18076,United Kingdom
4212,17601,United Kingdom
4213,15509,United Kingdom
4214,15902,United Kingdom
4215,16988,United Kingdom
4216,15987,United Kingdom
4217,14721,United Kingdom
4218,16874,United Kingdom
4219,15020,United Kingdom
4220,14487,United Kingdom
4221,15495,United Kingdom
4222,17989,United Kingdom
4223,14443,United Kingdom
4224,17882,United Kingdom
4225,12385,Belgium
4226,18161,United Kingdom
4227,15961,United Kingdom
4228,13626,United Kingdom
4229,12961,United Kingdom
4230,17556,United Kingdom
4231,18031,United Kingdom
4232,17283,United Kingdom
4233,17516,United Kingdom
4234,12538,Spain
4235,17999,United Kingdom
4236,15914,United Kingdom
4237,15212,United Kingdom
4238,15037,United Kingdom
4239,17607,United Kingdom
4240,15583,United Kingdom
4241,18003,United Kingdom
4242,16893,United Kingdom
4243,13254,United Kingdom
4244,12996,United Kingdom
4245,12767,Korea
4246,17722,United Kingdom
4247,17723,United Kingdom
4248,16545,United Kingdom
4249,15404,United Kingdom
4250,15540,United Kingdom
4251,17671,United Kingdom
4252,18034,United Kingdom
4253,16413,United Kingdom
4254,16194,United Kingdom
4255,17912,United Kingdom
4256,16355,United Kingdom
4257,12351,Unspecified
4258,15828,United Kingdom
4259,17223,United Kingdom
4260,17468,United Kingdom
4261,13955,United Kingdom
4262,14414,United Kingdom
4263,15939,United Kingdom
4264,17826,United Kingdom
4265,17378,United Kingdom
4266,16473,United Kingdom
4267,17820,United Kingdom
4268,16552,United Kingdom
4269,15922,United Kingdom
4270,14594,United Kingdom
4271,15165,United Kingdom
4272,16274,United Kingdom
4273,12947,United Kingdom
4274,17855,United Kingdom
4275,17925,United Kingdom
4276,16244,United Kingdom
4277,14491,United Kingdom
4278,15923,United Kingdom
4279,16752,United Kingdom
4280,17964,United Kingdom
4281,17976,United Kingdom
4282,14775,United Kingdom
4283,16995,United Kingdom
4284,13011,United Kingdom
4285,14576,United Kingdom
4286,12738,Germany
4287,12686,France
4288,13370,United Kingdom
4289,12427,Germany
4290,14589,United Kingdom
4291,17787,United Kingdom
4292,17198,United Kingdom
4293,15545,United Kingdom
4294,18156,United Kingdom
4295,15880,United Kingdom
4296,16402,United Kingdom
4297,15894,United Kingdom
4298,12763,Japan
4299,17674,United Kingdom
4300,15899,United Kingdom
4301,15919,United Kingdom
4302,15048,United Kingdom
4303,18113,United Kingdom
4304,13030,United Kingdom
4305,15018,United Kingdom
4306,18119,United Kingdom
4307,12386,Australia
4308,12441,France
4309,18043,United Kingdom
4310,18269,United Kingdom
4311,13270,United Kingdom
4312,12942,United Kingdom
4313,13369,United Kingdom
4314,15211,United Kingdom
4315,15881,United Kingdom
4316,14448,United Kingdom
4317,12753,Japan
4318,17917,United Kingdom
4319,18004,United Kingdom
4320,16665,United Kingdom
4321,17937,United Kingdom
4322,16927,United Kingdom
4323,17303,United Kingdom
4324,17890,United Kingdom
4325,14150,United Kingdom
4326,13496,United Kingdom
4327,13221,United Kingdom
4328,17551,United Kingdom
4329,17214,United Kingdom
4330,17752,United Kingdom
4331,14373,United Kingdom
4332,18176,United Kingdom
4333,16816,United Kingdom
4334,14985,United Kingdom
4335,12551,Spain
4336,15780,United Kingdom
4337,15204,United Kingdom
4338,12944,United Kingdom
4339,15460,United Kingdom
4340,16270,United Kingdom
4341,12515,Italy
4342,12383,Belgium
4343,13817,Germany
4344,12585,Germany
4345,16112,United Kingdom
4346,15464,United Kingdom
4347,17634,United Kingdom
4348,12735,France
4349,16567,United Kingdom
4350,12501,Germany
4351,15139,United Kingdom
4352,12489,France
4353,18198,United Kingdom
4354,14889,United Kingdom
4355,17114,United Kingdom
4356,17128,United Kingdom
4357,17800,United Kingdom
4358,18032,United Kingdom
4359,16850,United Kingdom
4360,12736,France
4361,15749,United Kingdom
4362,17569,United Kingdom
4363,14270,United Kingdom
4364,14587,United Kingdom
4365,14185,United Kingdom
4366,15171,United Kingdom
4367,13284,United Kingdom
4368,15835,United Kingdom
4369,15510,United Kingdom
4370,15687,United Kingdom
4371,13385,United Kingdom
4372,15213,United Kingdom
4373,15033,United Kingdom
4374,17064,United Kingdom
4375,12626,Germany
4376,14976,United Kingdom
4377,15316,United Kingdom
4378,18233,United Kingdom
4379,14242,United Kingdom
4380,16997,United Kingdom
4381,15395,United Kingdom
4382,14428,United Kingdom
4383,14090,United Kingdom
4384,15831,United Kingdom
4385,14779,United Kingdom
4386,16618,United Kingdom
4387,17277,United Kingdom
4388,13742,United Kingdom
4389,13068,United Kingdom
4390,14368,United Kingdom
4391,12559,Germany
4392,14501,United Kingdom
4393,14782,United Kingdom
4394,15820,United Kingdom
4395,13396,United Kingdom
4396,16730,United Kingdom
4397,15052,United Kingdom
4398,16943,United Kingdom
4399,13837,United Kingdom
4400,17118,United Kingdom
4401,13098,United Kingdom
4402,17786,United Kingdom
4403,16882,United Kingdom
4404,12764,Lebanon
4405,16949,United Kingdom
4406,18125,United Kingdom
4407,13328,United Kingdom
4408,12574,France
4409,14659,United Kingdom
4410,16897,United Kingdom
4411,15415,United Kingdom
4412,17431,United Kingdom
4413,14502,United Kingdom
4414,12528,Germany
4415,16403,United Kingdom
4416,17619,United Kingdom
4417,16745,United Kingdom
4418,13606,United Kingdom
4419,13494,United Kingdom
4420,12929,United Kingdom
4421,18202,United Kingdom
4422,14457,United Kingdom
4423,15589,United Kingdom
4424,14411,United Kingdom
4425,15226,United Kingdom
4426,16378,United Kingdom
4427,13894,United Kingdom
4428,18250,United Kingdom
4429,14188,United Kingdom
4430,17446,United Kingdom
4431,12350,Norway
4432,17337,United Kingdom
4433,16405,United Kingdom
4434,12502,Spain
4435,16333,United Kingdom
4436,16030,United Kingdom
4437,12464,Belgium
4438,17507,United Kingdom
4439,12754,Japan
4440,14778,United Kingdom
4441,17517,United Kingdom
4442,13725,United Kingdom
4443,17291,United Kingdom
4444,15090,United Kingdom
4445,14842,United Kingdom
4446,17105,United Kingdom
4447,14438,United Kingdom
4448,15781,United Kingdom
4449,17302,United Kingdom
4450,17613,United Kingdom
4451,17162,United Kingdom
4452,15407,United Kingdom
4453,17859,United Kingdom
4454,15753,United Kingdom
4455,16951,United Kingdom
4456,17881,United Kingdom
4457,15843,United Kingdom
4458,17537,United Kingdom
4459,12401,Belgium
4460,12462,Spain
4461,12561,Germany
4462,16425,United Kingdom
4463,16842,United Kingdom
4464,18159,United Kingdom
4465,13171,United Kingdom
4466,16084,United Kingdom
4467,15236,United Kingdom
4468,13475,United Kingdom
4469,16738,United Kingdom
4470,13893,United Kingdom
4471,16431,United Kingdom
4472,16073,United Kingdom
4473,14760,United Kingdom
4474,16509,United Kingdom
4475,14386,United Kingdom
4476,12372,Denmark
4477,16494,United Kingdom
4478,14959,United Kingdom
4479,17175,United Kingdom
4480,12362,Belgium
4481,13718,United Kingdom
4482,12654,Germany
4483,18138,United Kingdom
4484,14371,United Kingdom
4485,12852,United Kingdom
4486,13489,United Kingdom
4487,13904,United Kingdom
4488,13932,United Kingdom
4489,13951,United Kingdom
4490,16566,United Kingdom
4491,14162,United Kingdom
4492,13301,United Kingdom
4493,14803,United Kingdom
4494,13744,United Kingdom
4495,12988,United Kingdom
4496,12707,France
4497,18155,United Kingdom
4498,15146,United Kingdom
4499,12365,Cyprus
4500,14520,United Kingdom
4501,13038,United Kingdom
4502,16349,United Kingdom
4503,18114,United Kingdom
4504,12845,United Kingdom
4505,16573,United Kingdom
4506,13184,United Kingdom
4507,15397,United Kingdom
4508,16394,United Kingdom
4509,17711,United Kingdom
4510,13865,United Kingdom
4511,14289,United Kingdom
4512,13149,United Kingdom
4513,18068,United Kingdom
4514,15932,United Kingdom
4515,15974,United Kingdom
4516,17830,United Kingdom
4517,12565,Saudi Arabia
4518,14880,United Kingdom
4519,15121,United Kingdom
4520,17117,United Kingdom
4521,13751,United Kingdom
4522,13345,United Kingdom
4523,13973,United Kingdom
4524,13493,Switzerland
4525,13261,United Kingdom
4526,16598,United Kingdom
4527,13630,United Kingdom
4528,13636,United Kingdom
4529,12781,Czech Republic
4530,14036,United Kingdom
4531,13675,United Kingdom
4532,16667,United Kingdom
4533,16187,United Kingdom
4534,16339,United Kingdom
4535,12509,France
4536,14046,United Kingdom
4537,16427,United Kingdom
4538,14056,United Kingdom
4539,15656,United Kingdom
4540,17462,United Kingdom
4541,14620,United Kingdom
4542,16462,United Kingdom
4543,12428,Finland
4544,15676,United Kingdom
4545,12679,France
4546,15319,United Kingdom
4547,16389,United Kingdom
4548,15733,United Kingdom
4549,16678,United Kingdom
4550,12834,United Kingdom
4551,17770,United Kingdom
4552,14473,United Kingdom
4553,15104,United Kingdom
4554,15643,United Kingdom
4555,16217,United Kingdom
4556,16957,United Kingdom
4557,15087,United Kingdom
4558,17856,United Kingdom
4559,15053,United Kingdom
4560,17652,United Kingdom
4561,12541,Spain
4562,15220,United Kingdom
4563,16449,United Kingdom
4564,14995,United Kingdom
4565,12584,Italy
4566,17535,United Kingdom
4567,14903,United Kingdom
4568,18211,United Kingdom
4569,14504,United Kingdom
4570,15554,United Kingdom
4571,12614,Germany
4572,13344,United Kingdom
4573,16621,United Kingdom
4574,14214,United Kingdom
4575,14012,United Kingdom
4576,17654,United Kingdom
4577,16517,United Kingdom
4578,15234,United Kingdom
4579,15806,United Kingdom
4580,14586,United Kingdom
4581,14407,United Kingdom
4582,13908,United Kingdom
4583,14730,United Kingdom
4584,14367,United Kingdom
4585,16426,United Kingdom
4586,16495,United Kingdom
4587,14336,United Kingdom
4588,15206,United Kingdom
4589,12881,United Kingdom
4590,16572,United Kingdom
4591,14165,United Kingdom
4592,15632,United Kingdom
4593,14297,United Kingdom
4594,13899,United Kingdom
4595,18183,United Kingdom
4596,14603,United Kingdom
4597,15308,United Kingdom
4598,18086,United Kingdom
4599,16778,United Kingdom
4600,16808,United Kingdom
4601,16475,United Kingdom
4602,13265,United Kingdom
4603,12520,Germany
4604,15049,United Kingdom
4605,16766,United Kingdom
4606,16801,United Kingdom
4607,17164,United Kingdom
4608,13043,United Kingdom
4609,14352,United Kingdom
4610,13956,United Kingdom
4611,13708,United Kingdom
4612,15671,United Kingdom
4613,16871,United Kingdom
4614,12901,United Kingdom
4615,15388,Canada
4616,16804,United Kingdom
4617,13499,United Kingdom
4618,15047,United Kingdom
4619,15106,United Kingdom
4620,13716,United Kingdom
4621,13121,United Kingdom
4622,16297,United Kingdom
4623,12994,United Kingdom
4624,16152,United Kingdom
4625,14636,United Kingdom
4626,13358,United Kingdom
4627,12597,Spain
4628,12955,United Kingdom
4629,13185,United Kingdom
4630,13216,United Kingdom
4631,13533,United Kingdom
4632,13268,United Kingdom
4633,15433,United Kingdom
4634,16216,United Kingdom
4635,16976,United Kingdom
4636,13631,United Kingdom
4637,15648,United Kingdom
4638,17725,United Kingdom
4639,13072,United Kingdom
4640,14059,United Kingdom
4641,16672,United Kingdom
4642,14066,United Kingdom
4643,16626,United Kingdom
4644,15019,United Kingdom
4645,14041,United Kingdom
4646,17060,United Kingdom
4647,16023,United Kingdom
4648,12878,United Kingdom
4649,14155,United Kingdom
4650,14633,United Kingdom
4651,15703,United Kingdom
4652,14071,United Kingdom
4653,17795,United Kingdom
4654,12902,United Kingdom
4655,14232,United Kingdom
4656,12407,Belgium
4657,16728,United Kingdom
4658,13592,United Kingdom
4659,15408,United Kingdom
4660,14223,United Kingdom
4661,13934,United Kingdom
4662,15669,United Kingdom
4663,18224,United Kingdom
4664,14245,United Kingdom
4665,14632,United Kingdom
4666,15132,United Kingdom
4667,17272,United Kingdom
4668,14711,United Kingdom
4669,14377,United Kingdom
4670,15457,United Kingdom
4671,16721,United Kingdom
4672,17733,United Kingdom
4673,17102,United Kingdom
4674,15449,United Kingdom
4675,12818,Austria
4676,12604,France
4677,13132,United Kingdom
4678,17486,United Kingdom
4679,12564,France
4680,15644,United Kingdom
4681,17250,United Kingdom
4682,13341,United Kingdom
4683,17698,United Kingdom
4684,16022,United Kingdom
4685,16063,United Kingdom
4686,15178,United Kingdom
4687,14348,United Kingdom
4688,15815,United Kingdom
4689,17979,United Kingdom
4690,12545,Spain
4691,14536,United Kingdom
4692,17946,United Kingdom
4693,13743,United Kingdom
4694,15045,United Kingdom
4695,14476,United Kingdom
4696,16245,United Kingdom
4697,12669,France
4698,15083,United Kingdom
4699,18010,United Kingdom
4700,15624,United Kingdom
4701,17874,United Kingdom
4702,17719,United Kingdom
4703,17398,United Kingdom
4704,12888,United Kingdom
4705,13588,United Kingdom
4706,12456,Switzerland
4707,13720,United Kingdom
4708,17775,United Kingdom
4709,16657,United Kingdom
4710,15364,United Kingdom
4711,15832,United Kingdom
4712,15528,United Kingdom
4713,16398,United Kingdom
4714,17088,United Kingdom
4715,13060,United Kingdom
4716,16698,United Kingdom
4717,13918,United Kingdom
4718,17781,United Kingdom
4719,14886,United Kingdom
4720,16609,United Kingdom
4721,18263,United Kingdom
4722,13841,United Kingdom
4723,17701,United Kingdom
4724,12569,Germany
4725,16162,United Kingdom
4726,14023,United Kingdom
4727,16142,United Kingdom
4728,18185,United Kingdom
4729,17956,United Kingdom
4730,15756,United Kingdom
4731,14747,United Kingdom
4732,14719,United Kingdom
4733,15442,United Kingdom
4734,16696,United Kingdom
4735,15145,United Kingdom
4736,13525,United Kingdom
4737,17140,United Kingdom
4738,14964,United Kingdom
4739,16031,United Kingdom
4740,17042,United Kingdom
4741,17906,United Kingdom
4742,16144,United Kingdom
4743,13731,United Kingdom
4744,13950,United Kingdom
4745,14246,United Kingdom
4746,18040,United Kingdom
4747,16837,United Kingdom
4748,15119,United Kingdom
4749,12999,United Kingdom
4750,17054,United Kingdom
4751,12447,Belgium
4752,13570,United Kingdom
4753,13232,United Kingdom
4754,18129,United Kingdom
4755,15655,United Kingdom
4756,15214,United Kingdom
4757,17574,United Kingdom
4758,15737,United Kingdom
4759,18080,United Kingdom
4760,12596,Spain
4761,14273,United Kingdom
4762,12363,Unspecified
4763,15414,United Kingdom
4764,14111,United Kingdom
4765,17972,United Kingdom
4766,12463,Belgium
4767,16729,United Kingdom
4768,16697,United Kingdom
4769,14931,Channel Islands
4770,15230,United Kingdom
4771,16309,United Kingdom
4772,14262,United Kingdom
4773,16097,United Kingdom
4774,13122,United Kingdom
4775,16966,United Kingdom
4776,15147,United Kingdom
4777,15813,United Kingdom
4778,17058,United Kingdom
4779,17704,United Kingdom
4780,16249,United Kingdom
4781,13811,Germany
4782,16806,United Kingdom
4783,13120,United Kingdom
4784,12769,Brazil
4785,14323,United Kingdom
4786,17367,United Kingdom
4787,18213,United Kingdom
4788,15172,United Kingdom
4789,15745,United Kingdom
4790,17697,United Kingdom
4791,15491,United Kingdom
4792,16617,United Kingdom
4793,15508,United Kingdom
4794,15594,United Kingdom
4795,13376,United Kingdom
4796,16633,United Kingdom
4797,15225,United Kingdom
4798,15436,United Kingdom
4799,15517,United Kingdom
4800,17120,United Kingdom
4801,12506,France
4802,14759,United Kingdom
4803,13505,Switzerland
4804,13389,United Kingdom
4805,12354,Spain
4806,17061,United Kingdom
4807,17630,United Kingdom
4808,16587,United Kingdom
4809,12622,Germany
4810,16750,United Kingdom
4811,17670,United Kingdom
4812,15108,European Community
4813,16942,United Kingdom
4814,15237,United Kingdom
4815,16965,United Kingdom
4816,15891,United Kingdom
4817,13637,United Kingdom
4818,16637,United Kingdom
4819,13229,United Kingdom
4820,14973,United Kingdom
4821,15952,United Kingdom
4822,17893,United Kingdom
4823,16370,United Kingdom
4824,15376,United Kingdom
4825,16055,United Kingdom
4826,14149,United Kingdom
4827,17501,United Kingdom
4828,15582,United Kingdom
4829,16230,United Kingdom
4830,18146,United Kingdom
4831,17443,Canada
4832,12886,United Kingdom
4833,13524,United Kingdom
4834,16610,United Kingdom
4835,17394,United Kingdom
4836,14948,United Kingdom
4837,12593,France
4838,14340,United Kingdom
4839,16457,United Kingdom
4840,17527,United Kingdom
4841,14697,United Kingdom
4842,17522,United Kingdom
4843,13867,United Kingdom
4844,14393,United Kingdom
4845,15668,United Kingdom
4846,16319,United Kingdom
4847,17174,United Kingdom
4848,18235,United Kingdom
4849,13741,United Kingdom
4850,12394,Belgium
4851,15258,United Kingdom
4852,14005,United Kingdom
4853,18142,United Kingdom
4854,17410,United Kingdom
4855,12700,France
4856,13003,United Kingdom
4857,13492,Switzerland
4858,18120,United Kingdom
4859,14397,United Kingdom
4860,12684,France
4861,14288,United Kingdom
4862,15063,United Kingdom
4863,14591,United Kingdom
4864,13990,United Kingdom
4865,14691,United Kingdom
4866,17489,United Kingdom
4867,13404,United Kingdom
4868,16644,United Kingdom
4869,14731,United Kingdom
4870,15187,United Kingdom
4871,18133,United Kingdom
4872,13235,United Kingdom
4873,14883,United Kingdom
4874,16116,United Kingdom
4875,14364,United Kingdom
4876,16184,United Kingdom
4877,17932,United Kingdom
4878,17658,United Kingdom
4879,12757,Portugal
4880,17970,United Kingdom
4881,15907,United Kingdom
4882,14689,United Kingdom
4883,15440,United Kingdom
4884,16076,United Kingdom
4885,15333,United Kingdom
4886,17263,United Kingdom
4887,16877,United Kingdom
4888,12674,France
4889,14888,United Kingdom
4890,13456,United Kingdom
4891,12690,France
4892,16446,United Kingdom
4893,16818,United Kingdom
4894,13572,United Kingdom
4895,15116,United Kingdom
4896,13529,United Kingdom
4897,12620,France
4898,16813,United Kingdom
4899,16463,United Kingdom
4900,13887,United Kingdom
4901,17166,United Kingdom
4902,13391,United Kingdom
4903,17455,United Kingdom
4904,18150,United Kingdom
4905,16038,United Kingdom
4906,13972,United Kingdom
4907,13227,United Kingdom
4908,13657,United Kingdom
4909,14921,United Kingdom
4910,12710,Germany
4911,15292,United Kingdom
4912,15705,United Kingdom
4913,13339,United Kingdom
4914,13885,United Kingdom
4915,13737,United Kingdom
4916,16091,United Kingdom
4917,15804,United Kingdom
4918,14287,United Kingdom
4919,14705,United Kingdom
4920,12815,Poland
4921,14816,United Kingdom
4922,16624,United Kingdom
4923,12493,France
4924,18232,United Kingdom
4925,18073,United Kingdom
4926,14280,United Kingdom
4927,14823,United Kingdom
4928,15897,United Kingdom
4929,15925,United Kingdom
4930,16483,United Kingdom
4931,15163,United Kingdom
4932,18204,United Kingdom
4933,12473,Germany
4934,16969,United Kingdom
4935,13917,United Kingdom
4936,13062,United Kingdom
4937,16484,United Kingdom
4938,14453,United Kingdom
4939,17900,United Kingdom
4940,13437,United Kingdom
4941,12517,Germany
4942,14500,United Kingdom
4943,13248,United Kingdom
4944,16967,United Kingdom
4945,16659,United Kingdom
4946,16682,United Kingdom
4947,15453,United Kingdom
4948,16963,United Kingdom
4949,13682,United Kingdom
4950,15349,United Kingdom
4951,16849,United Kingdom
4952,12535,France
4953,18248,United Kingdom
4954,15386,United Kingdom
4955,17252,United Kingdom
4956,14542,United Kingdom
4957,18072,United Kingdom
4958,17015,United Kingdom
4959,17124,United Kingdom
4960,17828,Malta
4961,15743,United Kingdom
4962,14622,United Kingdom
4963,15609,United Kingdom
4964,14561,United Kingdom
4965,15238,United Kingdom
4966,14132,United Kingdom
4967,16113,United Kingdom
4968,16107,United Kingdom
4969,15679,United Kingdom
4970,16581,United Kingdom
4971,15267,United Kingdom
4972,17234,United Kingdom
4973,15411,United Kingdom
4974,14178,United Kingdom
4975,15098,United Kingdom
4976,17265,United Kingdom
4977,13517,United Kingdom
4978,16342,United Kingdom
4979,12732,France
4980,15036,United Kingdom
4981,15069,United Kingdom
4982,14503,United Kingdom
4983,13343,United Kingdom
4984,12624,France
4985,18165,United Kingdom
4986,16324,United Kingdom
4987,14222,United Kingdom
4988,15585,United Kingdom
4989,16257,United Kingdom
4990,12816,Poland
4991,13826,United Kingdom
4992,13575,United Kingdom
4993,16852,United Kingdom
4994,15014,United Kingdom
4995,14765,United Kingdom
4996,16869,United Kingdom
4997,15909,United Kingdom
4998,13618,United Kingdom
4999,17879,United Kingdom
5000,17562,United Kingdom
5001,15334,United Kingdom
5002,13568,United Kingdom
5003,16744,United Kingdom
5004,15700,United Kingdom
5005,17444,Canada
5006,15840,United Kingdom
5007,14808,United Kingdom
5008,12904,United Kingdom
5009,15825,United Kingdom
5010,12432,Norway
5011,12830,United Kingdom
5012,15507,United Kingdom
5013,12930,United Kingdom
5014,14960,United Kingdom
5015,12444,Norway
5016,15412,United Kingdom
5017,16114,United Kingdom
5018,13420,United Kingdom
5019,17877,United Kingdom
5020,16247,United Kingdom
5021,12919,United Kingdom
5022,15130,United Kingdom
5023,12704,Finland
5024,17370,United Kingdom
5025,12465,Belgium
5026,12697,Sweden
5027,13791,United Kingdom
5028,14795,United Kingdom
5029,12548,Spain
5030,16671,United Kingdom
5031,14351,United Kingdom
5032,17391,United Kingdom
5033,17750,United Kingdom
5034,17997,United Kingdom
5035,14383,United Kingdom
5036,15537,United Kingdom
5037,17837,United Kingdom
5038,15578,United Kingdom
5039,16498,United Kingdom
5040,17891,United Kingdom
5041,16866,United Kingdom
5042,13730,United Kingdom
5043,12922,United Kingdom
5044,16009,United Kingdom
5045,17939,United Kingdom
5046,17312,United Kingdom
5047,17899,United Kingdom
5048,15007,United Kingdom
5049,18265,United Kingdom
5050,17024,United Kingdom
5051,14034,United Kingdom
5052,16616,United Kingdom
5053,16338,United Kingdom
5054,14002,United Kingdom
5055,16929,United Kingdom
5056,17892,United Kingdom
5057,15505,United Kingdom
5058,18013,United Kingdom
5059,13681,United Kingdom
5060,13486,United Kingdom
5061,12461,Switzerland
5062,18121,United Kingdom
5063,18024,United Kingdom
5064,15467,United Kingdom
5065,13678,United Kingdom
5066,13058,United Kingdom
5067,12556,Spain
5068,13224,United Kingdom
5069,16989,United Kingdom
5070,18122,United Kingdom
5071,12722,France
5072,17405,United Kingdom
5073,13311,United Kingdom
5074,15895,United Kingdom
5075,13667,United Kingdom
5076,12405,Finland
5077,14862,United Kingdom
5078,16488,United Kingdom
5079,13933,United Kingdom
5080,15839,United Kingdom
5081,13994,United Kingdom
5082,17554,United Kingdom
5083,17948,United Kingdom
5084,15004,United Kingdom
5085,13507,United Kingdom
5086,12833,United Kingdom
5087,16474,United Kingdom
5088,16762,United Kingdom
5089,13940,United Kingdom
5090,14029,United Kingdom
5091,14117,United Kingdom
5092,17779,United Kingdom
5093,13991,United Kingdom
5094,13827,United Kingdom
5095,12560,Germany
5096,16764,United Kingdom
5097,18180,United Kingdom
5098,12521,Germany
5099,17229,United Kingdom
5100,14456,United Kingdom
5101,16464,United Kingdom
5102,18143,United Kingdom
5103,14259,United Kingdom
5104,14517,United Kingdom
5105,16041,United Kingdom
5106,15829,United Kingdom
5107,15232,United Kingdom
5108,12438,Norway
5109,12627,Germany
5110,13563,United Kingdom
5111,16305,United Kingdom
5112,17724,United Kingdom
5113,13116,United Kingdom
5114,14019,United Kingdom
5115,14100,United Kingdom
5116,16557,United Kingdom
5117,16364,United Kingdom
5118,17693,United Kingdom
5119,15618,United Kingdom
5120,13930,United Kingdom
5121,13379,United Kingdom
5122,14305,United Kingdom
5123,12397,Belgium
5124,14331,United Kingdom
5125,13925,United Kingdom
5126,18237,United Kingdom
5127,12453,Austria
5128,15118,United Kingdom
5129,15746,United Kingdom
5130,12743,Unspecified
5131,15942,United Kingdom
5132,15120,United Kingdom
5133,14143,United Kingdom
5134,18081,United Kingdom
5135,14511,United Kingdom
5136,12716,France
5137,15776,United Kingdom
5138,12981,United Kingdom
5139,13928,United Kingdom
5140,15438,United Kingdom
5141,17173,United Kingdom
5142,17053,United Kingdom
5143,12534,Germany
5144,14567,United Kingdom
5145,14937,Channel Islands
5146,12828,United Kingdom
5147,15342,United Kingdom
5148,13075,United Kingdom
5149,17788,United Kingdom
5150,13850,United Kingdom
5151,14076,United Kingdom
5152,13805,United Kingdom
5153,17887,United Kingdom
5154,13186,United Kingdom
5155,12750,Poland
5156,17656,United Kingdom
5157,16102,United Kingdom
5158,15089,United Kingdom
5159,12689,France
5160,14768,United Kingdom
5161,18099,United Kingdom
5162,15205,United Kingdom
5163,13218,United Kingdom
5164,17267,United Kingdom
5165,16302,United Kingdom
5166,14720,United Kingdom
5167,18282,United Kingdom
5168,12610,Italy
5169,13200,United Kingdom
5170,14079,United Kingdom
5171,16066,United Kingdom
5172,12885,United Kingdom
5173,17331,United Kingdom
5174,13016,United Kingdom
5175,13355,United Kingdom
5176,12384,Switzerland
5177,12571,France
5178,14116,United Kingdom
5179,17653,United Kingdom
5180,13645,United Kingdom
5181,12381,Norway
5182,14406,United Kingdom
5183,14658,United Kingdom
5184,13621,United Kingdom
5185,16272,United Kingdom
5186,16902,United Kingdom
5187,15706,United Kingdom
5188,15315,United Kingdom
5189,15653,United Kingdom
5190,13159,United Kingdom
5191,13189,United Kingdom
5192,17637,United Kingdom
5193,12641,Sweden
5194,13470,United Kingdom
5195,15541,United Kingdom
5196,16734,United Kingdom
5197,16706,United Kingdom
5198,12688,Israel
5199,12729,France
5200,12962,United Kingdom
5201,13273,United Kingdom
5202,17736,United Kingdom
5203,15472,United Kingdom
5204,12680,France
5205,16582,United Kingdom
5206,17747,United Kingdom
5207,12513,France
5208,16828,United Kingdom
5209,14772,United Kingdom
5210,12364,Belgium
5211,12968,United Kingdom
5212,15701,United Kingdom
5213,12518,Germany
5214,14529,United Kingdom
5215,16536,United Kingdom
5216,15313,United Kingdom
5217,15801,United Kingdom
5218,14387,United Kingdom
5219,17073,United Kingdom
5220,18147,United Kingdom
5221,14523,United Kingdom
5222,14418,United Kingdom
5223,12642,Germany
5224,16968,United Kingdom
5225,13411,United Kingdom
5226,13236,United Kingdom
5227,14196,United Kingdom
5228,15263,United Kingdom
5229,16093,United Kingdom
5230,17844,Canada
5231,14050,United Kingdom
5232,16429,United Kingdom
5233,12715,Sweden
5234,15663,United Kingdom
5235,18200,United Kingdom
5236,18167,United Kingdom
5237,13644,United Kingdom
5238,17451,United Kingdom
5239,13812,Germany
5240,14141,United Kingdom
5241,17183,United Kingdom
5242,14096,United Kingdom
5243,12814,Poland
5244,15866,United Kingdom
5245,14660,United Kingdom
5246,13726,United Kingdom
5247,15690,United Kingdom
5248,17777,United Kingdom
5249,12436,Norway
5250,13147,United Kingdom
5251,13099,United Kingdom
5252,18027,United Kingdom
5253,12794,Portugal
5254,12832,United Kingdom
5255,16674,United Kingdom
5256,12375,Finland
5257,16173,United Kingdom
5258,16761,United Kingdom
5259,14067,United Kingdom
5260,13808,United Kingdom
5261,14335,Germany
5262,14965,United Kingdom
5263,15136,United Kingdom
5264,16629,United Kingdom
5265,18261,United Kingdom
5266,15307,United Kingdom
5267,16820,United Kingdom
5268,13949,United Kingdom
5269,14360,United Kingdom
5270,12526,Germany
5271,13130,United Kingdom
5272,13210,United Kingdom
5273,17481,United Kingdom
5274,12685,France
5275,17573,United Kingdom
5276,18222,United Kingdom
5277,13244,United Kingdom
5278,12879,United Kingdom
5279,16603,United Kingdom
5280,16910,United Kingdom
5281,15035,United Kingdom
5282,13272,United Kingdom
5283,17317,United Kingdom
5284,13372,United Kingdom
5285,14250,United Kingdom
5286,16796,United Kingdom
5287,14432,United Kingdom
5288,12883,United Kingdom
5289,12965,United Kingdom
5290,15533,United Kingdom
5291,18158,United Kingdom
5292,12884,United Kingdom
5293,16360,United Kingdom
5294,13704,United Kingdom
5295,14359,United Kingdom
5296,12940,United Kingdom
5297,15522,United Kingdom
5298,17037,United Kingdom
5299,12822,United Kingdom
5300,15343,United Kingdom
5301,16959,United Kingdom
5302,12895,United Kingdom
5303,13860,United Kingdom
5304,12756,Japan
5305,15933,United Kingdom
5306,17347,United Kingdom
5307,15103,United Kingdom
5308,15707,United Kingdom
5309,13430,United Kingdom
5310,12566,Germany
5311,13321,United Kingdom
5312,17333,United Kingdom
5313,13518,United Kingdom
5314,16160,United Kingdom
5315,17434,United Kingdom
5316,15511,United Kingdom
5317,16189,United Kingdom
5318,15417,United Kingdom
5319,12995,United Kingdom
5320,14557,United Kingdom
5321,17144,United Kingdom
5322,16924,United Kingdom
5323,15099,United Kingdom
5324,13323,United Kingdom
5325,14124,United Kingdom
5326,15975,United Kingdom
5327,16878,United Kingdom
5328,15947,United Kingdom
5329,13247,United Kingdom
5330,16689,United Kingdom
5331,16438,United Kingdom
5332,16460,United Kingdom
5333,13325,United Kingdom
5334,12640,France
5335,13774,United Kingdom
5336,12752,Norway
5337,15500,United Kingdom
5338,13228,United Kingdom
5339,14356,United Kingdom
5340,17628,United Kingdom
5341,16215,United Kingdom
5342,14164,United Kingdom
5343,17564,United Kingdom
5344,13356,United Kingdom
5345,12390,Belgium
5346,18228,United Kingdom
5347,17415,United Kingdom
5348,13350,United Kingdom
5349,12550,Spain
5350,16627,United Kingdom
5351,17475,United Kingdom
5352,14951,United Kingdom
5353,14780,United Kingdom
5354,14887,United Kingdom
5355,15399,United Kingdom
5356,17466,United Kingdom
5357,16379,United Kingdom
5358,15239,United Kingdom
5359,16213,United Kingdom
5360,14261,United Kingdom
5361,12657,France
5362,12936,United Kingdom
5363,16236,United Kingdom
5364,16669,United Kingdom
5365,15398,United Kingdom
5366,12906,United Kingdom
5367,17079,United Kingdom
5368,14125,United Kingdom
5369,12952,United Kingdom
5370,12579,France
5371,13279,United Kingdom
5372,12546,Spain
5373,15744,United Kingdom
5374,13127,United Kingdom
5375,15763,United Kingdom
5376,15075,United Kingdom
5377,16240,United Kingdom
5378,13336,United Kingdom
5379,14652,United Kingdom
5380,15762,United Kingdom
5381,15475,United Kingdom
5382,12488,France
5383,16169,United Kingdom
5384,17506,United Kingdom
5385,16480,United Kingdom
5386,17498,United Kingdom
5387,17131,United Kingdom
5388,13536,United Kingdom
5389,17154,United Kingdom
5390,15429,United Kingdom
5391,16594,United Kingdom
5392,14757,United Kingdom
5393,13670,United Kingdom
5394,12783,Portugal
5395,13429,United Kingdom
5396,13390,United Kingdom
5397,18205,United Kingdom
5398,15492,United Kingdom
5399,15344,United Kingdom
5400,13866,United Kingdom
5401,12612,Germany
5402,16999,United Kingdom
5403,13314,United Kingdom
5404,16181,United Kingdom
5405,15568,United Kingdom
5406,14109,United Kingdom
5407,16157,United Kingdom
5408,15348,United Kingdom
5409,13924,United Kingdom
5410,14434,United Kingdom
5411,13061,United Kingdom
5412,16909,United Kingdom
5413,18192,United Kingdom
5414,17447,United Kingdom
5415,17427,United Kingdom
5416,15175,United Kingdom
5417,13960,United Kingdom
5418,17528,United Kingdom
5419,16361,United Kingdom
5420,13886,United Kingdom
5421,13354,United Kingdom
5422,16653,United Kingdom
5423,13759,United Kingdom
5424,17813,United Kingdom
5425,12718,France
5426,15949,United Kingdom
5427,13364,United Kingdom
5428,16268,United Kingdom
5429,15565,United Kingdom
5430,13954,United Kingdom
5431,15593,United Kingdom
5432,13095,United Kingdom
5433,13347,United Kingdom
5434,15185,United Kingdom
5435,16613,United Kingdom
5436,16591,United Kingdom
5437,13558,United Kingdom
5438,16930,United Kingdom
5439,16533,United Kingdom
5440,18059,United Kingdom
5441,14488,United Kingdom
5442,16747,United Kingdom
5443,14333,United Kingdom
5444,14815,United Kingdom
5445,15088,United Kingdom
5446,15930,United Kingdom
5447,13801,United Kingdom
5448,16881,United Kingdom
5449,17014,United Kingdom
5450,14184,United Kingdom
5451,13351,United Kingdom
5452,15739,United Kingdom
5453,12512,Israel
5454,17957,United Kingdom
5455,16106,United Kingdom
5456,13483,United Kingdom
5457,16478,United Kingdom
5458,16020,United Kingdom
5459,16803,United Kingdom
5460,13947,United Kingdom
5461,16758,United Kingdom
5462,12719,France
5463,14054,United Kingdom
5464,12723,France
5465,18033,United Kingdom
5466,13845,United Kingdom
5467,12628,Germany
5468,14317,United Kingdom
5469,16295,United Kingdom
5470,17295,United Kingdom
5471,13504,United Kingdom
5472,13422,United Kingdom
5473,16432,United Kingdom
5474,13816,Germany
5475,14518,United Kingdom
5476,13882,United Kingdom
5477,15937,United Kingdom
5478,17453,United Kingdom
5479,15300,United Kingdom
5480,13348,United Kingdom
5481,14592,United Kingdom
5482,14792,United Kingdom
5483,17030,United Kingdom
5484,12420,Cyprus
5485,14138,United Kingdom
5486,15297,United Kingdom
5487,13876,United Kingdom
5488,12740,France
5489,17086,United Kingdom
5490,13806,United Kingdom
5491,12856,United Kingdom
5492,13419,United Kingdom
5493,17509,United Kingdom
5494,16900,United Kingdom
5495,13755,United Kingdom
5496,16248,United Kingdom
5497,15612,United Kingdom
5498,15787,United Kingdom
5499,13260,United Kingdom
5500,15821,United Kingdom
5501,18088,United Kingdom
5502,16685,United Kingdom
5503,13193,United Kingdom
5504,13212,United Kingdom
5505,14801,United Kingdom
5506,16380,United Kingdom
5507,15193,United Kingdom
5508,14027,United Kingdom
5509,16179,United Kingdom
5510,17425,United Kingdom
5511,18169,United Kingdom
5512,18126,United Kingdom
5513,16688,United Kingdom
5514,16982,United Kingdom
5515,15330,United Kingdom
5516,17186,United Kingdom
5517,13685,United Kingdom
5518,13352,United Kingdom
5519,15553,United Kingdom
5520,12607,USA
5521,17459,United Kingdom
5522,12772,Portugal
5523,16561,United Kingdom
5524,14121,United Kingdom
5525,17119,United Kingdom
5526,17620,United Kingdom
5527,12824,United Kingdom
5528,16171,United Kingdom
5529,12536,France
5530,13690,United Kingdom
5531,14642,United Kingdom
5532,12602,France
5533,16753,United Kingdom
5534,17737,United Kingdom
5535,12667,Finland
5536,12498,Germany
5537,17279,United Kingdom
5538,14251,United Kingdom
5539,12446,RSA
5540,14234,United Kingdom
5541,13853,United Kingdom
5542,16793,United Kingdom
5543,18130,United Kingdom
5544,17614,United Kingdom
5545,13858,United Kingdom
5546,14856,United Kingdom
5547,14089,United Kingdom
5548,13810,Germany
5549,13006,United Kingdom
5550,17986,United Kingdom
5551,14910,United Kingdom
5552,16243,United Kingdom
5553,14547,United Kingdom
5554,16052,United Kingdom
5555,15113,United Kingdom
5556,17520,United Kingdom
5557,13923,United Kingdom
5558,15335,United Kingdom
5559,17206,United Kingdom
5560,15066,United Kingdom
5561,16363,United Kingdom
5562,14830,United Kingdom
5563,15355,United Kingdom
5564,14015,United Kingdom
5565,15327,United Kingdom
5566,14554,United Kingdom
5567,12611,Italy
5568,14179,United Kingdom
5569,15604,United Kingdom
5570,12572,Germany
5571,16123,United Kingdom
5572,16851,United Kingdom
5573,17148,United Kingdom
5574,17549,United Kingdom
5575,17973,United Kingdom
5576,15610,United Kingdom
5577,15853,United Kingdom
5578,18019,United Kingdom
5579,14698,United Kingdom
5580,16826,United Kingdom
5581,17824,United Kingdom
5582,12522,Germany
5583,16260,United Kingdom
5584,14638,United Kingdom
5585,14923,United Kingdom
5586,13366,United Kingdom
5587,17125,United Kingdom
5588,15836,United Kingdom
5589,16313,United Kingdom
5590,13460,United Kingdom
5591,15286,United Kingdom
5592,17832,United Kingdom
5593,12646,USA
5594,16015,United Kingdom
5595,16311,United Kingdom
5596,15740,United Kingdom
5597,15000,United Kingdom
5598,13471,United Kingdom
5599,18005,United Kingdom
5600,15427,United Kingdom
5601,17836,United Kingdom
5602,14629,United Kingdom
5603,15592,United Kingdom
5604,15516,United Kingdom
5605,14764,United Kingdom
5606,18240,United Kingdom
5607,15844,United Kingdom
5608,13176,United Kingdom
5609,12398,Switzerland
5610,15345,United Kingdom
5611,16708,United Kingdom
5612,15963,United Kingdom
5613,18045,United Kingdom
5614,13182,United Kingdom
5615,13028,United Kingdom
5616,13978,United Kingdom
5617,16056,United Kingdom
5618,12812,Japan
5619,14539,United Kingdom
5620,17712,United Kingdom
5621,14102,United Kingdom
5622,15320,United Kingdom
5623,12448,Spain
5624,12827,United Kingdom
5625,15993,United Kingdom
5626,17895,United Kingdom
5627,12630,Finland
5628,17684,United Kingdom
5629,14752,United Kingdom
5630,14971,United Kingdom
5631,16026,United Kingdom
5632,16513,United Kingdom
5633,12430,Norway
5634,14357,United Kingdom
5635,16855,United Kingdom
5636,16164,United Kingdom
5637,14218,United Kingdom
5638,15096,United Kingdom
5639,18030,United Kingdom
5640,14416,United Kingdom
5641,17839,United Kingdom
5642,12912,United Kingdom
5643,14582,United Kingdom
5644,16079,United Kingdom
5645,17590,United Kingdom
5646,15054,United Kingdom
5647,14158,United Kingdom
5648,16506,United Kingdom
5649,13822,United Kingdom
5650,18067,United Kingdom
5651,15444,United Kingdom
5652,12581,Germany
5653,15360,United Kingdom
5654,15667,United Kingdom
5655,12552,Italy
5656,15977,United Kingdom
5657,13697,United Kingdom
5658,14345,United Kingdom
5659,17503,United Kingdom
5660,12491,France
5661,14485,United Kingdom
5662,13868,United Kingdom
5663,17668,United Kingdom
5664,16971,United Kingdom
5665,16352,United Kingdom
5666,15830,United Kingdom
5667,15275,United Kingdom
5668,16790,United Kingdom
5669,15576,United Kingdom
5670,18105,United Kingdom
5671,18164,United Kingdom
5672,14974,United Kingdom
5673,17947,United Kingdom
5674,13318,United Kingdom
5675,18104,United Kingdom
5676,13271,United Kingdom
5677,17595,United Kingdom
5678,14528,United Kingdom
5679,16337,United Kingdom
5680,14098,United Kingdom
5681,16322,United Kingdom
5682,16914,United Kingdom
5683,12544,Spain
5684,13914,United Kingdom
5685,13467,United Kingdom
5686,17078,United Kingdom
5687,13447,United Kingdom
5688,15010,United Kingdom
5689,16318,United Kingdom
5690,13938,United Kingdom
5691,15017,United Kingdom
5692,12882,United Kingdom
5693,17387,United Kingdom
5694,13532,United Kingdom
5695,15156,United Kingdom
5696,14174,United Kingdom
5697,13040,United Kingdom
5698,15883,United Kingdom
5699,14664,United Kingdom
5700,15526,United Kingdom
5701,17831,United Kingdom
5702,17761,United Kingdom
5703,13673,United Kingdom
5704,14073,United Kingdom
5705,16070,United Kingdom
5706,13066,United Kingdom
5707,14140,United Kingdom
5708,16505,United Kingdom
5709,17313,United Kingdom
5710,18216,United Kingdom
5711,15153,United Kingdom
5712,16759,United Kingdom
5713,16751,United Kingdom
5714,12893,United Kingdom
5715,14836,United Kingdom
5716,12532,France
5717,16516,United Kingdom
5718,13522,United Kingdom
5719,14354,United Kingdom
5720,16953,United Kingdom
5721,18274,United Kingdom
5722,15450,United Kingdom
5723,15531,United Kingdom
5724,17500,United Kingdom
5725,17197,United Kingdom
5726,16025,United Kingdom
5727,12659,France
5728,17461,United Kingdom
5729,17791,United Kingdom
5730,15463,United Kingdom
5731,12617,France
5732,14863,United Kingdom
5733,12508,France
5734,17502,United Kingdom
5735,14789,United Kingdom
5736,18209,United Kingdom
5737,12985,United Kingdom
5738,15557,United Kingdom
5739,15692,United Kingdom
5740,17052,United Kingdom
5741,18014,United Kingdom
5742,13732,United Kingdom
5743,14661,United Kingdom
5744,13170,United Kingdom
5745,15654,United Kingdom
5746,13146,United Kingdom
5747,13603,United Kingdom
5748,12938,United Kingdom
5749,15168,United Kingdom
5750,17538,United Kingdom
5751,18082,United Kingdom
5752,18117,United Kingdom
5753,17566,United Kingdom
5754,16207,United Kingdom
5755,12762,Portugal
5756,17793,United Kingdom
5757,16504,United Kingdom
5758,15009,United Kingdom
5759,16423,United Kingdom
5760,15419,United Kingdom
5761,15758,United Kingdom
5762,14666,United Kingdom
5763,17153,United Kingdom
5764,12950,United Kingdom
5765,15556,United Kingdom
5766,17357,United Kingdom
5767,13449,United Kingdom
5768,14385,United Kingdom
5769,13926,United Kingdom
5770,17896,United Kingdom
5771,17835,United Kingdom
5772,15657,United Kingdom
5773,13160,United Kingdom
5774,17985,United Kingdom
5775,14362,United Kingdom
5776,13828,United Kingdom
5777,15435,United Kingdom
5778,14641,United Kingdom
5779,12603,Germany
5780,12618,Italy
5781,15621,United Kingdom
5782,17904,United Kingdom
5783,17650,United Kingdom
5784,12702,Germany
5785,14881,United Kingdom
5786,17523,United Kingdom
5787,14950,United Kingdom
5788,14860,United Kingdom
5789,17636,United Kingdom
5790,13142,United Kingdom
5791,14300,United Kingdom
5792,12658,Germany
5793,12795,Portugal
5794,15567,United Kingdom
5795,12984,United Kingdom
5796,17253,United Kingdom
5797,18139,United Kingdom
5798,15274,United Kingdom
5799,17010,United Kingdom
5800,17100,United Kingdom
5801,15699,United Kingdom
5802,16956,United Kingdom
5803,17600,United Kingdom
5804,15877,United Kingdom
5805,14424,United Kingdom
5806,13322,United Kingdom
5807,17297,United Kingdom
5808,13986,United Kingdom
5809,18249,United Kingdom
5810,16376,United Kingdom
5811,16811,United Kingdom
5812,12452,Switzerland
5813,13638,United Kingdom
5814,16482,United Kingdom
5815,14785,United Kingdom
5816,15725,United Kingdom
5817,17247,United Kingdom
5818,18184,United Kingdom
5819,17727,United Kingdom
5820,14703,United Kingdom
5821,17385,United Kingdom
5822,17232,United Kingdom
5823,13332,United Kingdom
5824,14946,United Kingdom
5825,13596,United Kingdom
5826,17885,United Kingdom
5827,14093,United Kingdom
5828,15721,United Kingdom
5829,13844,United Kingdom
5830,12660,France
5831,12479,Germany
5832,17379,United Kingdom
5833,16800,United Kingdom
5834,17806,United Kingdom
5835,13188,United Kingdom
5836,13349,United Kingdom
5837,15619,United Kingdom
5838,15148,United Kingdom
5839,14601,United Kingdom
5840,15783,United Kingdom
5841,16479,United Kingdom
5842,15790,United Kingdom
5843,13521,United Kingdom
5844,14349,United Kingdom
5845,12966,United Kingdom
5846,15060,United Kingdom
5847,17911,United Kingdom
5848,14804,United Kingdom
5849,15904,United Kingdom
5850,16789,United Kingdom
5851,12558,USA
5852,17942,United Kingdom
5853,12587,Finland
5854,13560,United Kingdom
5855,15539,United Kingdom
5856,13017,United Kingdom
5857,13153,United Kingdom
5858,17936,United Kingdom
5859,18015,United Kingdom
5860,16597,United Kingdom
5861,13790,United Kingdom
5862,12367,Denmark
5863,12478,Greece
5864,15318,United Kingdom
5865,17914,United Kingdom
5866,16528,United Kingdom
5867,12442,Spain
5868,12650,France
5869,14578,United Kingdom
5870,16000,United Kingdom
5871,15195,United Kingdom
5872,13436,United Kingdom
5873,15520,United Kingdom
5874,13298,United Kingdom
5875,12713,Germany
